mtllib model_0.mtl
o model_0
v 27.015256881713867 -46.81532669067383 0.755299985408783 
v 27.015256881713867 -46.81532669067383 3.016636848449707 
v -32.03907775878906 -46.81532669067383 0.755299985408783 
v -32.03907775878906 -46.81532669067383 3.016636848449707 
v 27.015256881713867 -46.81532669067383 3.016636848449707 
v 27.015256881713867 -46.81532669067383 0.755299985408783 
v 27.015256881713867 31.925838470458984 3.016636848449707 
v 27.015256881713867 31.925838470458984 0.755299985408783 
v -6.320143699645996 -6.08069372177124 2.6785550117492676 
v 1.8191357851028442 -6.08069372177124 2.6785550117492676 
v -7.193482398986816 0.7694113254547119 2.6785550117492676 
v 1.8191357851028442 0.7694113254547119 2.6785550117492676 
v 21.509855270385742 -4.170243740081787 3.4100067615509033 
v 21.509855270385742 -4.170243740081787 3.3578944206237793 
v 21.575206756591797 -4.105350971221924 3.4100067615509033 
v 21.575206756591797 -4.105350971221924 3.3578944206237793 
v 21.59897232055664 -4.017096519470215 3.4100067615509033 
v 21.59897232055664 -4.017096519470215 3.3578944206237793 
v 21.575206756591797 -3.9288418292999268 3.4100067615509033 
v 21.575206756591797 -3.9288418292999268 3.3578944206237793 
v 21.509855270385742 -3.8639488220214844 3.4100067615509033 
v 21.509855270385742 -3.8639488220214844 3.3578944206237793 
v 21.422719955444336 -3.8405873775482178 3.4100067615509033 
v 21.422719955444336 -3.8405873775482178 3.3578944206237793 
v 21.333602905273438 -3.8639488220214844 3.4100067615509033 
v 21.333602905273438 -3.8639488220214844 3.3578944206237793 
v 21.270231246948242 -3.9288418292999268 3.4100067615509033 
v 21.270231246948242 -3.9288418292999268 3.3578944206237793 
v 21.24646759033203 -4.017096519470215 3.4100067615509033 
v 21.24646759033203 -4.017096519470215 3.3578944206237793 
v 21.270231246948242 -4.105350971221924 3.4100067615509033 
v 21.270231246948242 -4.105350971221924 3.3578944206237793 
v 21.333602905273438 -4.170243740081787 3.4100067615509033 
v 21.333602905273438 -4.170243740081787 3.3578944206237793 
v 21.422719955444336 -4.193605422973633 3.4100067615509033 
v 21.422719955444336 -4.193605422973633 3.3578944206237793 
v 21.509855270385742 -4.170243740081787 3.4100067615509033 
v 21.509855270385742 -4.170243740081787 3.3578944206237793 
v 21.492033004760742 -4.139095306396484 3.2923567295074463 
v 21.543521881103516 -4.0871806144714355 3.2923567295074463 
v 21.561344146728516 -4.017096519470215 3.2923567295074463 
v 21.543521881103516 -3.9496076107025146 3.2923567295074463 
v 21.492033004760742 -3.897693157196045 3.2923567295074463 
v 21.422719955444336 -3.879523277282715 3.2923567295074463 
v 21.35340690612793 -3.897693157196045 3.2923567295074463 
v 21.301918029785156 -3.9496076107025146 3.2923567295074463 
v 21.284093856811523 -4.017096519470215 3.2923567295074463 
v 21.301918029785156 -4.0871806144714355 3.2923567295074463 
v 21.35340690612793 -4.139095306396484 3.2923567295074463 
v 21.422719955444336 -4.1572651863098145 3.2923567295074463 
v 21.492033004760742 -4.139095306396484 3.2923567295074463 
v -18.699373245239258 23.72595977783203 3.535452127456665 
v -18.677589416503906 23.814212799072266 3.535452127456665 
v -18.764726638793945 23.66106605529785 3.535452127456665 
v -18.85384178161621 23.637704849243164 3.535452127456665 
v -18.940977096557617 23.66106605529785 3.535452127456665 
v -19.006330490112305 23.72595977783203 3.535452127456665 
v -19.030094146728516 23.814212799072266 3.535452127456665 
v -19.006330490112305 23.902467727661133 3.535452127456665 
v -18.940977096557617 23.967361450195312 3.535452127456665 
v -18.85384178161621 23.99072265625 3.535452127456665 
v -18.764726638793945 23.967361450195312 3.535452127456665 
v -18.699373245239258 23.902467727661133 3.535452127456665 
v 21.62273597717285 -35.5213508605957 2.928579568862915 
v 21.656402587890625 -35.581050872802734 2.8939342498779297 
v 21.672245025634766 -35.47203063964844 2.928579568862915 
v 21.73165512084961 -35.505775451660156 2.8939342498779297 
v 21.692049026489258 -35.401947021484375 2.928579568862915 
v 21.757400512695312 -35.401947021484375 2.8939342498779297 
v 21.672245025634766 -35.33186340332031 2.928579568862915 
v 21.73165512084961 -35.298118591308594 2.8939342498779297 
v 21.62273597717285 -35.28254318237305 2.928579568862915 
v 21.656402587890625 -35.222843170166016 2.8939342498779297 
v 21.553422927856445 -35.264373779296875 2.928579568862915 
v 21.553422927856445 -35.19688415527344 2.8939342498779297 
v 21.48410987854004 -35.28254318237305 2.928579568862915 
v 21.4504451751709 -35.222843170166016 2.8939342498779297 
v 21.432621002197266 -35.33186340332031 2.928579568862915 
v 21.37519073486328 -35.298118591308594 2.8939342498779297 
v 21.414798736572266 -35.401947021484375 2.928579568862915 
v 21.34746551513672 -35.401947021484375 2.8939342498779297 
v 21.432621002197266 -35.47203063964844 2.928579568862915 
v 21.37519073486328 -35.505775451660156 2.8939342498779297 
v 21.48410987854004 -35.5213508605957 2.928579568862915 
v 21.4504451751709 -35.581050872802734 2.8939342498779297 
v 21.553422927856445 -35.5421142578125 2.928579568862915 
v 21.553422927856445 -35.60700988769531 2.8939342498779297 
v 21.62273597717285 -35.5213508605957 2.928579568862915 
v 21.656402587890625 -35.581050872802734 2.8939342498779297 
v 21.674224853515625 -35.61479568481445 2.8473072052001953 
v 21.763341903686523 -35.52394485473633 2.8473072052001953 
v 21.797006607055664 -35.401947021484375 2.8473072052001953 
v 21.763341903686523 -35.27994918823242 2.8473072052001953 
v 21.674224853515625 -35.19169235229492 2.8473072052001953 
v 21.553422927856445 -35.1579475402832 2.8473072052001953 
v 21.430641174316406 -35.19169235229492 2.8473072052001953 
v 21.341524124145508 -35.27994918823242 2.8473072052001953 
v 21.307859420776367 -35.401947021484375 2.8473072052001953 
v 21.341524124145508 -35.52394485473633 2.8473072052001953 
v 21.430641174316406 -35.61479568481445 2.8473072052001953 
v 21.553422927856445 -35.64594268798828 2.8473072052001953 
v 21.674224853515625 -35.61479568481445 2.8473072052001953 
v 17.00849723815918 3.710362195968628 2.756218433380127 
v 23.561508178710938 3.710362195968628 2.756218433380127 
v 5.894716739654541 10.57863712310791 2.756218433380127 
v 5.894716739654541 27.850557327270508 2.756218433380127 
v 18.77101707458496 0.7668156027793884 2.928579568862915 
v 18.77101707458496 0.7668156027793884 3.2923567295074463 
v 18.701704025268555 0.7460498213768005 2.928579568862915 
v 18.701704025268555 0.7460498213768005 3.2923567295074463 
v 18.63239288330078 0.7668156027793884 2.928579568862915 
v 18.63239288330078 0.7668156027793884 3.2923567295074463 
v 18.582883834838867 0.8161342740058899 2.928579568862915 
v 18.582883834838867 0.8161342740058899 3.2923567295074463 
v 18.563079833984375 0.8862187266349792 2.928579568862915 
v 18.563079833984375 0.8862187266349792 3.2923567295074463 
v 18.582883834838867 0.9563031792640686 2.928579568862915 
v 18.582883834838867 0.9563031792640686 3.2923567295074463 
v 18.63239288330078 1.0056217908859253 2.928579568862915 
v 18.63239288330078 1.0056217908859253 3.2923567295074463 
v 18.701704025268555 1.0237919092178345 2.928579568862915 
v 18.701704025268555 1.0237919092178345 3.2923567295074463 
v 18.77101707458496 1.0056217908859253 2.928579568862915 
v 18.77101707458496 1.0056217908859253 3.2923567295074463 
v 18.822505950927734 0.9563031792640686 2.928579568862915 
v 18.822505950927734 0.9563031792640686 3.2923567295074463 
v 18.840330123901367 0.8862187266349792 2.928579568862915 
v 18.840330123901367 0.8862187266349792 3.2923567295074463 
v 18.822505950927734 0.8161342740058899 2.928579568862915 
v 18.822505950927734 0.8161342740058899 3.2923567295074463 
v 18.77101707458496 0.7668156027793884 2.928579568862915 
v 18.77101707458496 0.7668156027793884 3.2923567295074463 
v 3.4905595779418945 12.691553115844727 2.8110737800598145 
v -13.087034225463867 12.691553115844727 2.8110737800598145 
v 3.4905595779418945 2.3294389247894287 2.8110737800598145 
v -6.983564376831055 2.3294389247894287 2.8110737800598145 
v 18.824487686157227 0.6733697056770325 2.6606547832489014 
v 18.824487686157227 0.6733697056770325 2.8473072052001953 
v 18.701704025268555 0.6422210335731506 2.6606547832489014 
v 18.701704025268555 0.6422210335731506 2.8473072052001953 
v 18.580902099609375 0.6733697056770325 2.6606547832489014 
v 18.580902099609375 0.6733697056770325 2.8473072052001953 
v 18.48980712890625 0.7642198801040649 2.6606547832489014 
v 18.48980712890625 0.7642198801040649 2.8473072052001953 
v 18.458120346069336 0.8862187266349792 2.6606547832489014 
v 18.458120346069336 0.8862187266349792 2.8473072052001953 
v 18.48980712890625 1.0082175731658936 2.6606547832489014 
v 18.48980712890625 1.0082175731658936 2.8473072052001953 
v 18.580902099609375 1.0964720249176025 2.6606547832489014 
v 18.580902099609375 1.0964720249176025 2.8473072052001953 
v 18.701704025268555 1.130216360092163 2.6606547832489014 
v 18.701704025268555 1.130216360092163 2.8473072052001953 
v 18.824487686157227 1.0964720249176025 2.6606547832489014 
v 18.824487686157227 1.0964720249176025 2.8473072052001953 
v 18.913602828979492 1.0082175731658936 2.6606547832489014 
v 18.913602828979492 1.0082175731658936 2.8473072052001953 
v 18.947269439697266 0.8862187266349792 2.6606547832489014 
v 18.947269439697266 0.8862187266349792 2.8473072052001953 
v 18.913602828979492 0.7642198801040649 2.6606547832489014 
v 18.913602828979492 0.7642198801040649 2.8473072052001953 
v 18.824487686157227 0.6733697056770325 2.6606547832489014 
v 18.824487686157227 0.6733697056770325 2.8473072052001953 
v -18.731060028076172 23.601364135742188 2.972752571105957 
v -18.750864028930664 23.635108947753906 3.019523859024048 
v -18.85384178161621 23.570215225219727 2.972752571105957 
v -18.85384178161621 23.606555938720703 3.019523859024048 
v -18.97464370727539 23.601364135742188 2.972752571105957 
v -18.95682144165039 23.635108947753906 3.019523859024048 
v -19.06376075744629 23.692214965820312 2.972752571105957 
v -19.032073974609375 23.710384368896484 3.019523859024048 
v -19.097427368164062 23.814212799072266 2.972752571105957 
v -19.057819366455078 23.814212799072266 3.019523859024048 
v -19.06376075744629 23.93621253967285 2.972752571105957 
v -19.032073974609375 23.915447235107422 3.019523859024048 
v -18.97464370727539 24.02446746826172 2.972752571105957 
v -18.95682144165039 23.99072265625 3.019523859024048 
v -18.85384178161621 24.058210372924805 2.972752571105957 
v -18.85384178161621 24.019275665283203 3.019523859024048 
v -18.731060028076172 24.02446746826172 2.972752571105957 
v -18.750864028930664 23.99072265625 3.019523859024048 
v -18.641942977905273 23.93621253967285 2.972752571105957 
v -18.675609588623047 23.915447235107422 3.019523859024048 
v -18.608278274536133 23.814212799072266 2.972752571105957 
v -18.647884368896484 23.814212799072266 3.019523859024048 
v -18.641942977905273 23.692214965820312 2.972752571105957 
v -18.675609588623047 23.710384368896484 3.019523859024048 
v -18.731060028076172 23.601364135742188 2.972752571105957 
v -18.750864028930664 23.635108947753906 3.019523859024048 
v -18.784528732299805 23.69481086730957 3.0541694164276123 
v -18.85384178161621 23.674043655395508 3.0541694164276123 
v -18.923154830932617 23.69481086730957 3.0541694164276123 
v -18.97266387939453 23.744129180908203 3.0541694164276123 
v -18.992467880249023 23.814212799072266 3.0541694164276123 
v -18.97266387939453 23.881702423095703 3.0541694164276123 
v -18.923154830932617 23.933616638183594 3.0541694164276123 
v -18.85384178161621 23.951786041259766 3.0541694164276123 
v -18.784528732299805 23.933616638183594 3.0541694164276123 
v -18.73303985595703 23.881702423095703 3.0541694164276123 
v -18.71521759033203 23.814212799072266 3.0541694164276123 
v -18.73303985595703 23.744129180908203 3.0541694164276123 
v -18.784528732299805 23.69481086730957 3.0541694164276123 
v -32.03907775878906 31.925838470458984 3.016636848449707 
v -32.03907775878906 31.925838470458984 0.755299985408783 
v -32.03907775878906 -46.81532669067383 3.016636848449707 
v -32.03907775878906 -46.81532669067383 0.755299985408783 
v 18.77101707458496 0.7668156027793884 3.2923567295074463 
v 18.790821075439453 0.7330712676048279 3.3578944206237793 
v 18.701704025268555 0.7460498213768005 3.2923567295074463 
v 18.701704025268555 0.7097097635269165 3.3578944206237793 
v 18.63239288330078 0.7668156027793884 3.2923567295074463 
v 18.61456871032715 0.7330712676048279 3.3578944206237793 
v 18.582883834838867 0.8161342740058899 3.2923567295074463 
v 18.549217224121094 0.7979642152786255 3.3578944206237793 
v 18.563079833984375 0.8862187266349792 3.2923567295074463 
v 18.525453567504883 0.8862187266349792 3.3578944206237793 
v 18.582883834838867 0.9563031792640686 3.2923567295074463 
v 18.549217224121094 0.9744731783866882 3.3578944206237793 
v 18.63239288330078 1.0056217908859253 3.2923567295074463 
v 18.61456871032715 1.0393662452697754 3.3578944206237793 
v 18.701704025268555 1.0237919092178345 3.2923567295074463 
v 18.701704025268555 1.062727689743042 3.3578944206237793 
v 18.77101707458496 1.0056217908859253 3.2923567295074463 
v 18.790821075439453 1.0393662452697754 3.3578944206237793 
v 18.822505950927734 0.9563031792640686 3.2923567295074463 
v 18.85419273376465 0.9744731783866882 3.3578944206237793 
v 18.840330123901367 0.8862187266349792 3.2923567295074463 
v 18.87795639038086 0.8862187266349792 3.3578944206237793 
v 18.822505950927734 0.8161342740058899 3.2923567295074463 
v 18.85419273376465 0.7979642152786255 3.3578944206237793 
v 18.77101707458496 0.7668156027793884 3.2923567295074463 
v 18.790821075439453 0.7330712676048279 3.3578944206237793 
v 18.790821075439453 0.7330712676048279 3.4100067615509033 
v 18.701704025268555 0.7097097635269165 3.4100067615509033 
v 18.61456871032715 0.7330712676048279 3.4100067615509033 
v 18.549217224121094 0.7979642152786255 3.4100067615509033 
v 18.525453567504883 0.8862187266349792 3.4100067615509033 
v 18.549217224121094 0.9744731783866882 3.4100067615509033 
v 18.61456871032715 1.0393662452697754 3.4100067615509033 
v 18.701704025268555 1.062727689743042 3.4100067615509033 
v 18.790821075439453 1.0393662452697754 3.4100067615509033 
v 18.85419273376465 0.9744731783866882 3.4100067615509033 
v 18.87795639038086 0.8862187266349792 3.4100067615509033 
v 18.85419273376465 0.7979642152786255 3.4100067615509033 
v 18.790821075439453 0.7330712676048279 3.4100067615509033 
v 0.06453687697649002 -2.895745277404785 2.9743404388427734 
v 0.06453687697649002 -20.56221580505371 2.9743404388427734 
v 12.134831428527832 -2.895745277404785 2.7908639907836914 
v 12.134831428527832 -20.56221580505371 2.7908639907836914 
v 18.85419273376465 0.9744731783866882 3.4100067615509033 
v 18.790821075439453 1.0393662452697754 3.4100067615509033 
v 18.87795639038086 0.8862187266349792 3.4100067615509033 
v 18.701704025268555 1.062727689743042 3.4100067615509033 
v 18.61456871032715 1.0393662452697754 3.4100067615509033 
v 18.549217224121094 0.9744731783866882 3.4100067615509033 
v 18.525453567504883 0.8862187266349792 3.4100067615509033 
v 18.549217224121094 0.7979642152786255 3.4100067615509033 
v 18.61456871032715 0.7330712676048279 3.4100067615509033 
v 18.701704025268555 0.7097097635269165 3.4100067615509033 
v 18.790821075439453 0.7330712676048279 3.4100067615509033 
v 17.00849723815918 3.710362195968628 2.756218433380127 
v 5.894716739654541 10.57863712310791 2.756218433380127 
v 12.309103012084961 3.710362195968628 3.043198347091675 
v 5.894716739654541 7.549431800842285 3.043198347091675 
v -6.983564376831055 2.3294389247894287 2.8110737800598145 
v -13.087034225463867 12.691553115844727 2.8110737800598145 
v -9.973908424377441 2.3294389247894287 3.037712812423706 
v -13.087034225463867 6.578632831573486 3.2333149909973145 
v 22.48023223876953 5.600046157836914 2.6606547832489014 
v 22.448545455932617 5.4780473709106445 2.6606547832489014 
v 22.448545455932617 5.722044944763184 2.6606547832489014 
v 22.35943031311035 5.81289529800415 2.6606547832489014 
v 22.23664665222168 5.844043731689453 2.6606547832489014 
v 22.11386489868164 5.81289529800415 2.6606547832489014 
v 22.024749755859375 5.722044944763184 2.6606547832489014 
v 21.99306297302246 5.600046157836914 2.6606547832489014 
v 22.024749755859375 5.4780473709106445 2.6606547832489014 
v 22.11386489868164 5.3897929191589355 2.6606547832489014 
v 22.23664665222168 5.356048583984375 2.6606547832489014 
v 22.35943031311035 5.3897929191589355 2.6606547832489014 
v 24.34969139099121 -44.1495246887207 3.016636848449707 
v 24.34969139099121 -44.1495246887207 0.755299985408783 
v -29.3754940032959 -44.1495246887207 3.016636848449707 
v -29.3754940032959 -44.1495246887207 0.755299985408783 
v 7.110657691955566 33.309356689453125 3.5976696014404297 
v 7.110657691955566 29.703901290893555 3.1084470748901367 
v 19.180952072143555 33.309356689453125 3.260742664337158 
v 19.180952072143555 30.007600784301758 3.132843255996704 
v 22.305959701538086 5.480643272399902 2.928579568862915 
v 22.305959701538086 5.480643272399902 3.2923567295074463 
v 22.23664665222168 5.462472915649414 2.928579568862915 
v 22.23664665222168 5.462472915649414 3.2923567295074463 
v 22.167335510253906 5.480643272399902 2.928579568862915 
v 22.167335510253906 5.480643272399902 3.2923567295074463 
v 22.1158447265625 5.532557487487793 2.928579568862915 
v 22.1158447265625 5.532557487487793 3.2923567295074463 
v 22.0980224609375 5.600046157836914 2.928579568862915 
v 22.0980224609375 5.600046157836914 3.2923567295074463 
v 22.1158447265625 5.670130729675293 2.928579568862915 
v 22.1158447265625 5.670130729675293 3.2923567295074463 
v 22.167335510253906 5.722044944763184 2.928579568862915 
v 22.167335510253906 5.722044944763184 3.2923567295074463 
v 22.23664665222168 5.740215301513672 2.928579568862915 
v 22.23664665222168 5.740215301513672 3.2923567295074463 
v 22.305959701538086 5.722044944763184 2.928579568862915 
v 22.305959701538086 5.722044944763184 3.2923567295074463 
v 22.35744857788086 5.670130729675293 2.928579568862915 
v 22.35744857788086 5.670130729675293 3.2923567295074463 
v 22.375272750854492 5.600046157836914 2.928579568862915 
v 22.375272750854492 5.600046157836914 3.2923567295074463 
v 22.35744857788086 5.532557487487793 2.928579568862915 
v 22.35744857788086 5.532557487487793 3.2923567295074463 
v 22.305959701538086 5.480643272399902 2.928579568862915 
v 22.305959701538086 5.480643272399902 3.2923567295074463 
v -14.916886329650879 12.774616241455078 2.6870720386505127 
v -14.916886329650879 12.774616241455078 2.8737242221832275 
v -15.039669036865234 12.743467330932617 2.6870720386505127 
v -15.039669036865234 12.743467330932617 2.8737242221832275 
v -15.160470962524414 12.774616241455078 2.6870720386505127 
v -15.160470962524414 12.774616241455078 2.8737242221832275 
v -15.251566886901855 12.865466117858887 2.6870720386505127 
v -15.251566886901855 12.865466117858887 2.8737242221832275 
v -15.283252716064453 12.987464904785156 2.6870720386505127 
v -15.283252716064453 12.987464904785156 2.8737242221832275 
v -15.251566886901855 13.109464645385742 2.6870720386505127 
v -15.251566886901855 13.109464645385742 2.8737242221832275 
v -15.160470962524414 13.197718620300293 2.6870720386505127 
v -15.160470962524414 13.197718620300293 2.8737242221832275 
v -15.039669036865234 13.231463432312012 2.6870720386505127 
v -15.039669036865234 13.231463432312012 2.8737242221832275 
v -14.916886329650879 13.197718620300293 2.6870720386505127 
v -14.916886329650879 13.197718620300293 2.8737242221832275 
v -14.827770233154297 13.109464645385742 2.6870720386505127 
v -14.827770233154297 13.109464645385742 2.8737242221832275 
v -14.79410457611084 12.987464904785156 2.6870720386505127 
v -14.79410457611084 12.987464904785156 2.8737242221832275 
v -14.827770233154297 12.865466117858887 2.6870720386505127 
v -14.827770233154297 12.865466117858887 2.8737242221832275 
v -14.916886329650879 12.774616241455078 2.6870720386505127 
v -14.916886329650879 12.774616241455078 2.8737242221832275 
v 22.305959701538086 5.480643272399902 3.2923567295074463 
v 22.32378387451172 5.449494361877441 3.3578944206237793 
v 22.23664665222168 5.462472915649414 3.2923567295074463 
v 22.23664665222168 5.423537254333496 3.3578944206237793 
v 22.167335510253906 5.480643272399902 3.2923567295074463 
v 22.147531509399414 5.449494361877441 3.3578944206237793 
v 22.1158447265625 5.532557487487793 3.2923567295074463 
v 22.08415985107422 5.511791706085205 3.3578944206237793 
v 22.0980224609375 5.600046157836914 3.2923567295074463 
v 22.060396194458008 5.600046157836914 3.3578944206237793 
v 22.1158447265625 5.670130729675293 3.2923567295074463 
v 22.08415985107422 5.688300609588623 3.3578944206237793 
v 22.167335510253906 5.722044944763184 3.2923567295074463 
v 22.147531509399414 5.7531938552856445 3.3578944206237793 
v 22.23664665222168 5.740215301513672 3.2923567295074463 
v 22.23664665222168 5.776555061340332 3.3578944206237793 
v 22.305959701538086 5.722044944763184 3.2923567295074463 
v 22.32378387451172 5.7531938552856445 3.3578944206237793 
v 22.35744857788086 5.670130729675293 3.2923567295074463 
v 22.389135360717773 5.688300609588623 3.3578944206237793 
v 22.375272750854492 5.600046157836914 3.2923567295074463 
v 22.412899017333984 5.600046157836914 3.3578944206237793 
v 22.35744857788086 5.532557487487793 3.2923567295074463 
v 22.389135360717773 5.511791706085205 3.3578944206237793 
v 22.305959701538086 5.480643272399902 3.2923567295074463 
v 22.32378387451172 5.449494361877441 3.3578944206237793 
v 22.32378387451172 5.449494361877441 3.4100067615509033 
v 22.23664665222168 5.423537254333496 3.4100067615509033 
v 22.147531509399414 5.449494361877441 3.4100067615509033 
v 22.08415985107422 5.511791706085205 3.4100067615509033 
v 22.060396194458008 5.600046157836914 3.4100067615509033 
v 22.08415985107422 5.688300609588623 3.4100067615509033 
v 22.147531509399414 5.7531938552856445 3.4100067615509033 
v 22.23664665222168 5.776555061340332 3.4100067615509033 
v 22.32378387451172 5.7531938552856445 3.4100067615509033 
v 22.389135360717773 5.688300609588623 3.4100067615509033 
v 22.412899017333984 5.600046157836914 3.4100067615509033 
v 22.389135360717773 5.511791706085205 3.4100067615509033 
v 22.32378387451172 5.449494361877441 3.4100067615509033 
v 24.611099243164062 29.61564826965332 2.5988705158233643 
v -29.63492202758789 29.61564826965332 2.5988705158233643 
v 24.611099243164062 -44.5051383972168 2.5988705158233643 
v -29.63492202758789 -44.5051383972168 2.5988705158233643 
v -14.887181282043457 13.075719833374023 3.4364240169525146 
v -14.950552940368652 13.140612602233887 3.4364240169525146 
v -14.86341667175293 12.987464904785156 3.4364240169525146 
v -15.039669036865234 13.16397476196289 3.4364240169525146 
v -15.12680435180664 13.140612602233887 3.4364240169525146 
v -15.192156791687012 13.075719833374023 3.4364240169525146 
v -15.215920448303223 12.987464904785156 3.4364240169525146 
v -15.192156791687012 12.899210929870605 3.4364240169525146 
v -15.12680435180664 12.834318161010742 3.4364240169525146 
v -15.039669036865234 12.810956001281738 3.4364240169525146 
v -14.950552940368652 12.834318161010742 3.4364240169525146 
v 7.110657691955566 29.703901290893555 3.1084470748901367 
v 7.110657691955566 33.309356689453125 3.5976696014404297 
v 1.074520468711853 28.7279109954834 3.0759670734405518 
v 1.074520468711853 33.309356689453125 3.8817622661590576 
v 22.430723190307617 26.223041534423828 2.6606547832489014 
v 22.309921264648438 26.18929672241211 2.6606547832489014 
v 22.521820068359375 26.311296463012695 2.6606547832489014 
v 22.187137603759766 26.223041534423828 2.6606547832489014 
v 22.0980224609375 26.311296463012695 2.6606547832489014 
v 22.064355850219727 26.43329429626465 2.6606547832489014 
v 22.0980224609375 26.557889938354492 2.6606547832489014 
v 22.187137603759766 26.64614486694336 2.6606547832489014 
v 22.309921264648438 26.679887771606445 2.6606547832489014 
v 22.430723190307617 26.64614486694336 2.6606547832489014 
v 22.521820068359375 26.557889938354492 2.6606547832489014 
v -1.9415677785873413 33.309356689453125 3.906158447265625 
v -1.9415677785873413 28.23991584777832 3.299285888671875 
v 1.074520468711853 33.309356689453125 3.8817622661590576 
v 1.074520468711853 28.7279109954834 3.0759670734405518 
v 20.901884078979492 -18.410364151000977 2.6606547832489014 
v 20.901884078979492 -18.410364151000977 2.8473072052001953 
v 20.779102325439453 -18.441513061523438 2.6606547832489014 
v 20.779102325439453 -18.441513061523438 2.8473072052001953 
v 20.656320571899414 -18.410364151000977 2.6606547832489014 
v 20.656320571899414 -18.410364151000977 2.8473072052001953 
v 20.567203521728516 -18.31951332092285 2.6606547832489014 
v 20.567203521728516 -18.31951332092285 2.8473072052001953 
v 20.535518646240234 -18.1975154876709 2.6606547832489014 
v 20.535518646240234 -18.1975154876709 2.8473072052001953 
v 20.567203521728516 -18.075515747070312 2.6606547832489014 
v 20.567203521728516 -18.075515747070312 2.8473072052001953 
v 20.656320571899414 -17.987260818481445 2.6606547832489014 
v 20.656320571899414 -17.987260818481445 2.8473072052001953 
v 20.779102325439453 -17.95351791381836 2.6606547832489014 
v 20.779102325439453 -17.95351791381836 2.8473072052001953 
v 20.901884078979492 -17.987260818481445 2.6606547832489014 
v 20.901884078979492 -17.987260818481445 2.8473072052001953 
v 20.99100112915039 -18.075515747070312 2.6606547832489014 
v 20.99100112915039 -18.075515747070312 2.8473072052001953 
v 21.022686004638672 -18.1975154876709 2.6606547832489014 
v 21.022686004638672 -18.1975154876709 2.8473072052001953 
v 20.99100112915039 -18.31951332092285 2.6606547832489014 
v 20.99100112915039 -18.31951332092285 2.8473072052001953 
v 20.901884078979492 -18.410364151000977 2.6606547832489014 
v 20.901884078979492 -18.410364151000977 2.8473072052001953 
v 18.824487686157227 0.6733697056770325 2.8473072052001953 
v 18.804683685302734 0.707114040851593 2.8939342498779297 
v 18.701704025268555 0.6422210335731506 2.8473072052001953 
v 18.701704025268555 0.6811568140983582 2.8939342498779297 
v 18.580902099609375 0.6733697056770325 2.8473072052001953 
v 18.598726272583008 0.707114040851593 2.8939342498779297 
v 18.48980712890625 0.7642198801040649 2.8473072052001953 
v 18.52347183227539 0.7823899388313293 2.8939342498779297 
v 18.458120346069336 0.8862187266349792 2.8473072052001953 
v 18.495746612548828 0.8862187266349792 2.8939342498779297 
v 18.48980712890625 1.0082175731658936 2.8473072052001953 
v 18.52347183227539 0.9874517917633057 2.8939342498779297 
v 18.580902099609375 1.0964720249176025 2.8473072052001953 
v 18.598726272583008 1.062727689743042 2.8939342498779297 
v 18.701704025268555 1.130216360092163 2.8473072052001953 
v 18.701704025268555 1.0912805795669556 2.8939342498779297 
v 18.824487686157227 1.0964720249176025 2.8473072052001953 
v 18.804683685302734 1.062727689743042 2.8939342498779297 
v 18.913602828979492 1.0082175731658936 2.8473072052001953 
v 18.87993812561035 0.9874517917633057 2.8939342498779297 
v 18.947269439697266 0.8862187266349792 2.8473072052001953 
v 18.90766143798828 0.8862187266349792 2.8939342498779297 
v 18.913602828979492 0.7642198801040649 2.8473072052001953 
v 18.87993812561035 0.7823899388313293 2.8939342498779297 
v 18.824487686157227 0.6733697056770325 2.8473072052001953 
v 18.804683685302734 0.707114040851593 2.8939342498779297 
v 18.77101707458496 0.7668156027793884 2.928579568862915 
v 18.701704025268555 0.7460498213768005 2.928579568862915 
v 18.63239288330078 0.7668156027793884 2.928579568862915 
v 18.582883834838867 0.8161342740058899 2.928579568862915 
v 18.563079833984375 0.8862187266349792 2.928579568862915 
v 18.582883834838867 0.9563031792640686 2.928579568862915 
v 18.63239288330078 1.0056217908859253 2.928579568862915 
v 18.701704025268555 1.0237919092178345 2.928579568862915 
v 18.77101707458496 1.0056217908859253 2.928579568862915 
v 18.822505950927734 0.9563031792640686 2.928579568862915 
v 18.840330123901367 0.8862187266349792 2.928579568862915 
v 18.822505950927734 0.8161342740058899 2.928579568862915 
v 18.77101707458496 0.7668156027793884 2.928579568862915 
v 22.37923240661621 26.313892364501953 2.928579568862915 
v 22.37923240661621 26.313892364501953 3.2923567295074463 
v 22.309921264648438 26.29572105407715 2.928579568862915 
v 22.309921264648438 26.29572105407715 3.2923567295074463 
v 22.24060821533203 26.313892364501953 2.928579568862915 
v 22.24060821533203 26.313892364501953 3.2923567295074463 
v 22.189119338989258 26.365806579589844 2.928579568862915 
v 22.189119338989258 26.365806579589844 3.2923567295074463 
v 22.171295166015625 26.43329429626465 2.928579568862915 
v 22.171295166015625 26.43329429626465 3.2923567295074463 
v 22.189119338989258 26.503379821777344 2.928579568862915 
v 22.189119338989258 26.503379821777344 3.2923567295074463 
v 22.24060821533203 26.555294036865234 2.928579568862915 
v 22.24060821533203 26.555294036865234 3.2923567295074463 
v 22.309921264648438 26.573463439941406 2.928579568862915 
v 22.309921264648438 26.573463439941406 3.2923567295074463 
v 22.37923240661621 26.555294036865234 2.928579568862915 
v 22.37923240661621 26.555294036865234 3.2923567295074463 
v 22.428741455078125 26.503379821777344 2.928579568862915 
v 22.428741455078125 26.503379821777344 3.2923567295074463 
v 22.448545455932617 26.43329429626465 2.928579568862915 
v 22.448545455932617 26.43329429626465 3.2923567295074463 
v 22.428741455078125 26.365806579589844 2.928579568862915 
v 22.428741455078125 26.365806579589844 3.2923567295074463 
v 22.37923240661621 26.313892364501953 2.928579568862915 
v 22.37923240661621 26.313892364501953 3.2923567295074463 
v 0.801230788230896 -25.138469696044922 2.8965325355529785 
v 0.801230788230896 -42.80493927001953 2.8965325355529785 
v 12.871524810791016 -25.138469696044922 2.712911605834961 
v 12.871524810791016 -42.80493927001953 2.712911605834961 
v -4.959636211395264 33.309356689453125 4.406640529632568 
v -4.959636211395264 27.707794189453125 3.916985034942627 
v -1.9415677785873413 33.309356689453125 3.906158447265625 
v -1.9415677785873413 28.23991584777832 3.299285888671875 
v 22.37923240661621 26.313892364501953 3.2923567295074463 
v 22.397056579589844 26.282743453979492 3.3578944206237793 
v 22.309921264648438 26.29572105407715 3.2923567295074463 
v 22.309921264648438 26.259382247924805 3.3578944206237793 
v 22.24060821533203 26.313892364501953 3.2923567295074463 
v 22.22080421447754 26.282743453979492 3.3578944206237793 
v 22.189119338989258 26.365806579589844 3.2923567295074463 
v 22.157432556152344 26.34763526916504 3.3578944206237793 
v 22.171295166015625 26.43329429626465 3.2923567295074463 
v 22.133668899536133 26.43329429626465 3.3578944206237793 
v 22.189119338989258 26.503379821777344 3.2923567295074463 
v 22.157432556152344 26.521549224853516 3.3578944206237793 
v 22.24060821533203 26.555294036865234 3.2923567295074463 
v 22.22080421447754 26.586442947387695 3.3578944206237793 
v 22.309921264648438 26.573463439941406 3.2923567295074463 
v 22.309921264648438 26.609804153442383 3.3578944206237793 
v 22.37923240661621 26.555294036865234 3.2923567295074463 
v 22.397056579589844 26.586442947387695 3.3578944206237793 
v 22.428741455078125 26.503379821777344 3.2923567295074463 
v 22.4624080657959 26.521549224853516 3.3578944206237793 
v 22.448545455932617 26.43329429626465 3.2923567295074463 
v 22.486173629760742 26.43329429626465 3.3578944206237793 
v 22.428741455078125 26.365806579589844 3.2923567295074463 
v 22.4624080657959 26.34763526916504 3.3578944206237793 
v 22.37923240661621 26.313892364501953 3.2923567295074463 
v 22.397056579589844 26.282743453979492 3.3578944206237793 
v 22.397056579589844 26.282743453979492 3.4100067615509033 
v 22.309921264648438 26.259382247924805 3.4100067615509033 
v 22.22080421447754 26.282743453979492 3.4100067615509033 
v 22.157432556152344 26.34763526916504 3.4100067615509033 
v 22.133668899536133 26.43329429626465 3.4100067615509033 
v 22.157432556152344 26.521549224853516 3.4100067615509033 
v 22.22080421447754 26.586442947387695 3.4100067615509033 
v 22.309921264648438 26.609804153442383 3.4100067615509033 
v 22.397056579589844 26.586442947387695 3.4100067615509033 
v 22.4624080657959 26.521549224853516 3.4100067615509033 
v 22.486173629760742 26.43329429626465 3.4100067615509033 
v 22.4624080657959 26.34763526916504 3.4100067615509033 
v 22.397056579589844 26.282743453979492 3.4100067615509033 
v 20.931591033935547 -18.10926055908203 3.4100067615509033 
v 20.86821937561035 -18.04436683654785 3.4100067615509033 
v 20.955354690551758 -18.1975154876709 3.4100067615509033 
v 20.779102325439453 -18.021005630493164 3.4100067615509033 
v 20.691967010498047 -18.04436683654785 3.4100067615509033 
v 20.626615524291992 -18.10926055908203 3.4100067615509033 
v 20.60284996032715 -18.1975154876709 3.4100067615509033 
v 20.626615524291992 -18.285768508911133 3.4100067615509033 
v 20.691967010498047 -18.350662231445312 3.4100067615509033 
v 20.779102325439453 -18.3740234375 3.4100067615509033 
v 20.86821937561035 -18.350662231445312 3.4100067615509033 
v -14.916886329650879 12.774616241455078 2.8737242221832275 
v -14.936690330505371 12.808361053466797 2.920351266860962 
v -15.039669036865234 12.743467330932617 2.8737242221832275 
v -15.039669036865234 12.782403945922852 2.920351266860962 
v -15.160470962524414 12.774616241455078 2.8737242221832275 
v -15.142647743225098 12.808361053466797 2.920351266860962 
v -15.251566886901855 12.865466117858887 2.8737242221832275 
v -15.217901229858398 12.883636474609375 2.920351266860962 
v -15.283252716064453 12.987464904785156 2.8737242221832275 
v -15.245626449584961 12.987464904785156 2.920351266860962 
v -15.251566886901855 13.109464645385742 2.8737242221832275 
v -15.217901229858398 13.091294288635254 2.920351266860962 
v -15.160470962524414 13.197718620300293 2.8737242221832275 
v -15.142647743225098 13.166569709777832 2.920351266860962 
v -15.039669036865234 13.231463432312012 2.8737242221832275 
v -15.039669036865234 13.192526817321777 2.920351266860962 
v -14.916886329650879 13.197718620300293 2.8737242221832275 
v -14.936690330505371 13.166569709777832 2.920351266860962 
v -14.827770233154297 13.109464645385742 2.8737242221832275 
v -14.86143684387207 13.091294288635254 2.920351266860962 
v -14.79410457611084 12.987464904785156 2.8737242221832275 
v -14.833711624145508 12.987464904785156 2.920351266860962 
v -14.827770233154297 12.865466117858887 2.8737242221832275 
v -14.86143684387207 12.883636474609375 2.920351266860962 
v -14.916886329650879 12.774616241455078 2.8737242221832275 
v -14.936690330505371 12.808361053466797 2.920351266860962 
v -14.970355987548828 12.868062019348145 2.9549968242645264 
v -15.039669036865234 12.847296714782715 2.9549968242645264 
v -15.108981132507324 12.868062019348145 2.9549968242645264 
v -15.158490180969238 12.917381286621094 2.9549968242645264 
v -15.17829418182373 12.987464904785156 2.9549968242645264 
v -15.158490180969238 13.057549476623535 2.9549968242645264 
v -15.108981132507324 13.106868743896484 2.9549968242645264 
v -15.039669036865234 13.125038146972656 2.9549968242645264 
v -14.970355987548828 13.106868743896484 2.9549968242645264 
v -14.918867111206055 13.057549476623535 2.9549968242645264 
v -14.901043891906738 12.987464904785156 2.9549968242645264 
v -14.918867111206055 12.917381286621094 2.9549968242645264 
v -14.970355987548828 12.868062019348145 2.9549968242645264 
v -5.971600532531738 -2.895745277404785 3.4984970092773438 
v -5.971600532531738 -20.56221580505371 3.4677493572235107 
v 0.06453687697649002 -2.895745277404785 2.9743404388427734 
v 0.06453687697649002 -20.56221580505371 2.9743404388427734 
v 27.015256881713867 -46.81532669067383 3.016636848449707 
v 24.34969139099121 -44.1495246887207 3.016636848449707 
v -32.03907775878906 -46.81532669067383 3.016636848449707 
v -29.3754940032959 -44.1495246887207 3.016636848449707 
v -4.959636211395264 15.642887115478516 4.287691116333008 
v -1.9415677785873413 15.642887115478516 3.299285888671875 
v -4.959636211395264 27.707794189453125 3.916985034942627 
v -1.9415677785873413 28.23991584777832 3.299285888671875 
v 17.559036254882812 20.250289916992188 2.7862446308135986 
v 17.525371551513672 20.1282901763916 2.7862446308135986 
v 17.525371551513672 20.372289657592773 2.7862446308135986 
v 17.436254501342773 20.460542678833008 2.7862446308135986 
v 17.315452575683594 20.494287490844727 2.7862446308135986 
v 17.192670822143555 20.460542678833008 2.7862446308135986 
v 17.103553771972656 20.372289657592773 2.7862446308135986 
v 17.069889068603516 20.250289916992188 2.7862446308135986 
v 17.103553771972656 20.1282901763916 2.7862446308135986 
v 17.192670822143555 20.03744125366211 2.7862446308135986 
v 17.315452575683594 20.00629234313965 2.7862446308135986 
v 17.436254501342773 20.03744125366211 2.7862446308135986 
v -5.232925891876221 -25.138469696044922 2.773252487182617 
v -5.232925891876221 -42.80493927001953 2.7426490783691406 
v 0.801230788230896 -25.138469696044922 2.8965325355529785 
v 0.801230788230896 -42.80493927001953 2.8965325355529785 
v -1.9415677785873413 15.642887115478516 3.299285888671875 
v 1.074520468711853 15.642887115478516 2.7754178047180176 
v -1.9415677785873413 28.23991584777832 3.299285888671875 
v 1.074520468711853 28.7279109954834 3.0759670734405518 
v 17.384765625 20.1282901763916 3.0541694164276123 
v 17.384765625 20.1282901763916 3.417802095413208 
v 17.315452575683594 20.11012077331543 3.0541694164276123 
v 17.315452575683594 20.11012077331543 3.417802095413208 
v 17.246139526367188 20.1282901763916 3.0541694164276123 
v 17.246139526367188 20.1282901763916 3.417802095413208 
v 17.194650650024414 20.180206298828125 3.0541694164276123 
v 17.194650650024414 20.180206298828125 3.417802095413208 
v 17.176828384399414 20.250289916992188 3.0541694164276123 
v 17.176828384399414 20.250289916992188 3.417802095413208 
v 17.194650650024414 20.317779541015625 3.0541694164276123 
v 17.194650650024414 20.317779541015625 3.417802095413208 
v 17.246139526367188 20.369693756103516 3.0541694164276123 
v 17.246139526367188 20.369693756103516 3.417802095413208 
v 17.315452575683594 20.387863159179688 3.0541694164276123 
v 17.315452575683594 20.387863159179688 3.417802095413208 
v 17.384765625 20.369693756103516 3.0541694164276123 
v 17.384765625 20.369693756103516 3.417802095413208 
v 17.434274673461914 20.317779541015625 3.0541694164276123 
v 17.434274673461914 20.317779541015625 3.417802095413208 
v 17.454078674316406 20.250289916992188 3.0541694164276123 
v 17.454078674316406 20.250289916992188 3.417802095413208 
v 17.434274673461914 20.180206298828125 3.0541694164276123 
v 17.434274673461914 20.180206298828125 3.417802095413208 
v 17.384765625 20.1282901763916 3.0541694164276123 
v 17.384765625 20.1282901763916 3.417802095413208 
v 2.722179889678955 7.017309188842773 2.6870720386505127 
v 2.722179889678955 7.017309188842773 2.8737242221832275 
v 2.599397659301758 6.983564853668213 2.6870720386505127 
v 2.599397659301758 6.983564853668213 2.8737242221832275 
v 2.4766154289245605 7.017309188842773 2.6870720386505127 
v 2.4766154289245605 7.017309188842773 2.8737242221832275 
v 2.3874990940093994 7.105563640594482 2.6870720386505127 
v 2.3874990940093994 7.105563640594482 2.8737242221832275 
v 2.355813503265381 7.23015832901001 2.6870720386505127 
v 2.355813503265381 7.23015832901001 2.8737242221832275 
v 2.3874990940093994 7.352157115936279 2.6870720386505127 
v 2.3874990940093994 7.352157115936279 2.8737242221832275 
v 2.4766154289245605 7.440411567687988 2.6870720386505127 
v 2.4766154289245605 7.440411567687988 2.8737242221832275 
v 2.599397659301758 7.474155902862549 2.6870720386505127 
v 2.599397659301758 7.474155902862549 2.8737242221832275 
v 2.722179889678955 7.440411567687988 2.6870720386505127 
v 2.722179889678955 7.440411567687988 2.8737242221832275 
v 2.811296224594116 7.352157115936279 2.6870720386505127 
v 2.811296224594116 7.352157115936279 2.8737242221832275 
v 2.842982053756714 7.23015832901001 2.6870720386505127 
v 2.842982053756714 7.23015832901001 2.8737242221832275 
v 2.811296224594116 7.105563640594482 2.6870720386505127 
v 2.811296224594116 7.105563640594482 2.8737242221832275 
v 2.722179889678955 7.017309188842773 2.6870720386505127 
v 2.722179889678955 7.017309188842773 2.8737242221832275 
v -8.987689018249512 -2.895745277404785 4.184043884277344 
v -8.987689018249512 -20.56221580505371 4.317573070526123 
v -5.971600532531738 -2.895745277404785 3.4984970092773438 
v -5.971600532531738 -20.56221580505371 3.4677493572235107 
v 1.074520468711853 15.642887115478516 2.7754178047180176 
v 7.110657691955566 15.642887115478516 2.9293012619018555 
v 1.074520468711853 28.7279109954834 3.0759670734405518 
v 7.110657691955566 29.703901290893555 3.1084470748901367 
v 2.751885414123535 7.315817356109619 3.4364240169525146 
v 2.688513994216919 7.380710124969482 3.4364240169525146 
v 2.7756497859954834 7.23015832901001 3.4364240169525146 
v 2.599397659301758 7.404071807861328 3.4364240169525146 
v 2.5122618675231934 7.380710124969482 3.4364240169525146 
v 2.4469099044799805 7.315817356109619 3.4364240169525146 
v 2.4231455326080322 7.23015832901001 3.4364240169525146 
v 2.4469099044799805 7.141903877258301 3.4364240169525146 
v 2.5122618675231934 7.0770111083984375 3.4364240169525146 
v 2.599397659301758 7.053649425506592 3.4364240169525146 
v 2.688513994216919 7.0770111083984375 3.4364240169525146 
v -5.991404056549072 16.816152572631836 2.7862446308135986 
v -6.112205982208252 16.782407760620117 2.7862446308135986 
v -5.900307655334473 16.904407501220703 2.7862446308135986 
v -6.234988212585449 16.816152572631836 2.7862446308135986 
v -6.324104309082031 16.904407501220703 2.7862446308135986 
v -6.355790138244629 17.026405334472656 2.7862446308135986 
v -6.324104309082031 17.148405075073242 2.7862446308135986 
v -6.234988212585449 17.239253997802734 2.7862446308135986 
v -6.112205982208252 17.270402908325195 2.7862446308135986 
v -5.991404056549072 17.239253997802734 2.7862446308135986 
v -5.900307655334473 17.148405075073242 2.7862446308135986 
v -8.250994682312012 -25.138469696044922 2.7013633251190186 
v -8.250994682312012 -42.80493927001953 2.8347482681274414 
v -5.232925891876221 -25.138469696044922 2.773252487182617 
v -5.232925891876221 -42.80493927001953 2.7426490783691406 
v 7.110657691955566 15.642887115478516 2.9293012619018555 
v 19.180952072143555 15.642887115478516 2.745680570602417 
v 7.110657691955566 29.703901290893555 3.1084470748901367 
v 19.180952072143555 30.007600784301758 3.132843255996704 
v -6.042893409729004 16.90700340270996 3.0541694164276123 
v -6.042893409729004 16.90700340270996 3.417802095413208 
v -6.112205982208252 16.888832092285156 3.0541694164276123 
v -6.112205982208252 16.888832092285156 3.417802095413208 
v -6.1815185546875 16.90700340270996 3.0541694164276123 
v -6.1815185546875 16.90700340270996 3.417802095413208 
v -6.233007907867432 16.956321716308594 3.0541694164276123 
v -6.233007907867432 16.956321716308594 3.417802095413208 
v -6.250831127166748 17.026405334472656 3.0541694164276123 
v -6.250831127166748 17.026405334472656 3.417802095413208 
v -6.233007907867432 17.09649085998535 3.0541694164276123 
v -6.233007907867432 17.09649085998535 3.417802095413208 
v -6.1815185546875 17.145809173583984 3.0541694164276123 
v -6.1815185546875 17.145809173583984 3.417802095413208 
v -6.112205982208252 17.166574478149414 3.0541694164276123 
v -6.112205982208252 17.166574478149414 3.417802095413208 
v -6.042893409729004 17.145809173583984 3.0541694164276123 
v -6.042893409729004 17.145809173583984 3.417802095413208 
v -5.99338436126709 17.09649085998535 3.0541694164276123 
v -5.99338436126709 17.09649085998535 3.417802095413208 
v -5.973580837249756 17.026405334472656 3.0541694164276123 
v -5.973580837249756 17.026405334472656 3.417802095413208 
v -5.99338436126709 16.956321716308594 3.0541694164276123 
v -5.99338436126709 16.956321716308594 3.417802095413208 
v -6.042893409729004 16.90700340270996 3.0541694164276123 
v -6.042893409729004 16.90700340270996 3.417802095413208 
v 17.402587890625 20.097143173217773 3.535452127456665 
v 17.402587890625 20.097143173217773 3.483339786529541 
v 17.467941284179688 20.16203498840332 3.535452127456665 
v 17.467941284179688 20.16203498840332 3.483339786529541 
v 17.4917049407959 20.250289916992188 3.535452127456665 
v 17.4917049407959 20.250289916992188 3.483339786529541 
v 17.467941284179688 20.338544845581055 3.535452127456665 
v 17.467941284179688 20.338544845581055 3.483339786529541 
v 17.402587890625 20.400840759277344 3.535452127456665 
v 17.402587890625 20.400840759277344 3.483339786529541 
v 17.315452575683594 20.426799774169922 3.535452127456665 
v 17.315452575683594 20.426799774169922 3.483339786529541 
v 17.226337432861328 20.400840759277344 3.535452127456665 
v 17.226337432861328 20.400840759277344 3.483339786529541 
v 17.162965774536133 20.338544845581055 3.535452127456665 
v 17.162965774536133 20.338544845581055 3.483339786529541 
v 17.13920021057129 20.250289916992188 3.535452127456665 
v 17.13920021057129 20.250289916992188 3.483339786529541 
v 17.162965774536133 20.16203498840332 3.535452127456665 
v 17.162965774536133 20.16203498840332 3.483339786529541 
v 17.226337432861328 20.097143173217773 3.535452127456665 
v 17.226337432861328 20.097143173217773 3.483339786529541 
v 17.315452575683594 20.073780059814453 3.535452127456665 
v 17.315452575683594 20.073780059814453 3.483339786529541 
v 17.402587890625 20.097143173217773 3.535452127456665 
v 17.402587890625 20.097143173217773 3.483339786529541 
v 17.384765625 20.1282901763916 3.417802095413208 
v 17.434274673461914 20.180206298828125 3.417802095413208 
v 17.454078674316406 20.250289916992188 3.417802095413208 
v 17.434274673461914 20.317779541015625 3.417802095413208 
v 17.384765625 20.369693756103516 3.417802095413208 
v 17.315452575683594 20.387863159179688 3.417802095413208 
v 17.246139526367188 20.369693756103516 3.417802095413208 
v 17.194650650024414 20.317779541015625 3.417802095413208 
v 17.176828384399414 20.250289916992188 3.417802095413208 
v 17.194650650024414 20.180206298828125 3.417802095413208 
v 17.246139526367188 20.1282901763916 3.417802095413208 
v 17.315452575683594 20.11012077331543 3.417802095413208 
v 17.384765625 20.1282901763916 3.417802095413208 
v 24.34969139099121 29.260034561157227 3.016636848449707 
v 24.34969139099121 29.260034561157227 0.755299985408783 
v 24.34969139099121 -44.1495246887207 3.016636848449707 
v 24.34969139099121 -44.1495246887207 0.755299985408783 
v 22.35943031311035 5.3897929191589355 2.6606547832489014 
v 22.35943031311035 5.3897929191589355 2.8473072052001953 
v 22.23664665222168 5.356048583984375 2.6606547832489014 
v 22.23664665222168 5.356048583984375 2.8473072052001953 
v 22.11386489868164 5.3897929191589355 2.6606547832489014 
v 22.11386489868164 5.3897929191589355 2.8473072052001953 
v 22.024749755859375 5.4780473709106445 2.6606547832489014 
v 22.024749755859375 5.4780473709106445 2.8473072052001953 
v 21.99306297302246 5.600046157836914 2.6606547832489014 
v 21.99306297302246 5.600046157836914 2.8473072052001953 
v 22.024749755859375 5.722044944763184 2.6606547832489014 
v 22.024749755859375 5.722044944763184 2.8473072052001953 
v 22.11386489868164 5.81289529800415 2.6606547832489014 
v 22.11386489868164 5.81289529800415 2.8473072052001953 
v 22.23664665222168 5.844043731689453 2.6606547832489014 
v 22.23664665222168 5.844043731689453 2.8473072052001953 
v 22.35943031311035 5.81289529800415 2.6606547832489014 
v 22.35943031311035 5.81289529800415 2.8473072052001953 
v 22.448545455932617 5.722044944763184 2.6606547832489014 
v 22.448545455932617 5.722044944763184 2.8473072052001953 
v 22.48023223876953 5.600046157836914 2.6606547832489014 
v 22.48023223876953 5.600046157836914 2.8473072052001953 
v 22.448545455932617 5.4780473709106445 2.6606547832489014 
v 22.448545455932617 5.4780473709106445 2.8473072052001953 
v 22.35943031311035 5.3897929191589355 2.6606547832489014 
v 22.35943031311035 5.3897929191589355 2.8473072052001953 
v -6.042893409729004 16.90700340270996 3.417802095413208 
v -6.0250701904296875 16.873258590698242 3.483339786529541 
v -6.112205982208252 16.888832092285156 3.417802095413208 
v -6.112205982208252 16.849897384643555 3.483339786529541 
v -6.1815185546875 16.90700340270996 3.417802095413208 
v -6.201322078704834 16.873258590698242 3.483339786529541 
v -6.233007907867432 16.956321716308594 3.417802095413208 
v -6.264693737030029 16.93815040588379 3.483339786529541 
v -6.250831127166748 17.026405334472656 3.417802095413208 
v -6.288457870483398 17.026405334472656 3.483339786529541 
v -6.233007907867432 17.09649085998535 3.417802095413208 
v -6.264693737030029 17.114660263061523 3.483339786529541 
v -6.1815185546875 17.145809173583984 3.417802095413208 
v -6.201322078704834 17.179553985595703 3.483339786529541 
v -6.112205982208252 17.166574478149414 3.417802095413208 
v -6.112205982208252 17.20291519165039 3.483339786529541 
v -6.042893409729004 17.145809173583984 3.417802095413208 
v -6.0250701904296875 17.179553985595703 3.483339786529541 
v -5.99338436126709 17.09649085998535 3.417802095413208 
v -5.959718227386475 17.114660263061523 3.483339786529541 
v -5.973580837249756 17.026405334472656 3.417802095413208 
v -5.9359540939331055 17.026405334472656 3.483339786529541 
v -5.99338436126709 16.956321716308594 3.417802095413208 
v -5.959718227386475 16.93815040588379 3.483339786529541 
v -6.042893409729004 16.90700340270996 3.417802095413208 
v -6.0250701904296875 16.873258590698242 3.483339786529541 
v -6.0250701904296875 16.873258590698242 3.535452127456665 
v -6.112205982208252 16.849897384643555 3.535452127456665 
v -6.201322078704834 16.873258590698242 3.535452127456665 
v -6.264693737030029 16.93815040588379 3.535452127456665 
v -6.288457870483398 17.026405334472656 3.535452127456665 
v -6.264693737030029 17.114660263061523 3.535452127456665 
v -6.201322078704834 17.179553985595703 3.535452127456665 
v -6.112205982208252 17.20291519165039 3.535452127456665 
v -6.0250701904296875 17.179553985595703 3.535452127456665 
v -5.959718227386475 17.114660263061523 3.535452127456665 
v -5.9359540939331055 17.026405334472656 3.535452127456665 
v -5.959718227386475 16.93815040588379 3.535452127456665 
v -6.0250701904296875 16.873258590698242 3.535452127456665 
v -8.078703880310059 21.600065231323242 2.8529369831085205 
v -2.024742841720581 21.600065231323242 2.8722808361053467 
v -8.078703880310059 28.45016860961914 2.8529369831085205 
v -2.024742841720581 28.45016860961914 2.8722808361053467 
v 22.389135360717773 5.688300609588623 3.4100067615509033 
v 22.32378387451172 5.7531938552856445 3.4100067615509033 
v 22.412899017333984 5.600046157836914 3.4100067615509033 
v 22.23664665222168 5.776555061340332 3.4100067615509033 
v 22.147531509399414 5.7531938552856445 3.4100067615509033 
v 22.08415985107422 5.688300609588623 3.4100067615509033 
v 22.060396194458008 5.600046157836914 3.4100067615509033 
v 22.08415985107422 5.511791706085205 3.4100067615509033 
v 22.147531509399414 5.449494361877441 3.4100067615509033 
v 22.23664665222168 5.423537254333496 3.4100067615509033 
v 22.32378387451172 5.449494361877441 3.4100067615509033 
v -12.984055519104004 28.45016860961914 3.874833106994629 
v -12.984055519104004 21.600065231323242 4.328111171722412 
v -10.837345123291016 28.45016860961914 3.4697701930999756 
v -10.837345123291016 21.600065231323242 3.4697701930999756 
v -7.460831165313721 24.87586212158203 2.7862446308135986 
v -7.583613395690918 24.844715118408203 2.7862446308135986 
v -7.371715068817139 24.966712951660156 2.7862446308135986 
v -7.706395626068115 24.87586212158203 2.7862446308135986 
v -7.795511722564697 24.966712951660156 2.7862446308135986 
v -7.827197551727295 25.088712692260742 2.7862446308135986 
v -7.795511722564697 25.210710525512695 2.7862446308135986 
v -7.706395626068115 25.298965454101562 2.7862446308135986 
v -7.583613395690918 25.33271026611328 2.7862446308135986 
v -7.460831165313721 25.298965454101562 2.7862446308135986 
v -7.371715068817139 25.210710525512695 2.7862446308135986 
v 2.668710231781006 7.10815954208374 2.9549968242645264 
v 2.702376365661621 7.051053524017334 2.920351266860962 
v 2.7201995849609375 7.160073757171631 2.9549968242645264 
v 2.777630090713501 7.12632942199707 2.920351266860962 
v 2.738022804260254 7.23015832901001 2.9549968242645264 
v 2.8053550720214844 7.23015832901001 2.920351266860962 
v 2.7201995849609375 7.297646999359131 2.9549968242645264 
v 2.777630090713501 7.331391334533691 2.920351266860962 
v 2.668710231781006 7.34956169128418 2.9549968242645264 
v 2.702376365661621 7.406667232513428 2.920351266860962 
v 2.599397659301758 7.36773157119751 2.9549968242645264 
v 2.599397659301758 7.435220241546631 2.920351266860962 
v 2.5300850868225098 7.34956169128418 2.9549968242645264 
v 2.4964189529418945 7.406667232513428 2.920351266860962 
v 2.478595733642578 7.297646999359131 2.9549968242645264 
v 2.4211652278900146 7.331391334533691 2.920351266860962 
v 2.4607725143432617 7.23015832901001 2.9549968242645264 
v 2.3934402465820312 7.23015832901001 2.920351266860962 
v 2.478595733642578 7.160073757171631 2.9549968242645264 
v 2.4211652278900146 7.12632942199707 2.920351266860962 
v 2.5300850868225098 7.10815954208374 2.9549968242645264 
v 2.4964189529418945 7.051053524017334 2.920351266860962 
v 2.599397659301758 7.08998966217041 2.9549968242645264 
v 2.599397659301758 7.022500991821289 2.920351266860962 
v 2.668710231781006 7.10815954208374 2.9549968242645264 
v 2.702376365661621 7.051053524017334 2.920351266860962 
v 2.722179889678955 7.017309188842773 2.8737242221832275 
v 2.811296224594116 7.105563640594482 2.8737242221832275 
v 2.842982053756714 7.23015832901001 2.8737242221832275 
v 2.811296224594116 7.352157115936279 2.8737242221832275 
v 2.722179889678955 7.440411567687988 2.8737242221832275 
v 2.599397659301758 7.474155902862549 2.8737242221832275 
v 2.4766154289245605 7.440411567687988 2.8737242221832275 
v 2.3874990940093994 7.352157115936279 2.8737242221832275 
v 2.355813503265381 7.23015832901001 2.8737242221832275 
v 2.3874990940093994 7.105563640594482 2.8737242221832275 
v 2.4766154289245605 7.017309188842773 2.8737242221832275 
v 2.599397659301758 6.983564853668213 2.8737242221832275 
v 2.722179889678955 7.017309188842773 2.8737242221832275 
v -12.005757331848145 -2.895745277404785 5.485413074493408 
v -12.005757331848145 -20.56221580505371 4.936282634735107 
v -8.987689018249512 -2.895745277404785 4.184043884277344 
v -8.987689018249512 -20.56221580505371 4.317573070526123 
v -10.837345123291016 28.45016860961914 3.4697701930999756 
v -10.837345123291016 21.600065231323242 3.4697701930999756 
v -8.078703880310059 28.45016860961914 2.8529369831085205 
v -8.078703880310059 21.600065231323242 2.8529369831085205 
v -7.51430082321167 24.969308853149414 3.417802095413208 
v -7.51430082321167 24.969308853149414 3.0541694164276123 
v -7.462811470031738 25.018627166748047 3.417802095413208 
v -7.462811470031738 25.018627166748047 3.0541694164276123 
v -7.444988250732422 25.088712692260742 3.417802095413208 
v -7.444988250732422 25.088712692260742 3.0541694164276123 
v -7.462811470031738 25.158796310424805 3.417802095413208 
v -7.462811470031738 25.158796310424805 3.0541694164276123 
v -7.51430082321167 25.208114624023438 3.417802095413208 
v -7.51430082321167 25.208114624023438 3.0541694164276123 
v -7.583613395690918 25.226285934448242 3.417802095413208 
v -7.583613395690918 25.226285934448242 3.0541694164276123 
v -7.652925968170166 25.208114624023438 3.417802095413208 
v -7.652925968170166 25.208114624023438 3.0541694164276123 
v -7.704415321350098 25.158796310424805 3.417802095413208 
v -7.704415321350098 25.158796310424805 3.0541694164276123 
v -7.722238540649414 25.088712692260742 3.417802095413208 
v -7.722238540649414 25.088712692260742 3.0541694164276123 
v -7.704415321350098 25.018627166748047 3.417802095413208 
v -7.704415321350098 25.018627166748047 3.0541694164276123 
v -7.652925968170166 24.969308853149414 3.417802095413208 
v -7.652925968170166 24.969308853149414 3.0541694164276123 
v -7.583613395690918 24.948543548583984 3.417802095413208 
v -7.583613395690918 24.948543548583984 3.0541694164276123 
v -7.51430082321167 24.969308853149414 3.417802095413208 
v -7.51430082321167 24.969308853149414 3.0541694164276123 
v 20.901884078979492 -18.410364151000977 2.8473072052001953 
v 20.882081985473633 -18.376619338989258 2.8939342498779297 
v 20.779102325439453 -18.441513061523438 2.8473072052001953 
v 20.779102325439453 -18.402576446533203 2.8939342498779297 
v 20.656320571899414 -18.410364151000977 2.8473072052001953 
v 20.676124572753906 -18.376619338989258 2.8939342498779297 
v 20.567203521728516 -18.31951332092285 2.8473072052001953 
v 20.60087013244629 -18.30134391784668 2.8939342498779297 
v 20.535518646240234 -18.1975154876709 2.8473072052001953 
v 20.573144912719727 -18.1975154876709 2.8939342498779297 
v 20.567203521728516 -18.075515747070312 2.8473072052001953 
v 20.60087013244629 -18.093685150146484 2.8939342498779297 
v 20.656320571899414 -17.987260818481445 2.8473072052001953 
v 20.676124572753906 -18.018409729003906 2.8939342498779297 
v 20.779102325439453 -17.95351791381836 2.8473072052001953 
v 20.779102325439453 -17.99245262145996 2.8939342498779297 
v 20.901884078979492 -17.987260818481445 2.8473072052001953 
v 20.882081985473633 -18.018409729003906 2.8939342498779297 
v 20.99100112915039 -18.075515747070312 2.8473072052001953 
v 20.957334518432617 -18.093685150146484 2.8939342498779297 
v 21.022686004638672 -18.1975154876709 2.8473072052001953 
v 20.98505973815918 -18.1975154876709 2.8939342498779297 
v 20.99100112915039 -18.31951332092285 2.8473072052001953 
v 20.957334518432617 -18.30134391784668 2.8939342498779297 
v 20.901884078979492 -18.410364151000977 2.8473072052001953 
v 20.882081985473633 -18.376619338989258 2.8939342498779297 
v 20.84841537475586 -18.316917419433594 2.928579568862915 
v 20.779102325439453 -18.3350887298584 2.928579568862915 
v 20.709789276123047 -18.316917419433594 2.928579568862915 
v 20.658300399780273 -18.26759910583496 2.928579568862915 
v 20.640478134155273 -18.1975154876709 2.928579568862915 
v 20.658300399780273 -18.127429962158203 2.928579568862915 
v 20.709789276123047 -18.07811164855957 2.928579568862915 
v 20.779102325439453 -18.0599422454834 2.928579568862915 
v 20.84841537475586 -18.07811164855957 2.928579568862915 
v 20.899904251098633 -18.127429962158203 2.928579568862915 
v 20.917728424072266 -18.1975154876709 2.928579568862915 
v 20.899904251098633 -18.26759910583496 2.928579568862915 
v 20.84841537475586 -18.316917419433594 2.928579568862915 
v -4.664562702178955 20.79798698425293 2.854236125946045 
v -13.679161071777344 20.79798698425293 2.854236125946045 
v -4.664562702178955 13.950477600097656 2.854236125946045 
v -12.805822372436523 13.950477600097656 2.854236125946045 
v -7.51430082321167 24.969308853149414 3.417802095413208 
v -7.4964776039123535 24.935564041137695 3.483339786529541 
v -7.583613395690918 24.948543548583984 3.417802095413208 
v -7.583613395690918 24.912202835083008 3.483339786529541 
v -7.652925968170166 24.969308853149414 3.417802095413208 
v -7.6727294921875 24.935564041137695 3.483339786529541 
v -7.704415321350098 25.018627166748047 3.417802095413208 
v -7.736101150512695 25.000457763671875 3.483339786529541 
v -7.722238540649414 25.088712692260742 3.417802095413208 
v -7.7598652839660645 25.088712692260742 3.483339786529541 
v -7.704415321350098 25.158796310424805 3.417802095413208 
v -7.736101150512695 25.176965713500977 3.483339786529541 
v -7.652925968170166 25.208114624023438 3.417802095413208 
v -7.6727294921875 25.241859436035156 3.483339786529541 
v -7.583613395690918 25.226285934448242 3.417802095413208 
v -7.583613395690918 25.265220642089844 3.483339786529541 
v -7.51430082321167 25.208114624023438 3.417802095413208 
v -7.4964776039123535 25.241859436035156 3.483339786529541 
v -7.462811470031738 25.158796310424805 3.417802095413208 
v -7.431125640869141 25.176965713500977 3.483339786529541 
v -7.444988250732422 25.088712692260742 3.417802095413208 
v -7.4073615074157715 25.088712692260742 3.483339786529541 
v -7.462811470031738 25.018627166748047 3.417802095413208 
v -7.431125640869141 25.000457763671875 3.483339786529541 
v -7.51430082321167 24.969308853149414 3.417802095413208 
v -7.4964776039123535 24.935564041137695 3.483339786529541 
v -7.4964776039123535 24.935564041137695 3.535452127456665 
v -7.583613395690918 24.912202835083008 3.535452127456665 
v -7.6727294921875 24.935564041137695 3.535452127456665 
v -7.736101150512695 25.000457763671875 3.535452127456665 
v -7.7598652839660645 25.088712692260742 3.535452127456665 
v -7.736101150512695 25.176965713500977 3.535452127456665 
v -7.6727294921875 25.241859436035156 3.535452127456665 
v -7.583613395690918 25.265220642089844 3.535452127456665 
v -7.4964776039123535 25.241859436035156 3.535452127456665 
v -7.431125640869141 25.176965713500977 3.535452127456665 
v -7.4073615074157715 25.088712692260742 3.535452127456665 
v -7.431125640869141 25.000457763671875 3.535452127456665 
v -7.4964776039123535 24.935564041137695 3.535452127456665 
v 9.144487380981445 -0.41683271527290344 2.8737242221832275 
v 9.144487380981445 -0.41683271527290344 2.6870720386505127 
v 9.233603477478027 -0.3259825110435486 2.8737242221832275 
v 9.233603477478027 -0.3259825110435486 2.6870720386505127 
v 9.265289306640625 -0.20398367941379547 2.8737242221832275 
v 9.265289306640625 -0.20398367941379547 2.6870720386505127 
v 9.233603477478027 -0.08198484033346176 2.8737242221832275 
v 9.233603477478027 -0.08198484033346176 2.6870720386505127 
v 9.144487380981445 0.006269639823585749 2.8737242221832275 
v 9.144487380981445 0.006269639823585749 2.6870720386505127 
v 9.021705627441406 0.04001399874687195 2.8737242221832275 
v 9.021705627441406 0.04001399874687195 2.6870720386505127 
v 8.89892292022705 0.006269639823585749 2.8737242221832275 
v 8.89892292022705 0.006269639823585749 2.6870720386505127 
v 8.809806823730469 -0.08198484033346176 2.8737242221832275 
v 8.809806823730469 -0.08198484033346176 2.6870720386505127 
v 8.778120994567871 -0.20398367941379547 2.8737242221832275 
v 8.778120994567871 -0.20398367941379547 2.6870720386505127 
v 8.809806823730469 -0.3259825110435486 2.8737242221832275 
v 8.809806823730469 -0.3259825110435486 2.6870720386505127 
v 8.89892292022705 -0.41683271527290344 2.8737242221832275 
v 8.89892292022705 -0.41683271527290344 2.6870720386505127 
v 9.021705627441406 -0.4479813575744629 2.8737242221832275 
v 9.021705627441406 -0.4479813575744629 2.6870720386505127 
v 9.144487380981445 -0.41683271527290344 2.8737242221832275 
v 9.144487380981445 -0.41683271527290344 2.6870720386505127 
v 9.174192428588867 -0.1157291978597641 3.4364240169525146 
v 9.110821723937988 -0.05083620175719261 3.4364240169525146 
v 9.197957038879395 -0.20398367941379547 3.4364240169525146 
v 9.021705627441406 -0.027474720031023026 3.4364240169525146 
v 8.934569358825684 -0.05083620175719261 3.4364240169525146 
v 8.869217872619629 -0.1157291978597641 3.4364240169525146 
v 8.845453262329102 -0.20398367941379547 3.4364240169525146 
v 8.869217872619629 -0.29223814606666565 3.4364240169525146 
v 8.934569358825684 -0.35713115334510803 3.4364240169525146 
v 9.021705627441406 -0.380492627620697 3.4364240169525146 
v 9.110821723937988 -0.35713115334510803 3.4364240169525146 
v -18.731060028076172 23.601364135742188 2.7862446308135986 
v -18.85384178161621 23.570215225219727 2.7862446308135986 
v -18.641942977905273 23.692214965820312 2.7862446308135986 
v -18.97464370727539 23.601364135742188 2.7862446308135986 
v -19.06376075744629 23.692214965820312 2.7862446308135986 
v -19.097427368164062 23.814212799072266 2.7862446308135986 
v -19.06376075744629 23.93621253967285 2.7862446308135986 
v -18.97464370727539 24.02446746826172 2.7862446308135986 
v -18.85384178161621 24.058210372924805 2.7862446308135986 
v -18.731060028076172 24.02446746826172 2.7862446308135986 
v -18.641942977905273 23.93621253967285 2.7862446308135986 
v -12.124578475952148 -43.07229995727539 3.0033559799194336 
v -28.165494918823242 -40.24296569824219 3.0033559799194336 
v -12.629570960998535 -45.94057083129883 3.392972946166992 
v -28.670486450195312 -43.11383056640625 3.392972946166992 
v -11.267083168029785 -25.138469696044922 2.7774388790130615 
v -11.267083168029785 -42.80493927001953 3.453458070755005 
v -8.250994682312012 -25.138469696044922 2.7013633251190186 
v -8.250994682312012 -42.80493927001953 2.8347482681274414 
v -32.03907775878906 31.925838470458984 0.755299985408783 
v -32.03907775878906 31.925838470458984 3.016636848449707 
v 27.015256881713867 31.925838470458984 0.755299985408783 
v 27.015256881713867 31.925838470458984 3.016636848449707 
v 22.35943031311035 5.3897929191589355 2.8473072052001953 
v 22.33962631225586 5.423537254333496 2.8939342498779297 
v 22.23664665222168 5.356048583984375 2.8473072052001953 
v 22.23664665222168 5.394984245300293 2.8939342498779297 
v 22.11386489868164 5.3897929191589355 2.8473072052001953 
v 22.133668899536133 5.423537254333496 2.8939342498779297 
v 22.024749755859375 5.4780473709106445 2.8473072052001953 
v 22.058414459228516 5.498813152313232 2.8939342498779297 
v 21.99306297302246 5.600046157836914 2.8473072052001953 
v 22.030689239501953 5.600046157836914 2.8939342498779297 
v 22.024749755859375 5.722044944763184 2.8473072052001953 
v 22.058414459228516 5.7038750648498535 2.8939342498779297 
v 22.11386489868164 5.81289529800415 2.8473072052001953 
v 22.133668899536133 5.77915096282959 2.8939342498779297 
v 22.23664665222168 5.844043731689453 2.8473072052001953 
v 22.23664665222168 5.807703971862793 2.8939342498779297 
v 22.35943031311035 5.81289529800415 2.8473072052001953 
v 22.33962631225586 5.77915096282959 2.8939342498779297 
v 22.448545455932617 5.722044944763184 2.8473072052001953 
v 22.414880752563477 5.7038750648498535 2.8939342498779297 
v 22.48023223876953 5.600046157836914 2.8473072052001953 
v 22.442604064941406 5.600046157836914 2.8939342498779297 
v 22.448545455932617 5.4780473709106445 2.8473072052001953 
v 22.414880752563477 5.498813152313232 2.8939342498779297 
v 22.35943031311035 5.3897929191589355 2.8473072052001953 
v 22.33962631225586 5.423537254333496 2.8939342498779297 
v 22.305959701538086 5.480643272399902 2.928579568862915 
v 22.23664665222168 5.462472915649414 2.928579568862915 
v 22.167335510253906 5.480643272399902 2.928579568862915 
v 22.1158447265625 5.532557487487793 2.928579568862915 
v 22.0980224609375 5.600046157836914 2.928579568862915 
v 22.1158447265625 5.670130729675293 2.928579568862915 
v 22.167335510253906 5.722044944763184 2.928579568862915 
v 22.23664665222168 5.740215301513672 2.928579568862915 
v 22.305959701538086 5.722044944763184 2.928579568862915 
v 22.35744857788086 5.670130729675293 2.928579568862915 
v 22.375272750854492 5.600046157836914 2.928579568862915 
v 22.35744857788086 5.532557487487793 2.928579568862915 
v 22.305959701538086 5.480643272399902 2.928579568862915 
v -18.784528732299805 23.69481086730957 3.0541694164276123 
v -18.784528732299805 23.69481086730957 3.417802095413208 
v -18.85384178161621 23.674043655395508 3.0541694164276123 
v -18.85384178161621 23.674043655395508 3.417802095413208 
v -18.923154830932617 23.69481086730957 3.0541694164276123 
v -18.923154830932617 23.69481086730957 3.417802095413208 
v -18.97266387939453 23.744129180908203 3.0541694164276123 
v -18.97266387939453 23.744129180908203 3.417802095413208 
v -18.992467880249023 23.814212799072266 3.0541694164276123 
v -18.992467880249023 23.814212799072266 3.417802095413208 
v -18.97266387939453 23.881702423095703 3.0541694164276123 
v -18.97266387939453 23.881702423095703 3.417802095413208 
v -18.923154830932617 23.933616638183594 3.0541694164276123 
v -18.923154830932617 23.933616638183594 3.417802095413208 
v -18.85384178161621 23.951786041259766 3.0541694164276123 
v -18.85384178161621 23.951786041259766 3.417802095413208 
v -18.784528732299805 23.933616638183594 3.0541694164276123 
v -18.784528732299805 23.933616638183594 3.417802095413208 
v -18.73303985595703 23.881702423095703 3.0541694164276123 
v -18.73303985595703 23.881702423095703 3.417802095413208 
v -18.71521759033203 23.814212799072266 3.0541694164276123 
v -18.71521759033203 23.814212799072266 3.417802095413208 
v -18.73303985595703 23.744129180908203 3.0541694164276123 
v -18.73303985595703 23.744129180908203 3.417802095413208 
v -18.784528732299805 23.69481086730957 3.0541694164276123 
v -18.784528732299805 23.69481086730957 3.417802095413208 
v -11.18786907196045 -37.76405334472656 3.0033559799194336 
v -27.228784561157227 -34.93471908569336 3.0033559799194336 
v -12.124578475952148 -43.07229995727539 3.0033559799194336 
v -28.165494918823242 -40.24296569824219 3.0033559799194336 
v -25.80490493774414 20.74607276916504 2.8789210319519043 
v -25.80490493774414 3.079602003097534 2.8789210319519043 
v -13.734611511230469 20.74607276916504 2.695300340652466 
v -13.734611511230469 3.079602003097534 2.695300340652466 
v -18.784528732299805 23.69481086730957 3.417802095413208 
v -18.764726638793945 23.66106605529785 3.483339786529541 
v -18.85384178161621 23.674043655395508 3.417802095413208 
v -18.85384178161621 23.637704849243164 3.483339786529541 
v -18.923154830932617 23.69481086730957 3.417802095413208 
v -18.940977096557617 23.66106605529785 3.483339786529541 
v -18.97266387939453 23.744129180908203 3.417802095413208 
v -19.006330490112305 23.72595977783203 3.483339786529541 
v -18.992467880249023 23.814212799072266 3.417802095413208 
v -19.030094146728516 23.814212799072266 3.483339786529541 
v -18.97266387939453 23.881702423095703 3.417802095413208 
v -19.006330490112305 23.902467727661133 3.483339786529541 
v -18.923154830932617 23.933616638183594 3.417802095413208 
v -18.940977096557617 23.967361450195312 3.483339786529541 
v -18.85384178161621 23.951786041259766 3.417802095413208 
v -18.85384178161621 23.99072265625 3.483339786529541 
v -18.784528732299805 23.933616638183594 3.417802095413208 
v -18.764726638793945 23.967361450195312 3.483339786529541 
v -18.73303985595703 23.881702423095703 3.417802095413208 
v -18.699373245239258 23.902467727661133 3.483339786529541 
v -18.71521759033203 23.814212799072266 3.417802095413208 
v -18.677589416503906 23.814212799072266 3.483339786529541 
v -18.73303985595703 23.744129180908203 3.417802095413208 
v -18.699373245239258 23.72595977783203 3.483339786529541 
v -18.784528732299805 23.69481086730957 3.417802095413208 
v -18.764726638793945 23.66106605529785 3.483339786529541 
v -18.764726638793945 23.66106605529785 3.535452127456665 
v -18.85384178161621 23.637704849243164 3.535452127456665 
v -18.940977096557617 23.66106605529785 3.535452127456665 
v -19.006330490112305 23.72595977783203 3.535452127456665 
v -19.030094146728516 23.814212799072266 3.535452127456665 
v -19.006330490112305 23.902467727661133 3.535452127456665 
v -18.940977096557617 23.967361450195312 3.535452127456665 
v -18.85384178161621 23.99072265625 3.535452127456665 
v -18.764726638793945 23.967361450195312 3.535452127456665 
v -18.699373245239258 23.902467727661133 3.535452127456665 
v -18.677589416503906 23.814212799072266 3.535452127456665 
v -18.699373245239258 23.72595977783203 3.535452127456665 
v -18.764726638793945 23.66106605529785 3.535452127456665 
v 9.144487380981445 -0.41683271527290344 2.8737242221832275 
v 9.12468433380127 -0.3830883502960205 2.920351266860962 
v 9.021705627441406 -0.4479813575744629 2.8737242221832275 
v 9.021705627441406 -0.409045547246933 2.920351266860962 
v 8.89892292022705 -0.41683271527290344 2.8737242221832275 
v 8.918725967407227 -0.3830883502960205 2.920351266860962 
v 8.809806823730469 -0.3259825110435486 2.8737242221832275 
v 8.843472480773926 -0.30781248211860657 2.920351266860962 
v 8.778120994567871 -0.20398367941379547 2.8737242221832275 
v 8.815747261047363 -0.20398367941379547 2.920351266860962 
v 8.809806823730469 -0.08198484033346176 2.8737242221832275 
v 8.843472480773926 -0.10275059938430786 2.920351266860962 
v 8.89892292022705 0.006269639823585749 2.8737242221832275 
v 8.918725967407227 -0.027474720031023026 2.920351266860962 
v 9.021705627441406 0.04001399874687195 2.8737242221832275 
v 9.021705627441406 0.0010781999444589019 2.920351266860962 
v 9.144487380981445 0.006269639823585749 2.8737242221832275 
v 9.12468433380127 -0.027474720031023026 2.920351266860962 
v 9.233603477478027 -0.08198484033346176 2.8737242221832275 
v 9.19993782043457 -0.10275059938430786 2.920351266860962 
v 9.265289306640625 -0.20398367941379547 2.8737242221832275 
v 9.227663040161133 -0.20398367941379547 2.920351266860962 
v 9.233603477478027 -0.3259825110435486 2.8737242221832275 
v 9.19993782043457 -0.30781248211860657 2.920351266860962 
v 9.144487380981445 -0.41683271527290344 2.8737242221832275 
v 9.12468433380127 -0.3830883502960205 2.920351266860962 
v 9.091017723083496 -0.3233867883682251 2.9549968242645264 
v 9.021705627441406 -0.344152569770813 2.9549968242645264 
v 8.952392578125 -0.3233867883682251 2.9549968242645264 
v 8.90090274810791 -0.27406811714172363 2.9549968242645264 
v 8.883079528808594 -0.20398367941379547 2.9549968242645264 
v 8.90090274810791 -0.1338992416858673 2.9549968242645264 
v 8.952392578125 -0.08458056300878525 2.9549968242645264 
v 9.021705627441406 -0.06641051918268204 2.9549968242645264 
v 9.091017723083496 -0.08458056300878525 2.9549968242645264 
v 9.142507553100586 -0.1338992416858673 2.9549968242645264 
v 9.160330772399902 -0.20398367941379547 2.9549968242645264 
v 9.142507553100586 -0.27406811714172363 2.9549968242645264 
v 9.091017723083496 -0.3233867883682251 2.9549968242645264 
v -31.84104347229004 20.74607276916504 3.462552309036255 
v -31.84104347229004 3.079602003097534 3.298419713973999 
v -25.80490493774414 20.74607276916504 2.8789210319519043 
v -25.80490493774414 3.079602003097534 2.8789210319519043 
v -14.916886329650879 12.774616241455078 2.6870720386505127 
v -15.039669036865234 12.743467330932617 2.6870720386505127 
v -14.827770233154297 12.865466117858887 2.6870720386505127 
v -15.160470962524414 12.774616241455078 2.6870720386505127 
v -15.251566886901855 12.865466117858887 2.6870720386505127 
v -15.283252716064453 12.987464904785156 2.6870720386505127 
v -15.251566886901855 13.109464645385742 2.6870720386505127 
v -15.160470962524414 13.197718620300293 2.6870720386505127 
v -15.039669036865234 13.231463432312012 2.6870720386505127 
v -14.916886329650879 13.197718620300293 2.6870720386505127 
v -14.827770233154297 13.109464645385742 2.6870720386505127 
v 21.785125732421875 -15.264350891113281 2.7344207763671875 
v 17.50556755065918 -15.264350891113281 2.7344207763671875 
v 21.785125732421875 -22.114456176757812 2.7344207763671875 
v 17.50556755065918 -22.114456176757812 2.7344207763671875 
v -34.85713195800781 20.74607276916504 3.594782590866089 
v -34.85713195800781 3.079602003097534 3.594782590866089 
v -31.84104347229004 20.74607276916504 3.462552309036255 
v -31.84104347229004 3.079602003097534 3.298419713973999 
v -14.970355987548828 12.868062019348145 2.9549968242645264 
v -14.970355987548828 12.868062019348145 3.3187737464904785 
v -15.039669036865234 12.847296714782715 2.9549968242645264 
v -15.039669036865234 12.847296714782715 3.3187737464904785 
v -15.108981132507324 12.868062019348145 2.9549968242645264 
v -15.108981132507324 12.868062019348145 3.3187737464904785 
v -15.158490180969238 12.917381286621094 2.9549968242645264 
v -15.158490180969238 12.917381286621094 3.3187737464904785 
v -15.17829418182373 12.987464904785156 2.9549968242645264 
v -15.17829418182373 12.987464904785156 3.3187737464904785 
v -15.158490180969238 13.057549476623535 2.9549968242645264 
v -15.158490180969238 13.057549476623535 3.3187737464904785 
v -15.108981132507324 13.106868743896484 2.9549968242645264 
v -15.108981132507324 13.106868743896484 3.3187737464904785 
v -15.039669036865234 13.125038146972656 2.9549968242645264 
v -15.039669036865234 13.125038146972656 3.3187737464904785 
v -14.970355987548828 13.106868743896484 2.9549968242645264 
v -14.970355987548828 13.106868743896484 3.3187737464904785 
v -14.918867111206055 13.057549476623535 2.9549968242645264 
v -14.918867111206055 13.057549476623535 3.3187737464904785 
v -14.901043891906738 12.987464904785156 2.9549968242645264 
v -14.901043891906738 12.987464904785156 3.3187737464904785 
v -14.918867111206055 12.917381286621094 2.9549968242645264 
v -14.918867111206055 12.917381286621094 3.3187737464904785 
v -14.970355987548828 12.868062019348145 2.9549968242645264 
v -14.970355987548828 12.868062019348145 3.3187737464904785 
v -28.670486450195312 -43.11383056640625 3.392972946166992 
v -29.13191032409668 -45.72512435913086 3.417802095413208 
v -12.629570960998535 -45.94057083129883 3.392972946166992 
v -13.090994834899902 -48.55445861816406 3.658299207687378 
v -12.805822372436523 13.950477600097656 2.854236125946045 
v -13.679161071777344 20.79798698425293 2.854236125946045 
v -15.62387466430664 13.950477600097656 3.145979642868042 
v -15.62387466430664 20.79798698425293 3.022122383117676 
v 10.566386222839355 -11.396728515625 2.781336545944214 
v 10.566386222839355 -11.396728515625 2.9678444862365723 
v 10.445584297180176 -11.430472373962402 2.781336545944214 
v 10.445584297180176 -11.430472373962402 2.9678444862365723 
v 10.32280158996582 -11.396728515625 2.781336545944214 
v 10.32280158996582 -11.396728515625 2.9678444862365723 
v 10.233685493469238 -11.308473587036133 2.781336545944214 
v 10.233685493469238 -11.308473587036133 2.9678444862365723 
v 10.200019836425781 -11.186474800109863 2.781336545944214 
v 10.200019836425781 -11.186474800109863 2.9678444862365723 
v 10.233685493469238 -11.064476013183594 2.781336545944214 
v 10.233685493469238 -11.064476013183594 2.9678444862365723 
v 10.32280158996582 -10.973626136779785 2.781336545944214 
v 10.32280158996582 -10.973626136779785 2.9678444862365723 
v 10.445584297180176 -10.942477226257324 2.781336545944214 
v 10.445584297180176 -10.942477226257324 2.9678444862365723 
v 10.566386222839355 -10.973626136779785 2.781336545944214 
v 10.566386222839355 -10.973626136779785 2.9678444862365723 
v 10.657482147216797 -11.064476013183594 2.781336545944214 
v 10.657482147216797 -11.064476013183594 2.9678444862365723 
v 10.689167976379395 -11.186474800109863 2.781336545944214 
v 10.689167976379395 -11.186474800109863 2.9678444862365723 
v 10.657482147216797 -11.308473587036133 2.781336545944214 
v 10.657482147216797 -11.308473587036133 2.9678444862365723 
v 10.566386222839355 -11.396728515625 2.781336545944214 
v 10.566386222839355 -11.396728515625 2.9678444862365723 
v -14.970355987548828 12.868062019348145 3.3187737464904785 
v -14.950552940368652 12.834318161010742 3.3843114376068115 
v -15.039669036865234 12.847296714782715 3.3187737464904785 
v -15.039669036865234 12.810956001281738 3.3843114376068115 
v -15.108981132507324 12.868062019348145 3.3187737464904785 
v -15.12680435180664 12.834318161010742 3.3843114376068115 
v -15.158490180969238 12.917381286621094 3.3187737464904785 
v -15.192156791687012 12.899210929870605 3.3843114376068115 
v -15.17829418182373 12.987464904785156 3.3187737464904785 
v -15.215920448303223 12.987464904785156 3.3843114376068115 
v -15.158490180969238 13.057549476623535 3.3187737464904785 
v -15.192156791687012 13.075719833374023 3.3843114376068115 
v -15.108981132507324 13.106868743896484 3.3187737464904785 
v -15.12680435180664 13.140612602233887 3.3843114376068115 
v -15.039669036865234 13.125038146972656 3.3187737464904785 
v -15.039669036865234 13.16397476196289 3.3843114376068115 
v -14.970355987548828 13.106868743896484 3.3187737464904785 
v -14.950552940368652 13.140612602233887 3.3843114376068115 
v -14.918867111206055 13.057549476623535 3.3187737464904785 
v -14.887181282043457 13.075719833374023 3.3843114376068115 
v -14.901043891906738 12.987464904785156 3.3187737464904785 
v -14.86341667175293 12.987464904785156 3.3843114376068115 
v -14.918867111206055 12.917381286621094 3.3187737464904785 
v -14.887181282043457 12.899210929870605 3.3843114376068115 
v -14.970355987548828 12.868062019348145 3.3187737464904785 
v -14.950552940368652 12.834318161010742 3.3843114376068115 
v -14.950552940368652 12.834318161010742 3.4364240169525146 
v -15.039669036865234 12.810956001281738 3.4364240169525146 
v -15.12680435180664 12.834318161010742 3.4364240169525146 
v -15.192156791687012 12.899210929870605 3.4364240169525146 
v -15.215920448303223 12.987464904785156 3.4364240169525146 
v -15.192156791687012 13.075719833374023 3.4364240169525146 
v -15.12680435180664 13.140612602233887 3.4364240169525146 
v -15.039669036865234 13.16397476196289 3.4364240169525146 
v -14.950552940368652 13.140612602233887 3.4364240169525146 
v -14.887181282043457 13.075719833374023 3.4364240169525146 
v -14.86341667175293 12.987464904785156 3.4364240169525146 
v -14.887181282043457 12.899210929870605 3.4364240169525146 
v -14.950552940368652 12.834318161010742 3.4364240169525146 
v -34.85713195800781 3.079602003097534 3.594782590866089 
v -34.85713195800781 20.74607276916504 3.594782590866089 
v -37.87519836425781 3.079602003097534 4.443884372711182 
v -37.87519836425781 20.74607276916504 3.9012503623962402 
v -29.3754940032959 29.260034561157227 3.016636848449707 
v -29.3754940032959 29.260034561157227 0.755299985408783 
v 24.34969139099121 29.260034561157227 3.016636848449707 
v 24.34969139099121 29.260034561157227 0.755299985408783 
v -29.13191032409668 -45.72512435913086 3.417802095413208 
v -29.694332122802734 -48.91526412963867 4.792648792266846 
v -13.090994834899902 -48.55445861816406 3.658299207687378 
v -13.653416633605957 -51.744598388671875 3.882483959197998 
v 10.598072052001953 -11.27472972869873 3.5305440425872803 
v 10.621835708618164 -11.186474800109863 3.5305440425872803 
v 10.532719612121582 -11.339622497558594 3.5305440425872803 
v 10.445584297180176 -11.362983703613281 3.5305440425872803 
v 10.356468200683594 -11.339622497558594 3.5305440425872803 
v 10.293096542358398 -11.27472972869873 3.5305440425872803 
v 10.269331932067871 -11.186474800109863 3.5305440425872803 
v 10.293096542358398 -11.098220825195312 3.5305440425872803 
v 10.356468200683594 -11.033327102661133 3.5305440425872803 
v 10.445584297180176 -11.009965896606445 3.5305440425872803 
v 10.532719612121582 -11.033327102661133 3.5305440425872803 
v 10.598072052001953 -11.098220825195312 3.5305440425872803 
v 2.842982053756714 7.23015832901001 2.6870720386505127 
v 2.811296224594116 7.105563640594482 2.6870720386505127 
v 2.811296224594116 7.352157115936279 2.6870720386505127 
v 2.722179889678955 7.440411567687988 2.6870720386505127 
v 2.599397659301758 7.474155902862549 2.6870720386505127 
v 2.4766154289245605 7.440411567687988 2.6870720386505127 
v 2.3874990940093994 7.352157115936279 2.6870720386505127 
v 2.355813503265381 7.23015832901001 2.6870720386505127 
v 2.3874990940093994 7.105563640594482 2.6870720386505127 
v 2.4766154289245605 7.017309188842773 2.6870720386505127 
v 2.599397659301758 6.983564853668213 2.6870720386505127 
v 2.722179889678955 7.017309188842773 2.6870720386505127 
v -13.413793563842773 21.330108642578125 2.7150771617889404 
v -7.452909469604492 20.27884292602539 2.7344207763671875 
v -12.223596572875977 28.076385498046875 2.7150771617889404 
v -6.262713432312012 27.02511978149414 2.7344207763671875 
v -17.055675506591797 28.92778205871582 3.7368288040161133 
v -18.2438907623291 22.184101104736328 4.1901068687438965 
v -14.942630767822266 28.556594848632812 3.33176589012146 
v -16.132827758789062 21.810317993164062 3.33176589012146 
v 2.668710231781006 7.10815954208374 3.3187737464904785 
v 2.668710231781006 7.10815954208374 2.9549968242645264 
v 2.7201995849609375 7.160073757171631 3.3187737464904785 
v 2.7201995849609375 7.160073757171631 2.9549968242645264 
v 2.738022804260254 7.23015832901001 3.3187737464904785 
v 2.738022804260254 7.23015832901001 2.9549968242645264 
v 2.7201995849609375 7.297646999359131 3.3187737464904785 
v 2.7201995849609375 7.297646999359131 2.9549968242645264 
v 2.668710231781006 7.34956169128418 3.3187737464904785 
v 2.668710231781006 7.34956169128418 2.9549968242645264 
v 2.599397659301758 7.36773157119751 3.3187737464904785 
v 2.599397659301758 7.36773157119751 2.9549968242645264 
v 2.5300850868225098 7.34956169128418 3.3187737464904785 
v 2.5300850868225098 7.34956169128418 2.9549968242645264 
v 2.478595733642578 7.297646999359131 3.3187737464904785 
v 2.478595733642578 7.297646999359131 2.9549968242645264 
v 2.4607725143432617 7.23015832901001 3.3187737464904785 
v 2.4607725143432617 7.23015832901001 2.9549968242645264 
v 2.478595733642578 7.160073757171631 3.3187737464904785 
v 2.478595733642578 7.160073757171631 2.9549968242645264 
v 2.5300850868225098 7.10815954208374 3.3187737464904785 
v 2.5300850868225098 7.10815954208374 2.9549968242645264 
v 2.599397659301758 7.08998966217041 3.3187737464904785 
v 2.599397659301758 7.08998966217041 2.9549968242645264 
v 2.668710231781006 7.10815954208374 3.3187737464904785 
v 2.668710231781006 7.10815954208374 2.9549968242645264 
v 10.566386222839355 -11.396728515625 2.9678444862365723 
v 10.548563003540039 -11.365579605102539 3.0147600173950195 
v 10.445584297180176 -11.430472373962402 2.9678444862365723 
v 10.445584297180176 -11.391536712646484 3.0147600173950195 
v 10.32280158996582 -11.396728515625 2.9678444862365723 
v 10.342605590820312 -11.365579605102539 3.0147600173950195 
v 10.233685493469238 -11.308473587036133 2.9678444862365723 
v 10.267351150512695 -11.290304183959961 3.0147600173950195 
v 10.200019836425781 -11.186474800109863 2.9678444862365723 
v 10.23962688446045 -11.186474800109863 3.0147600173950195 
v 10.233685493469238 -11.064476013183594 2.9678444862365723 
v 10.267351150512695 -11.082646369934082 3.0147600173950195 
v 10.32280158996582 -10.973626136779785 2.9678444862365723 
v 10.342605590820312 -11.007369995117188 3.0147600173950195 
v 10.445584297180176 -10.942477226257324 2.9678444862365723 
v 10.445584297180176 -10.981412887573242 3.0147600173950195 
v 10.566386222839355 -10.973626136779785 2.9678444862365723 
v 10.548563003540039 -11.007369995117188 3.0147600173950195 
v 10.657482147216797 -11.064476013183594 2.9678444862365723 
v 10.62381649017334 -11.082646369934082 3.0147600173950195 
v 10.689167976379395 -11.186474800109863 2.9678444862365723 
v 10.651541709899902 -11.186474800109863 3.0147600173950195 
v 10.657482147216797 -11.308473587036133 2.9678444862365723 
v 10.62381649017334 -11.290304183959961 3.0147600173950195 
v 10.566386222839355 -11.396728515625 2.9678444862365723 
v 10.548563003540039 -11.365579605102539 3.0147600173950195 
v 10.514896392822266 -11.305877685546875 3.0492610931396484 
v 10.445584297180176 -11.324048042297363 3.0492610931396484 
v 10.37627124786377 -11.305877685546875 3.0492610931396484 
v 10.324782371520996 -11.256559371948242 3.0492610931396484 
v 10.30695915222168 -11.186474800109863 3.0492610931396484 
v 10.324782371520996 -11.116390228271484 3.0492610931396484 
v 10.37627124786377 -11.067071914672852 3.0492610931396484 
v 10.445584297180176 -11.046305656433105 3.0492610931396484 
v 10.514896392822266 -11.067071914672852 3.0492610931396484 
v 10.56440544128418 -11.116390228271484 3.0492610931396484 
v 10.584209442138672 -11.186474800109863 3.0492610931396484 
v 10.56440544128418 -11.256559371948242 3.0492610931396484 
v 10.514896392822266 -11.305877685546875 3.0492610931396484 
v 22.430723190307617 26.223041534423828 2.8473072052001953 
v 22.430723190307617 26.223041534423828 2.6606547832489014 
v 22.521820068359375 26.311296463012695 2.8473072052001953 
v 22.521820068359375 26.311296463012695 2.6606547832489014 
v 22.553504943847656 26.43329429626465 2.8473072052001953 
v 22.553504943847656 26.43329429626465 2.6606547832489014 
v 22.521820068359375 26.557889938354492 2.8473072052001953 
v 22.521820068359375 26.557889938354492 2.6606547832489014 
v 22.430723190307617 26.64614486694336 2.8473072052001953 
v 22.430723190307617 26.64614486694336 2.6606547832489014 
v 22.309921264648438 26.679887771606445 2.8473072052001953 
v 22.309921264648438 26.679887771606445 2.6606547832489014 
v 22.187137603759766 26.64614486694336 2.8473072052001953 
v 22.187137603759766 26.64614486694336 2.6606547832489014 
v 22.0980224609375 26.557889938354492 2.8473072052001953 
v 22.0980224609375 26.557889938354492 2.6606547832489014 
v 22.064355850219727 26.43329429626465 2.8473072052001953 
v 22.064355850219727 26.43329429626465 2.6606547832489014 
v 22.0980224609375 26.311296463012695 2.8473072052001953 
v 22.0980224609375 26.311296463012695 2.6606547832489014 
v 22.187137603759766 26.223041534423828 2.8473072052001953 
v 22.187137603759766 26.223041534423828 2.6606547832489014 
v 22.309921264648438 26.18929672241211 2.8473072052001953 
v 22.309921264648438 26.18929672241211 2.6606547832489014 
v 22.430723190307617 26.223041534423828 2.8473072052001953 
v 22.430723190307617 26.223041534423828 2.6606547832489014 
v -25.472206115722656 -17.958707809448242 2.9708759784698486 
v -22.402647018432617 -35.357818603515625 2.9708759784698486 
v -13.584104537963867 -15.863962173461914 2.787255048751831 
v -10.516526222229004 -33.2630729675293 2.787255048751831 
v -14.942630767822266 28.556594848632812 3.33176589012146 
v -16.132827758789062 21.810317993164062 3.33176589012146 
v -12.223596572875977 28.076385498046875 2.7150771617889404 
v -13.413793563842773 21.330108642578125 2.7150771617889404 
v 22.4624080657959 26.521549224853516 3.4100067615509033 
v 22.397056579589844 26.586442947387695 3.4100067615509033 
v 22.486173629760742 26.43329429626465 3.4100067615509033 
v 22.309921264648438 26.609804153442383 3.4100067615509033 
v 22.22080421447754 26.586442947387695 3.4100067615509033 
v 22.157432556152344 26.521549224853516 3.4100067615509033 
v 22.133668899536133 26.43329429626465 3.4100067615509033 
v 22.157432556152344 26.34763526916504 3.4100067615509033 
v 22.22080421447754 26.282743453979492 3.4100067615509033 
v 22.309921264648438 26.259382247924805 3.4100067615509033 
v 22.397056579589844 26.282743453979492 3.4100067615509033 
v 2.688513994216919 7.0770111083984375 3.4364240169525146 
v 2.688513994216919 7.0770111083984375 3.3843114376068115 
v 2.751885414123535 7.141903877258301 3.4364240169525146 
v 2.751885414123535 7.141903877258301 3.3843114376068115 
v 2.7756497859954834 7.23015832901001 3.4364240169525146 
v 2.7756497859954834 7.23015832901001 3.3843114376068115 
v 2.751885414123535 7.315817356109619 3.4364240169525146 
v 2.751885414123535 7.315817356109619 3.3843114376068115 
v 2.688513994216919 7.380710124969482 3.4364240169525146 
v 2.688513994216919 7.380710124969482 3.3843114376068115 
v 2.599397659301758 7.404071807861328 3.4364240169525146 
v 2.599397659301758 7.404071807861328 3.3843114376068115 
v 2.5122618675231934 7.380710124969482 3.4364240169525146 
v 2.5122618675231934 7.380710124969482 3.3843114376068115 
v 2.4469099044799805 7.315817356109619 3.4364240169525146 
v 2.4469099044799805 7.315817356109619 3.3843114376068115 
v 2.4231455326080322 7.23015832901001 3.4364240169525146 
v 2.4231455326080322 7.23015832901001 3.3843114376068115 
v 2.4469099044799805 7.141903877258301 3.4364240169525146 
v 2.4469099044799805 7.141903877258301 3.3843114376068115 
v 2.5122618675231934 7.0770111083984375 3.4364240169525146 
v 2.5122618675231934 7.0770111083984375 3.3843114376068115 
v 2.599397659301758 7.053649425506592 3.4364240169525146 
v 2.599397659301758 7.053649425506592 3.3843114376068115 
v 2.688513994216919 7.0770111083984375 3.4364240169525146 
v 2.688513994216919 7.0770111083984375 3.3843114376068115 
v 2.668710231781006 7.10815954208374 3.3187737464904785 
v 2.7201995849609375 7.160073757171631 3.3187737464904785 
v 2.738022804260254 7.23015832901001 3.3187737464904785 
v 2.7201995849609375 7.297646999359131 3.3187737464904785 
v 2.668710231781006 7.34956169128418 3.3187737464904785 
v 2.599397659301758 7.36773157119751 3.3187737464904785 
v 2.5300850868225098 7.34956169128418 3.3187737464904785 
v 2.478595733642578 7.297646999359131 3.3187737464904785 
v 2.4607725143432617 7.23015832901001 3.3187737464904785 
v 2.478595733642578 7.160073757171631 3.3187737464904785 
v 2.5300850868225098 7.10815954208374 3.3187737464904785 
v 2.599397659301758 7.08998966217041 3.3187737464904785 
v 2.668710231781006 7.10815954208374 3.3187737464904785 
v 9.144487380981445 -0.41683271527290344 2.6870720386505127 
v 9.021705627441406 -0.4479813575744629 2.6870720386505127 
v 9.233603477478027 -0.3259825110435486 2.6870720386505127 
v 8.89892292022705 -0.41683271527290344 2.6870720386505127 
v 8.809806823730469 -0.3259825110435486 2.6870720386505127 
v 8.778120994567871 -0.20398367941379547 2.6870720386505127 
v 8.809806823730469 -0.08198484033346176 2.6870720386505127 
v 8.89892292022705 0.006269639823585749 2.6870720386505127 
v 9.021705627441406 0.04001399874687195 2.6870720386505127 
v 9.144487380981445 0.006269639823585749 2.6870720386505127 
v 9.233603477478027 -0.08198484033346176 2.6870720386505127 
v 27.015256881713867 31.925838470458984 3.016636848449707 
v 24.34969139099121 29.260034561157227 3.016636848449707 
v 27.015256881713867 -46.81532669067383 3.016636848449707 
v 24.34969139099121 -44.1495246887207 3.016636848449707 
v -29.054676055908203 27.14971351623535 4.4125590324401855 
v -27.939733505249023 20.821348190307617 3.6190342903137207 
v -23.04824447631836 28.20876693725586 3.2284069061279297 
v -24.848392486572266 21.3664493560791 2.760549306869507 
v 9.091017723083496 -0.3233867883682251 2.9549968242645264 
v 9.091017723083496 -0.3233867883682251 3.3187737464904785 
v 9.021705627441406 -0.344152569770813 2.9549968242645264 
v 9.021705627441406 -0.344152569770813 3.3187737464904785 
v 8.952392578125 -0.3233867883682251 2.9549968242645264 
v 8.952392578125 -0.3233867883682251 3.3187737464904785 
v 8.90090274810791 -0.27406811714172363 2.9549968242645264 
v 8.90090274810791 -0.27406811714172363 3.3187737464904785 
v 8.883079528808594 -0.20398367941379547 2.9549968242645264 
v 8.883079528808594 -0.20398367941379547 3.3187737464904785 
v 8.90090274810791 -0.1338992416858673 2.9549968242645264 
v 8.90090274810791 -0.1338992416858673 3.3187737464904785 
v 8.952392578125 -0.08458056300878525 2.9549968242645264 
v 8.952392578125 -0.08458056300878525 3.3187737464904785 
v 9.021705627441406 -0.06641051918268204 2.9549968242645264 
v 9.021705627441406 -0.06641051918268204 3.3187737464904785 
v 9.091017723083496 -0.08458056300878525 2.9549968242645264 
v 9.091017723083496 -0.08458056300878525 3.3187737464904785 
v 9.142507553100586 -0.1338992416858673 2.9549968242645264 
v 9.142507553100586 -0.1338992416858673 3.3187737464904785 
v 9.160330772399902 -0.20398367941379547 2.9549968242645264 
v 9.160330772399902 -0.20398367941379547 3.3187737464904785 
v 9.142507553100586 -0.27406811714172363 2.9549968242645264 
v 9.142507553100586 -0.27406811714172363 3.3187737464904785 
v 9.091017723083496 -0.3233867883682251 2.9549968242645264 
v 9.091017723083496 -0.3233867883682251 3.3187737464904785 
v -31.415266036987305 -19.00737953186035 3.5546514987945557 
v -28.347688674926758 -36.406490325927734 3.3905186653137207 
v -25.472206115722656 -17.958707809448242 2.9708759784698486 
v -22.402647018432617 -35.357818603515625 2.9708759784698486 
v -17.812171936035156 22.60720443725586 2.760549306869507 
v -18.929096221923828 28.935569763183594 2.760549306869507 
v -24.848392486572266 21.3664493560791 2.760549306869507 
v -23.04824447631836 28.20876693725586 3.2284069061279297 
v -12.322614669799805 -4.845130920410156 2.781336545944214 
v -12.322614669799805 -4.845130920410156 2.9678444862365723 
v -12.443416595458984 -4.878875255584717 2.781336545944214 
v -12.443416595458984 -4.878875255584717 2.9678444862365723 
v -12.56619930267334 -4.845130920410156 2.781336545944214 
v -12.56619930267334 -4.845130920410156 2.9678444862365723 
v -12.655315399169922 -4.756876468658447 2.781336545944214 
v -12.655315399169922 -4.756876468658447 2.9678444862365723 
v -12.688981056213379 -4.634877681732178 2.781336545944214 
v -12.688981056213379 -4.634877681732178 2.9678444862365723 
v -12.655315399169922 -4.51028299331665 2.781336545944214 
v -12.655315399169922 -4.51028299331665 2.9678444862365723 
v -12.56619930267334 -4.422028541564941 2.781336545944214 
v -12.56619930267334 -4.422028541564941 2.9678444862365723 
v -12.443416595458984 -4.388284206390381 2.781336545944214 
v -12.443416595458984 -4.388284206390381 2.9678444862365723 
v -12.322614669799805 -4.422028541564941 2.781336545944214 
v -12.322614669799805 -4.422028541564941 2.9678444862365723 
v -12.231518745422363 -4.51028299331665 2.781336545944214 
v -12.231518745422363 -4.51028299331665 2.9678444862365723 
v -12.199832916259766 -4.634877681732178 2.781336545944214 
v -12.199832916259766 -4.634877681732178 2.9678444862365723 
v -12.231518745422363 -4.756876468658447 2.781336545944214 
v -12.231518745422363 -4.756876468658447 2.9678444862365723 
v -12.322614669799805 -4.845130920410156 2.781336545944214 
v -12.322614669799805 -4.845130920410156 2.9678444862365723 
v 9.091017723083496 -0.3233867883682251 3.3187737464904785 
v 9.110821723937988 -0.35713115334510803 3.3843114376068115 
v 9.021705627441406 -0.344152569770813 3.3187737464904785 
v 9.021705627441406 -0.380492627620697 3.3843114376068115 
v 8.952392578125 -0.3233867883682251 3.3187737464904785 
v 8.934569358825684 -0.35713115334510803 3.3843114376068115 
v 8.90090274810791 -0.27406811714172363 3.3187737464904785 
v 8.869217872619629 -0.29223814606666565 3.3843114376068115 
v 8.883079528808594 -0.20398367941379547 3.3187737464904785 
v 8.845453262329102 -0.20398367941379547 3.3843114376068115 
v 8.90090274810791 -0.1338992416858673 3.3187737464904785 
v 8.869217872619629 -0.1157291978597641 3.3843114376068115 
v 8.952392578125 -0.08458056300878525 3.3187737464904785 
v 8.934569358825684 -0.05083620175719261 3.3843114376068115 
v 9.021705627441406 -0.06641051918268204 3.3187737464904785 
v 9.021705627441406 -0.027474720031023026 3.3843114376068115 
v 9.091017723083496 -0.08458056300878525 3.3187737464904785 
v 9.110821723937988 -0.05083620175719261 3.3843114376068115 
v 9.142507553100586 -0.1338992416858673 3.3187737464904785 
v 9.174192428588867 -0.1157291978597641 3.3843114376068115 
v 9.160330772399902 -0.20398367941379547 3.3187737464904785 
v 9.197957038879395 -0.20398367941379547 3.3843114376068115 
v 9.142507553100586 -0.27406811714172363 3.3187737464904785 
v 9.174192428588867 -0.29223814606666565 3.3843114376068115 
v 9.091017723083496 -0.3233867883682251 3.3187737464904785 
v 9.110821723937988 -0.35713115334510803 3.3843114376068115 
v 9.110821723937988 -0.35713115334510803 3.4364240169525146 
v 9.021705627441406 -0.380492627620697 3.4364240169525146 
v 8.934569358825684 -0.35713115334510803 3.4364240169525146 
v 8.869217872619629 -0.29223814606666565 3.4364240169525146 
v 8.845453262329102 -0.20398367941379547 3.4364240169525146 
v 8.869217872619629 -0.1157291978597641 3.4364240169525146 
v 8.934569358825684 -0.05083620175719261 3.4364240169525146 
v 9.021705627441406 -0.027474720031023026 3.4364240169525146 
v 9.110821723937988 -0.05083620175719261 3.4364240169525146 
v 9.174192428588867 -0.1157291978597641 3.4364240169525146 
v 9.197957038879395 -0.20398367941379547 3.4364240169525146 
v 9.174192428588867 -0.29223814606666565 3.4364240169525146 
v 9.110821723937988 -0.35713115334510803 3.4364240169525146 
v -12.290928840637207 -4.546623229980469 3.5305440425872803 
v -12.356281280517578 -4.4817304611206055 3.5305440425872803 
v -12.267165184020996 -4.634877681732178 3.5305440425872803 
v -12.443416595458984 -4.45836877822876 3.5305440425872803 
v -12.532532691955566 -4.4817304611206055 3.5305440425872803 
v -12.595904350280762 -4.546623229980469 3.5305440425872803 
v -12.619668960571289 -4.634877681732178 3.5305440425872803 
v -12.595904350280762 -4.720536708831787 3.5305440425872803 
v -12.532532691955566 -4.78542947769165 3.5305440425872803 
v -12.443416595458984 -4.808791160583496 3.5305440425872803 
v -12.356281280517578 -4.78542947769165 3.5305440425872803 
v 13.226009368896484 -15.264350891113281 3.404954433441162 
v 13.226009368896484 -22.114456176757812 3.067883014678955 
v 17.50556755065918 -15.264350891113281 2.7344207763671875 
v 17.50556755065918 -22.114456176757812 2.7344207763671875 
v 10.566386222839355 -11.396728515625 2.781336545944214 
v 10.445584297180176 -11.430472373962402 2.781336545944214 
v 10.657482147216797 -11.308473587036133 2.781336545944214 
v 10.32280158996582 -11.396728515625 2.781336545944214 
v 10.233685493469238 -11.308473587036133 2.781336545944214 
v 10.200019836425781 -11.186474800109863 2.781336545944214 
v 10.233685493469238 -11.064476013183594 2.781336545944214 
v 10.32280158996582 -10.973626136779785 2.781336545944214 
v 10.445584297180176 -10.942477226257324 2.781336545944214 
v 10.566386222839355 -10.973626136779785 2.781336545944214 
v 10.657482147216797 -11.064476013183594 2.781336545944214 
v 22.86838150024414 -11.061880111694336 2.6606547832489014 
v 22.86838150024414 -11.061880111694336 2.8473072052001953 
v 22.7455997467041 -11.093029022216797 2.6606547832489014 
v 22.7455997467041 -11.093029022216797 2.8473072052001953 
v 22.624797821044922 -11.061880111694336 2.6606547832489014 
v 22.624797821044922 -11.061880111694336 2.8473072052001953 
v 22.533700942993164 -10.971030235290527 2.6606547832489014 
v 22.533700942993164 -10.971030235290527 2.8473072052001953 
v 22.502016067504883 -10.849031448364258 2.6606547832489014 
v 22.502016067504883 -10.849031448364258 2.8473072052001953 
v 22.533700942993164 -10.727032661437988 2.6606547832489014 
v 22.533700942993164 -10.727032661437988 2.8473072052001953 
v 22.624797821044922 -10.638777732849121 2.6606547832489014 
v 22.624797821044922 -10.638777732849121 2.8473072052001953 
v 22.7455997467041 -10.605033874511719 2.6606547832489014 
v 22.7455997467041 -10.605033874511719 2.8473072052001953 
v 22.86838150024414 -10.638777732849121 2.6606547832489014 
v 22.86838150024414 -10.638777732849121 2.8473072052001953 
v 22.95749855041504 -10.727032661437988 2.6606547832489014 
v 22.95749855041504 -10.727032661437988 2.8473072052001953 
v 22.98918342590332 -10.849031448364258 2.6606547832489014 
v 22.98918342590332 -10.849031448364258 2.8473072052001953 
v 22.95749855041504 -10.971030235290527 2.6606547832489014 
v 22.95749855041504 -10.971030235290527 2.8473072052001953 
v 22.86838150024414 -11.061880111694336 2.6606547832489014 
v 22.86838150024414 -11.061880111694336 2.8473072052001953 
v -34.385807037353516 -19.531715393066406 3.6868815422058105 
v -31.318227767944336 -36.930824279785156 3.6868815422058105 
v -31.415266036987305 -19.00737953186035 3.5546514987945557 
v -28.347688674926758 -36.406490325927734 3.3905186653137207 
v 10.514896392822266 -11.305877685546875 3.0492610931396484 
v 10.514896392822266 -11.305877685546875 3.4128940105438232 
v 10.445584297180176 -11.324048042297363 3.0492610931396484 
v 10.445584297180176 -11.324048042297363 3.4128940105438232 
v 10.37627124786377 -11.305877685546875 3.0492610931396484 
v 10.37627124786377 -11.305877685546875 3.4128940105438232 
v 10.324782371520996 -11.256559371948242 3.0492610931396484 
v 10.324782371520996 -11.256559371948242 3.4128940105438232 
v 10.30695915222168 -11.186474800109863 3.0492610931396484 
v 10.30695915222168 -11.186474800109863 3.4128940105438232 
v 10.324782371520996 -11.116390228271484 3.0492610931396484 
v 10.324782371520996 -11.116390228271484 3.4128940105438232 
v 10.37627124786377 -11.067071914672852 3.0492610931396484 
v 10.37627124786377 -11.067071914672852 3.4128940105438232 
v 10.445584297180176 -11.046305656433105 3.0492610931396484 
v 10.445584297180176 -11.046305656433105 3.4128940105438232 
v 10.514896392822266 -11.067071914672852 3.0492610931396484 
v 10.514896392822266 -11.067071914672852 3.4128940105438232 
v 10.56440544128418 -11.116390228271484 3.0492610931396484 
v 10.56440544128418 -11.116390228271484 3.4128940105438232 
v 10.584209442138672 -11.186474800109863 3.0492610931396484 
v 10.584209442138672 -11.186474800109863 3.4128940105438232 
v 10.56440544128418 -11.256559371948242 3.0492610931396484 
v 10.56440544128418 -11.256559371948242 3.4128940105438232 
v 10.514896392822266 -11.305877685546875 3.0492610931396484 
v 10.514896392822266 -11.305877685546875 3.4128940105438232 
v -12.322614669799805 -4.845130920410156 2.9678444862365723 
v -12.340437889099121 -4.811386585235596 3.0147600173950195 
v -12.443416595458984 -4.878875255584717 2.9678444862365723 
v -12.443416595458984 -4.839939594268799 3.0147600173950195 
v -12.56619930267334 -4.845130920410156 2.9678444862365723 
v -12.546395301818848 -4.811386585235596 3.0147600173950195 
v -12.655315399169922 -4.756876468658447 2.9678444862365723 
v -12.621649742126465 -4.736110687255859 3.0147600173950195 
v -12.688981056213379 -4.634877681732178 2.9678444862365723 
v -12.649374008178711 -4.634877681732178 3.0147600173950195 
v -12.655315399169922 -4.51028299331665 2.9678444862365723 
v -12.621649742126465 -4.531048774719238 3.0147600173950195 
v -12.56619930267334 -4.422028541564941 2.9678444862365723 
v -12.546395301818848 -4.455772876739502 3.0147600173950195 
v -12.443416595458984 -4.388284206390381 2.9678444862365723 
v -12.443416595458984 -4.427220344543457 3.0147600173950195 
v -12.322614669799805 -4.422028541564941 2.9678444862365723 
v -12.340437889099121 -4.455772876739502 3.0147600173950195 
v -12.231518745422363 -4.51028299331665 2.9678444862365723 
v -12.26518440246582 -4.531048774719238 3.0147600173950195 
v -12.199832916259766 -4.634877681732178 2.9678444862365723 
v -12.237459182739258 -4.634877681732178 3.0147600173950195 
v -12.231518745422363 -4.756876468658447 2.9678444862365723 
v -12.26518440246582 -4.736110687255859 3.0147600173950195 
v -12.322614669799805 -4.845130920410156 2.9678444862365723 
v -12.340437889099121 -4.811386585235596 3.0147600173950195 
v -12.374104499816895 -4.754281044006348 3.0492610931396484 
v -12.443416595458984 -4.772450923919678 3.0492610931396484 
v -12.51272964477539 -4.754281044006348 3.0492610931396484 
v -12.564218521118164 -4.702366352081299 3.0492610931396484 
v -12.58204174041748 -4.634877681732178 3.0492610931396484 
v -12.564218521118164 -4.564793109893799 3.0492610931396484 
v -12.51272964477539 -4.512878894805908 3.0492610931396484 
v -12.443416595458984 -4.494709014892578 3.0492610931396484 
v -12.374104499816895 -4.512878894805908 3.0492610931396484 
v -12.32459545135498 -4.564793109893799 3.0492610931396484 
v -12.304791450500488 -4.634877681732178 3.0492610931396484 
v -12.32459545135498 -4.702366352081299 3.0492610931396484 
v -12.374104499816895 -4.754281044006348 3.0492610931396484 
v 10.514896392822266 -11.305877685546875 3.4128940105438232 
v 10.532719612121582 -11.339622497558594 3.4785759449005127 
v 10.445584297180176 -11.324048042297363 3.4128940105438232 
v 10.445584297180176 -11.362983703613281 3.4785759449005127 
v 10.37627124786377 -11.305877685546875 3.4128940105438232 
v 10.356468200683594 -11.339622497558594 3.4785759449005127 
v 10.324782371520996 -11.256559371948242 3.4128940105438232 
v 10.293096542358398 -11.27472972869873 3.4785759449005127 
v 10.30695915222168 -11.186474800109863 3.4128940105438232 
v 10.269331932067871 -11.186474800109863 3.4785759449005127 
v 10.324782371520996 -11.116390228271484 3.4128940105438232 
v 10.293096542358398 -11.098220825195312 3.4785759449005127 
v 10.37627124786377 -11.067071914672852 3.4128940105438232 
v 10.356468200683594 -11.033327102661133 3.4785759449005127 
v 10.445584297180176 -11.046305656433105 3.4128940105438232 
v 10.445584297180176 -11.009965896606445 3.4785759449005127 
v 10.514896392822266 -11.067071914672852 3.4128940105438232 
v 10.532719612121582 -11.033327102661133 3.4785759449005127 
v 10.56440544128418 -11.116390228271484 3.4128940105438232 
v 10.598072052001953 -11.098220825195312 3.4785759449005127 
v 10.584209442138672 -11.186474800109863 3.4128940105438232 
v 10.621835708618164 -11.186474800109863 3.4785759449005127 
v 10.56440544128418 -11.256559371948242 3.4128940105438232 
v 10.598072052001953 -11.27472972869873 3.4785759449005127 
v 10.514896392822266 -11.305877685546875 3.4128940105438232 
v 10.532719612121582 -11.339622497558594 3.4785759449005127 
v 10.532719612121582 -11.339622497558594 3.5305440425872803 
v 10.445584297180176 -11.362983703613281 3.5305440425872803 
v 10.356468200683594 -11.339622497558594 3.5305440425872803 
v 10.293096542358398 -11.27472972869873 3.5305440425872803 
v 10.269331932067871 -11.186474800109863 3.5305440425872803 
v 10.293096542358398 -11.098220825195312 3.5305440425872803 
v 10.356468200683594 -11.033327102661133 3.5305440425872803 
v 10.445584297180176 -11.009965896606445 3.5305440425872803 
v 10.532719612121582 -11.033327102661133 3.5305440425872803 
v 10.598072052001953 -11.098220825195312 3.5305440425872803 
v 10.621835708618164 -11.186474800109863 3.5305440425872803 
v 10.598072052001953 -11.27472972869873 3.5305440425872803 
v 10.532719612121582 -11.339622497558594 3.5305440425872803 
v 22.430723190307617 26.223041534423828 2.8473072052001953 
v 22.412899017333984 26.256786346435547 2.8939342498779297 
v 22.309921264648438 26.18929672241211 2.8473072052001953 
v 22.309921264648438 26.228233337402344 2.8939342498779297 
v 22.187137603759766 26.223041534423828 2.8473072052001953 
v 22.206941604614258 26.256786346435547 2.8939342498779297 
v 22.0980224609375 26.311296463012695 2.8473072052001953 
v 22.131689071655273 26.332061767578125 2.8939342498779297 
v 22.064355850219727 26.43329429626465 2.8473072052001953 
v 22.10396385192871 26.43329429626465 2.8939342498779297 
v 22.0980224609375 26.557889938354492 2.8473072052001953 
v 22.131689071655273 26.537124633789062 2.8939342498779297 
v 22.187137603759766 26.64614486694336 2.8473072052001953 
v 22.206941604614258 26.61240005493164 2.8939342498779297 
v 22.309921264648438 26.679887771606445 2.8473072052001953 
v 22.309921264648438 26.640953063964844 2.8939342498779297 
v 22.430723190307617 26.64614486694336 2.8473072052001953 
v 22.412899017333984 26.61240005493164 2.8939342498779297 
v 22.521820068359375 26.557889938354492 2.8473072052001953 
v 22.4881534576416 26.537124633789062 2.8939342498779297 
v 22.553504943847656 26.43329429626465 2.8473072052001953 
v 22.515878677368164 26.43329429626465 2.8939342498779297 
v 22.521820068359375 26.311296463012695 2.8473072052001953 
v 22.4881534576416 26.332061767578125 2.8939342498779297 
v 22.430723190307617 26.223041534423828 2.8473072052001953 
v 22.412899017333984 26.256786346435547 2.8939342498779297 
v 22.37923240661621 26.313892364501953 2.928579568862915 
v 22.309921264648438 26.29572105407715 2.928579568862915 
v 22.24060821533203 26.313892364501953 2.928579568862915 
v 22.189119338989258 26.365806579589844 2.928579568862915 
v 22.171295166015625 26.43329429626465 2.928579568862915 
v 22.189119338989258 26.503379821777344 2.928579568862915 
v 22.24060821533203 26.555294036865234 2.928579568862915 
v 22.309921264648438 26.573463439941406 2.928579568862915 
v 22.37923240661621 26.555294036865234 2.928579568862915 
v 22.428741455078125 26.503379821777344 2.928579568862915 
v 22.448545455932617 26.43329429626465 2.928579568862915 
v 22.428741455078125 26.365806579589844 2.928579568862915 
v 22.37923240661621 26.313892364501953 2.928579568862915 
v -29.3754940032959 -44.1495246887207 3.016636848449707 
v -29.3754940032959 -44.1495246887207 0.755299985408783 
v -29.3754940032959 29.260034561157227 3.016636848449707 
v -29.3754940032959 29.260034561157227 0.755299985408783 
v -12.322614669799805 -4.845130920410156 2.781336545944214 
v -12.443416595458984 -4.878875255584717 2.781336545944214 
v -12.231518745422363 -4.756876468658447 2.781336545944214 
v -12.56619930267334 -4.845130920410156 2.781336545944214 
v -12.655315399169922 -4.756876468658447 2.781336545944214 
v -12.688981056213379 -4.634877681732178 2.781336545944214 
v -12.655315399169922 -4.51028299331665 2.781336545944214 
v -12.56619930267334 -4.422028541564941 2.781336545944214 
v -12.443416595458984 -4.388284206390381 2.781336545944214 
v -12.322614669799805 -4.422028541564941 2.781336545944214 
v -12.231518745422363 -4.51028299331665 2.781336545944214 
v -37.35832595825195 -20.056049346923828 3.993349552154541 
v -34.290748596191406 -37.455162048339844 4.535983562469482 
v -34.385807037353516 -19.531715393066406 3.6868815422058105 
v -31.318227767944336 -36.930824279785156 3.6868815422058105 
v -12.374104499816895 -4.754281044006348 3.0492610931396484 
v -12.374104499816895 -4.754281044006348 3.4128940105438232 
v -12.443416595458984 -4.772450923919678 3.0492610931396484 
v -12.443416595458984 -4.772450923919678 3.4128940105438232 
v -12.51272964477539 -4.754281044006348 3.0492610931396484 
v -12.51272964477539 -4.754281044006348 3.4128940105438232 
v -12.564218521118164 -4.702366352081299 3.0492610931396484 
v -12.564218521118164 -4.702366352081299 3.4128940105438232 
v -12.58204174041748 -4.634877681732178 3.0492610931396484 
v -12.58204174041748 -4.634877681732178 3.4128940105438232 
v -12.564218521118164 -4.564793109893799 3.0492610931396484 
v -12.564218521118164 -4.564793109893799 3.4128940105438232 
v -12.51272964477539 -4.512878894805908 3.0492610931396484 
v -12.51272964477539 -4.512878894805908 3.4128940105438232 
v -12.443416595458984 -4.494709014892578 3.0492610931396484 
v -12.443416595458984 -4.494709014892578 3.4128940105438232 
v -12.374104499816895 -4.512878894805908 3.0492610931396484 
v -12.374104499816895 -4.512878894805908 3.4128940105438232 
v -12.32459545135498 -4.564793109893799 3.0492610931396484 
v -12.32459545135498 -4.564793109893799 3.4128940105438232 
v -12.304791450500488 -4.634877681732178 3.0492610931396484 
v -12.304791450500488 -4.634877681732178 3.4128940105438232 
v -12.32459545135498 -4.702366352081299 3.0492610931396484 
v -12.32459545135498 -4.702366352081299 3.4128940105438232 
v -12.374104499816895 -4.754281044006348 3.0492610931396484 
v -12.374104499816895 -4.754281044006348 3.4128940105438232 
v 23.93381690979004 -7.516127109527588 2.7344207763671875 
v 19.796844482421875 -7.155322074890137 2.7344207763671875 
v 23.33772850036621 -14.340274810791016 2.7344207763671875 
v 17.685779571533203 -13.847087860107422 2.7344207763671875 
v -14.259407043457031 2.355396270751953 2.858855724334717 
v -14.259407043457031 2.355396270751953 3.045363664627075 
v -14.380208969116211 2.3216519355773926 2.858855724334717 
v -14.380208969116211 2.3216519355773926 3.045363664627075 
v -14.502991676330566 2.355396270751953 2.858855724334717 
v -14.502991676330566 2.355396270751953 3.045363664627075 
v -14.592107772827148 2.446246385574341 2.858855724334717 
v -14.592107772827148 2.446246385574341 3.045363664627075 
v -14.625773429870605 2.5682451725006104 2.858855724334717 
v -14.625773429870605 2.5682451725006104 3.045363664627075 
v -14.592107772827148 2.690244197845459 2.858855724334717 
v -14.592107772827148 2.690244197845459 3.045363664627075 
v -14.502991676330566 2.778498649597168 2.858855724334717 
v -14.502991676330566 2.778498649597168 3.045363664627075 
v -14.380208969116211 2.8122429847717285 2.858855724334717 
v -14.380208969116211 2.8122429847717285 3.045363664627075 
v -14.259407043457031 2.778498649597168 2.858855724334717 
v -14.259407043457031 2.778498649597168 3.045363664627075 
v -14.168310165405273 2.690244197845459 2.858855724334717 
v -14.168310165405273 2.690244197845459 3.045363664627075 
v -14.136624336242676 2.5682451725006104 2.858855724334717 
v -14.136624336242676 2.5682451725006104 3.045363664627075 
v -14.168310165405273 2.446246385574341 2.858855724334717 
v -14.168310165405273 2.446246385574341 3.045363664627075 
v -14.259407043457031 2.355396270751953 2.858855724334717 
v -14.259407043457031 2.355396270751953 3.045363664627075 
v -12.374104499816895 -4.754281044006348 3.4128940105438232 
v -12.356281280517578 -4.78542947769165 3.4785759449005127 
v -12.443416595458984 -4.772450923919678 3.4128940105438232 
v -12.443416595458984 -4.808791160583496 3.4785759449005127 
v -12.51272964477539 -4.754281044006348 3.4128940105438232 
v -12.532532691955566 -4.78542947769165 3.4785759449005127 
v -12.564218521118164 -4.702366352081299 3.4128940105438232 
v -12.595904350280762 -4.720536708831787 3.4785759449005127 
v -12.58204174041748 -4.634877681732178 3.4128940105438232 
v -12.619668960571289 -4.634877681732178 3.4785759449005127 
v -12.564218521118164 -4.564793109893799 3.4128940105438232 
v -12.595904350280762 -4.546623229980469 3.4785759449005127 
v -12.51272964477539 -4.512878894805908 3.4128940105438232 
v -12.532532691955566 -4.4817304611206055 3.4785759449005127 
v -12.443416595458984 -4.494709014892578 3.4128940105438232 
v -12.443416595458984 -4.45836877822876 3.4785759449005127 
v -12.374104499816895 -4.512878894805908 3.4128940105438232 
v -12.356281280517578 -4.4817304611206055 3.4785759449005127 
v -12.32459545135498 -4.564793109893799 3.4128940105438232 
v -12.290928840637207 -4.546623229980469 3.4785759449005127 
v -12.304791450500488 -4.634877681732178 3.4128940105438232 
v -12.267165184020996 -4.634877681732178 3.4785759449005127 
v -12.32459545135498 -4.702366352081299 3.4128940105438232 
v -12.290928840637207 -4.720536708831787 3.4785759449005127 
v -12.374104499816895 -4.754281044006348 3.4128940105438232 
v -12.356281280517578 -4.78542947769165 3.4785759449005127 
v -12.356281280517578 -4.78542947769165 3.5305440425872803 
v -12.443416595458984 -4.808791160583496 3.5305440425872803 
v -12.532532691955566 -4.78542947769165 3.5305440425872803 
v -12.595904350280762 -4.720536708831787 3.5305440425872803 
v -12.619668960571289 -4.634877681732178 3.5305440425872803 
v -12.595904350280762 -4.546623229980469 3.5305440425872803 
v -12.532532691955566 -4.4817304611206055 3.5305440425872803 
v -12.443416595458984 -4.45836877822876 3.5305440425872803 
v -12.356281280517578 -4.4817304611206055 3.5305440425872803 
v -12.290928840637207 -4.546623229980469 3.5305440425872803 
v -12.267165184020996 -4.634877681732178 3.5305440425872803 
v -12.290928840637207 -4.720536708831787 3.5305440425872803 
v -12.356281280517578 -4.78542947769165 3.5305440425872803 
v -14.227721214294434 2.6564998626708984 3.608063220977783 
v -14.293072700500488 2.718796968460083 3.608063220977783 
v -14.203956604003906 2.5682451725006104 3.608063220977783 
v -14.380208969116211 2.7421584129333496 3.608063220977783 
v -14.469325065612793 2.718796968460083 3.608063220977783 
v -14.532696723937988 2.6564998626708984 3.608063220977783 
v -14.556461334228516 2.5682451725006104 3.608063220977783 
v -14.532696723937988 2.4799907207489014 3.608063220977783 
v -14.469325065612793 2.415097713470459 3.608063220977783 
v -14.380208969116211 2.3917362689971924 3.608063220977783 
v -14.293072700500488 2.415097713470459 3.608063220977783 
v -15.712991714477539 -10.727032661437988 2.9708759784698486 
v -15.712991714477539 -28.393503189086914 2.9708759784698486 
v -3.6426970958709717 -10.727032661437988 2.787255048751831 
v -9.694677352905273 -22.75300407409668 2.879354238510132 
v -3.6426970958709717 -17.08395004272461 2.787255048751831 
v -14.136624336242676 2.5682451725006104 2.858855724334717 
v -14.168310165405273 2.446246385574341 2.858855724334717 
v -14.168310165405273 2.690244197845459 2.858855724334717 
v -14.259407043457031 2.778498649597168 2.858855724334717 
v -14.380208969116211 2.8122429847717285 2.858855724334717 
v -14.502991676330566 2.778498649597168 2.858855724334717 
v -14.592107772827148 2.690244197845459 2.858855724334717 
v -14.625773429870605 2.5682451725006104 2.858855724334717 
v -14.592107772827148 2.446246385574341 2.858855724334717 
v -14.502991676330566 2.355396270751953 2.858855724334717 
v -14.380208969116211 2.3216519355773926 2.858855724334717 
v -14.259407043457031 2.355396270751953 2.858855724334717 
v 22.898088455200195 -10.937285423278809 3.4100067615509033 
v 22.921852111816406 -10.849031448364258 3.4100067615509033 
v 22.834716796875 -11.002179145812988 3.4100067615509033 
v 22.7455997467041 -11.025540351867676 3.4100067615509033 
v 22.658464431762695 -11.002179145812988 3.4100067615509033 
v 22.59311294555664 -10.937285423278809 3.4100067615509033 
v 22.569347381591797 -10.849031448364258 3.4100067615509033 
v 22.59311294555664 -10.76077651977539 3.4100067615509033 
v 22.658464431762695 -10.695883750915527 3.4100067615509033 
v 22.7455997467041 -10.67252254486084 3.4100067615509033 
v 22.834716796875 -10.695883750915527 3.4100067615509033 
v 22.898088455200195 -10.76077651977539 3.4100067615509033 
v 13.226009368896484 -22.114456176757812 3.067883014678955 
v 13.226009368896484 -15.264350891113281 3.404954433441162 
v 10.825813293457031 -22.114456176757812 3.695543050765991 
v 10.825813293457031 -15.264350891113281 4.032758712768555 
v -14.310895919799805 2.446246385574341 3.126636028289795 
v -14.310895919799805 2.446246385574341 3.4902687072753906 
v -14.380208969116211 2.4280765056610107 3.126636028289795 
v -14.380208969116211 2.4280765056610107 3.4902687072753906 
v -14.449522018432617 2.446246385574341 3.126636028289795 
v -14.449522018432617 2.446246385574341 3.4902687072753906 
v -14.50101089477539 2.4981608390808105 3.126636028289795 
v -14.50101089477539 2.4981608390808105 3.4902687072753906 
v -14.518834114074707 2.5682451725006104 3.126636028289795 
v -14.518834114074707 2.5682451725006104 3.4902687072753906 
v -14.50101089477539 2.6357340812683105 3.126636028289795 
v -14.50101089477539 2.6357340812683105 3.4902687072753906 
v -14.449522018432617 2.687648296356201 3.126636028289795 
v -14.449522018432617 2.687648296356201 3.4902687072753906 
v -14.380208969116211 2.7058184146881104 3.126636028289795 
v -14.380208969116211 2.7058184146881104 3.4902687072753906 
v -14.310895919799805 2.687648296356201 3.126636028289795 
v -14.310895919799805 2.687648296356201 3.4902687072753906 
v -14.261387825012207 2.6357340812683105 3.126636028289795 
v -14.261387825012207 2.6357340812683105 3.4902687072753906 
v -14.241583824157715 2.5682451725006104 3.126636028289795 
v -14.241583824157715 2.5682451725006104 3.4902687072753906 
v -14.261387825012207 2.4981608390808105 3.126636028289795 
v -14.261387825012207 2.4981608390808105 3.4902687072753906 
v -14.310895919799805 2.446246385574341 3.126636028289795 
v -14.310895919799805 2.446246385574341 3.4902687072753906 
v 17.436254501342773 20.03744125366211 2.972752571105957 
v 17.436254501342773 20.03744125366211 2.7862446308135986 
v 17.525371551513672 20.1282901763916 2.972752571105957 
v 17.525371551513672 20.1282901763916 2.7862446308135986 
v 17.559036254882812 20.250289916992188 2.972752571105957 
v 17.559036254882812 20.250289916992188 2.7862446308135986 
v 17.525371551513672 20.372289657592773 2.972752571105957 
v 17.525371551513672 20.372289657592773 2.7862446308135986 
v 17.436254501342773 20.460542678833008 2.972752571105957 
v 17.436254501342773 20.460542678833008 2.7862446308135986 
v 17.315452575683594 20.494287490844727 2.972752571105957 
v 17.315452575683594 20.494287490844727 2.7862446308135986 
v 17.192670822143555 20.460542678833008 2.972752571105957 
v 17.192670822143555 20.460542678833008 2.7862446308135986 
v 17.103553771972656 20.372289657592773 2.972752571105957 
v 17.103553771972656 20.372289657592773 2.7862446308135986 
v 17.069889068603516 20.250289916992188 2.972752571105957 
v 17.069889068603516 20.250289916992188 2.7862446308135986 
v 17.103553771972656 20.1282901763916 2.972752571105957 
v 17.103553771972656 20.1282901763916 2.7862446308135986 
v 17.192670822143555 20.03744125366211 2.972752571105957 
v 17.192670822143555 20.03744125366211 2.7862446308135986 
v 17.315452575683594 20.00629234313965 2.972752571105957 
v 17.315452575683594 20.00629234313965 2.7862446308135986 
v 17.436254501342773 20.03744125366211 2.972752571105957 
v 17.436254501342773 20.03744125366211 2.7862446308135986 
v -14.259407043457031 2.355396270751953 3.045363664627075 
v -14.277230262756348 2.3891406059265137 3.092134952545166 
v -14.380208969116211 2.3216519355773926 3.045363664627075 
v -14.380208969116211 2.3605875968933105 3.092134952545166 
v -14.502991676330566 2.355396270751953 3.045363664627075 
v -14.483187675476074 2.3891406059265137 3.092134952545166 
v -14.592107772827148 2.446246385574341 3.045363664627075 
v -14.558441162109375 2.46441650390625 3.092134952545166 
v -14.625773429870605 2.5682451725006104 3.045363664627075 
v -14.586166381835938 2.5682451725006104 3.092134952545166 
v -14.592107772827148 2.690244197845459 3.045363664627075 
v -14.558441162109375 2.669478416442871 3.092134952545166 
v -14.502991676330566 2.778498649597168 3.045363664627075 
v -14.483187675476074 2.7447543144226074 3.092134952545166 
v -14.380208969116211 2.8122429847717285 3.045363664627075 
v -14.380208969116211 2.7733070850372314 3.092134952545166 
v -14.259407043457031 2.778498649597168 3.045363664627075 
v -14.277230262756348 2.7447543144226074 3.092134952545166 
v -14.168310165405273 2.690244197845459 3.045363664627075 
v -14.201976776123047 2.669478416442871 3.092134952545166 
v -14.136624336242676 2.5682451725006104 3.045363664627075 
v -14.174251556396484 2.5682451725006104 3.092134952545166 
v -14.168310165405273 2.446246385574341 3.045363664627075 
v -14.201976776123047 2.46441650390625 3.092134952545166 
v -14.259407043457031 2.355396270751953 3.045363664627075 
v -14.277230262756348 2.3891406059265137 3.092134952545166 
v -14.310895919799805 2.446246385574341 3.126636028289795 
v -14.380208969116211 2.4280765056610107 3.126636028289795 
v -14.449522018432617 2.446246385574341 3.126636028289795 
v -14.50101089477539 2.4981608390808105 3.126636028289795 
v -14.518834114074707 2.5682451725006104 3.126636028289795 
v -14.50101089477539 2.6357340812683105 3.126636028289795 
v -14.449522018432617 2.687648296356201 3.126636028289795 
v -14.380208969116211 2.7058184146881104 3.126636028289795 
v -14.310895919799805 2.687648296356201 3.126636028289795 
v -14.261387825012207 2.6357340812683105 3.126636028289795 
v -14.241583824157715 2.5682451725006104 3.126636028289795 
v -14.261387825012207 2.4981608390808105 3.126636028289795 
v -14.310895919799805 2.446246385574341 3.126636028289795 
v -14.310895919799805 2.446246385574341 3.4902687072753906 
v -14.293072700500488 2.415097713470459 3.55595064163208 
v -14.380208969116211 2.4280765056610107 3.4902687072753906 
v -14.380208969116211 2.3917362689971924 3.55595064163208 
v -14.449522018432617 2.446246385574341 3.4902687072753906 
v -14.469325065612793 2.415097713470459 3.55595064163208 
v -14.50101089477539 2.4981608390808105 3.4902687072753906 
v -14.532696723937988 2.4799907207489014 3.55595064163208 
v -14.518834114074707 2.5682451725006104 3.4902687072753906 
v -14.556461334228516 2.5682451725006104 3.55595064163208 
v -14.50101089477539 2.6357340812683105 3.4902687072753906 
v -14.532696723937988 2.6564998626708984 3.55595064163208 
v -14.449522018432617 2.687648296356201 3.4902687072753906 
v -14.469325065612793 2.718796968460083 3.55595064163208 
v -14.380208969116211 2.7058184146881104 3.4902687072753906 
v -14.380208969116211 2.7421584129333496 3.55595064163208 
v -14.310895919799805 2.687648296356201 3.4902687072753906 
v -14.293072700500488 2.718796968460083 3.55595064163208 
v -14.261387825012207 2.6357340812683105 3.4902687072753906 
v -14.227721214294434 2.6564998626708984 3.55595064163208 
v -14.241583824157715 2.5682451725006104 3.4902687072753906 
v -14.203956604003906 2.5682451725006104 3.55595064163208 
v -14.261387825012207 2.4981608390808105 3.4902687072753906 
v -14.227721214294434 2.4799907207489014 3.55595064163208 
v -14.310895919799805 2.446246385574341 3.4902687072753906 
v -14.293072700500488 2.415097713470459 3.55595064163208 
v -14.293072700500488 2.415097713470459 3.608063220977783 
v -14.380208969116211 2.3917362689971924 3.608063220977783 
v -14.469325065612793 2.415097713470459 3.608063220977783 
v -14.532696723937988 2.4799907207489014 3.608063220977783 
v -14.556461334228516 2.5682451725006104 3.608063220977783 
v -14.532696723937988 2.6564998626708984 3.608063220977783 
v -14.469325065612793 2.718796968460083 3.608063220977783 
v -14.380208969116211 2.7421584129333496 3.608063220977783 
v -14.293072700500488 2.718796968460083 3.608063220977783 
v -14.227721214294434 2.6564998626708984 3.608063220977783 
v -14.203956604003906 2.5682451725006104 3.608063220977783 
v -14.227721214294434 2.4799907207489014 3.608063220977783 
v -14.293072700500488 2.415097713470459 3.608063220977783 
v 17.467941284179688 20.338544845581055 3.535452127456665 
v 17.402587890625 20.400840759277344 3.535452127456665 
v 17.4917049407959 20.250289916992188 3.535452127456665 
v 17.315452575683594 20.426799774169922 3.535452127456665 
v 17.226337432861328 20.400840759277344 3.535452127456665 
v 17.162965774536133 20.338544845581055 3.535452127456665 
v 17.13920021057129 20.250289916992188 3.535452127456665 
v 17.162965774536133 20.16203498840332 3.535452127456665 
v 17.226337432861328 20.097143173217773 3.535452127456665 
v 17.315452575683594 20.073780059814453 3.535452127456665 
v 17.402587890625 20.097143173217773 3.535452127456665 
v -13.56628131866455 -30.9139461517334 2.858855724334717 
v -13.68708324432373 -30.94509506225586 2.858855724334717 
v -13.477165222167969 -30.823097229003906 2.858855724334717 
v -13.80986499786377 -30.9139461517334 2.858855724334717 
v -13.898981094360352 -30.823097229003906 2.858855724334717 
v -13.932647705078125 -30.70109748840332 2.858855724334717 
v -13.898981094360352 -30.579099655151367 2.858855724334717 
v -13.80986499786377 -30.4908447265625 2.858855724334717 
v -13.68708324432373 -30.45709991455078 2.858855724334717 
v -13.56628131866455 -30.4908447265625 2.858855724334717 
v -13.477165222167969 -30.579099655151367 2.858855724334717 
v 13.016091346740723 -6.560902118682861 3.1094577312469482 
v 12.420002937316895 -13.385049819946289 2.7344207763671875 
v 19.796844482421875 -7.155322074890137 2.7344207763671875 
v 17.685779571533203 -13.847087860107422 2.7344207763671875 
v -21.747148513793945 -10.727032661437988 3.5546514987945557 
v -21.747148513793945 -28.393503189086914 3.3905186653137207 
v -15.712991714477539 -10.727032661437988 2.9708759784698486 
v -15.712991714477539 -28.393503189086914 2.9708759784698486 
v -13.617770195007324 -30.823097229003906 3.126636028289795 
v -13.617770195007324 -30.823097229003906 3.4902687072753906 
v -13.68708324432373 -30.841266632080078 3.126636028289795 
v -13.68708324432373 -30.841266632080078 3.4902687072753906 
v -13.75639533996582 -30.823097229003906 3.126636028289795 
v -13.75639533996582 -30.823097229003906 3.4902687072753906 
v -13.80788516998291 -30.771183013916016 3.126636028289795 
v -13.80788516998291 -30.771183013916016 3.4902687072753906 
v -13.825708389282227 -30.70109748840332 3.126636028289795 
v -13.825708389282227 -30.70109748840332 3.4902687072753906 
v -13.80788516998291 -30.633609771728516 3.126636028289795 
v -13.80788516998291 -30.633609771728516 3.4902687072753906 
v -13.75639533996582 -30.581695556640625 3.126636028289795 
v -13.75639533996582 -30.581695556640625 3.4902687072753906 
v -13.68708324432373 -30.56352424621582 3.126636028289795 
v -13.68708324432373 -30.56352424621582 3.4902687072753906 
v -13.617770195007324 -30.581695556640625 3.126636028289795 
v -13.617770195007324 -30.581695556640625 3.4902687072753906 
v -13.56826114654541 -30.633609771728516 3.126636028289795 
v -13.56826114654541 -30.633609771728516 3.4902687072753906 
v -13.548458099365234 -30.70109748840332 3.126636028289795 
v -13.548458099365234 -30.70109748840332 3.4902687072753906 
v -13.56826114654541 -30.771183013916016 3.126636028289795 
v -13.56826114654541 -30.771183013916016 3.4902687072753906 
v -13.617770195007324 -30.823097229003906 3.126636028289795 
v -13.617770195007324 -30.823097229003906 3.4902687072753906 
v 21.674224853515625 -35.61479568481445 2.6606547832489014 
v 21.674224853515625 -35.61479568481445 2.8473072052001953 
v 21.553422927856445 -35.64594268798828 2.6606547832489014 
v 21.553422927856445 -35.64594268798828 2.8473072052001953 
v 21.430641174316406 -35.61479568481445 2.6606547832489014 
v 21.430641174316406 -35.61479568481445 2.8473072052001953 
v 21.341524124145508 -35.52394485473633 2.6606547832489014 
v 21.341524124145508 -35.52394485473633 2.8473072052001953 
v 21.307859420776367 -35.401947021484375 2.6606547832489014 
v 21.307859420776367 -35.401947021484375 2.8473072052001953 
v 21.341524124145508 -35.27994918823242 2.6606547832489014 
v 21.341524124145508 -35.27994918823242 2.8473072052001953 
v 21.430641174316406 -35.19169235229492 2.6606547832489014 
v 21.430641174316406 -35.19169235229492 2.8473072052001953 
v 21.553422927856445 -35.1579475402832 2.6606547832489014 
v 21.553422927856445 -35.1579475402832 2.8473072052001953 
v 21.674224853515625 -35.19169235229492 2.6606547832489014 
v 21.674224853515625 -35.19169235229492 2.8473072052001953 
v 21.763341903686523 -35.27994918823242 2.6606547832489014 
v 21.763341903686523 -35.27994918823242 2.8473072052001953 
v 21.797006607055664 -35.401947021484375 2.6606547832489014 
v 21.797006607055664 -35.401947021484375 2.8473072052001953 
v 21.763341903686523 -35.52394485473633 2.6606547832489014 
v 21.763341903686523 -35.52394485473633 2.8473072052001953 
v 21.674224853515625 -35.61479568481445 2.6606547832489014 
v 21.674224853515625 -35.61479568481445 2.8473072052001953 
v -13.56628131866455 -30.9139461517334 2.858855724334717 
v -13.56628131866455 -30.9139461517334 3.045363664627075 
v -13.68708324432373 -30.94509506225586 2.858855724334717 
v -13.68708324432373 -30.94509506225586 3.045363664627075 
v -13.80986499786377 -30.9139461517334 2.858855724334717 
v -13.80986499786377 -30.9139461517334 3.045363664627075 
v -13.898981094360352 -30.823097229003906 2.858855724334717 
v -13.898981094360352 -30.823097229003906 3.045363664627075 
v -13.932647705078125 -30.70109748840332 2.858855724334717 
v -13.932647705078125 -30.70109748840332 3.045363664627075 
v -13.898981094360352 -30.579099655151367 2.858855724334717 
v -13.898981094360352 -30.579099655151367 3.045363664627075 
v -13.80986499786377 -30.4908447265625 2.858855724334717 
v -13.80986499786377 -30.4908447265625 3.045363664627075 
v -13.68708324432373 -30.45709991455078 2.858855724334717 
v -13.68708324432373 -30.45709991455078 3.045363664627075 
v -13.56628131866455 -30.4908447265625 2.858855724334717 
v -13.56628131866455 -30.4908447265625 3.045363664627075 
v -13.477165222167969 -30.579099655151367 2.858855724334717 
v -13.477165222167969 -30.579099655151367 3.045363664627075 
v -13.443498611450195 -30.70109748840332 2.858855724334717 
v -13.443498611450195 -30.70109748840332 3.045363664627075 
v -13.477165222167969 -30.823097229003906 2.858855724334717 
v -13.477165222167969 -30.823097229003906 3.045363664627075 
v -13.56628131866455 -30.9139461517334 2.858855724334717 
v -13.56628131866455 -30.9139461517334 3.045363664627075 
v -13.617770195007324 -30.823097229003906 3.4902687072753906 
v -13.599946975708008 -30.854246139526367 3.55595064163208 
v -13.68708324432373 -30.841266632080078 3.4902687072753906 
v -13.68708324432373 -30.877607345581055 3.55595064163208 
v -13.75639533996582 -30.823097229003906 3.4902687072753906 
v -13.776199340820312 -30.854246139526367 3.55595064163208 
v -13.80788516998291 -30.771183013916016 3.4902687072753906 
v -13.839570999145508 -30.789352416992188 3.55595064163208 
v -13.825708389282227 -30.70109748840332 3.4902687072753906 
v -13.863334655761719 -30.70109748840332 3.55595064163208 
v -13.80788516998291 -30.633609771728516 3.4902687072753906 
v -13.839570999145508 -30.612842559814453 3.55595064163208 
v -13.75639533996582 -30.581695556640625 3.4902687072753906 
v -13.776199340820312 -30.550546646118164 3.55595064163208 
v -13.68708324432373 -30.56352424621582 3.4902687072753906 
v -13.68708324432373 -30.52458953857422 3.55595064163208 
v -13.617770195007324 -30.581695556640625 3.4902687072753906 
v -13.599946975708008 -30.550546646118164 3.55595064163208 
v -13.56826114654541 -30.633609771728516 3.4902687072753906 
v -13.534595489501953 -30.612842559814453 3.55595064163208 
v -13.548458099365234 -30.70109748840332 3.4902687072753906 
v -13.510830879211426 -30.70109748840332 3.55595064163208 
v -13.56826114654541 -30.771183013916016 3.4902687072753906 
v -13.534595489501953 -30.789352416992188 3.55595064163208 
v -13.617770195007324 -30.823097229003906 3.4902687072753906 
v -13.599946975708008 -30.854246139526367 3.55595064163208 
v -13.599946975708008 -30.854246139526367 3.608063220977783 
v -13.68708324432373 -30.877607345581055 3.608063220977783 
v -13.776199340820312 -30.854246139526367 3.608063220977783 
v -13.839570999145508 -30.789352416992188 3.608063220977783 
v -13.863334655761719 -30.70109748840332 3.608063220977783 
v -13.839570999145508 -30.612842559814453 3.608063220977783 
v -13.776199340820312 -30.550546646118164 3.608063220977783 
v -13.68708324432373 -30.52458953857422 3.608063220977783 
v -13.599946975708008 -30.550546646118164 3.608063220977783 
v -13.534595489501953 -30.612842559814453 3.608063220977783 
v -13.510830879211426 -30.70109748840332 3.608063220977783 
v -13.534595489501953 -30.789352416992188 3.608063220977783 
v -13.599946975708008 -30.854246139526367 3.608063220977783 
v -13.534595489501953 -30.612842559814453 3.608063220977783 
v -13.599946975708008 -30.550546646118164 3.608063220977783 
v -13.510830879211426 -30.70109748840332 3.608063220977783 
v -13.68708324432373 -30.52458953857422 3.608063220977783 
v -13.776199340820312 -30.550546646118164 3.608063220977783 
v -13.839570999145508 -30.612842559814453 3.608063220977783 
v -13.863334655761719 -30.70109748840332 3.608063220977783 
v -13.839570999145508 -30.789352416992188 3.608063220977783 
v -13.776199340820312 -30.854246139526367 3.608063220977783 
v -13.68708324432373 -30.877607345581055 3.608063220977783 
v -13.599946975708008 -30.854246139526367 3.608063220977783 
v 22.86838150024414 -11.061880111694336 2.8473072052001953 
v 22.84857940673828 -11.028136253356934 2.8939342498779297 
v 22.7455997467041 -11.093029022216797 2.8473072052001953 
v 22.7455997467041 -11.054093360900879 2.8939342498779297 
v 22.624797821044922 -11.061880111694336 2.8473072052001953 
v 22.642621994018555 -11.028136253356934 2.8939342498779297 
v 22.533700942993164 -10.971030235290527 2.8473072052001953 
v 22.567367553710938 -10.952859878540039 2.8939342498779297 
v 22.502016067504883 -10.849031448364258 2.8473072052001953 
v 22.539642333984375 -10.849031448364258 2.8939342498779297 
v 22.533700942993164 -10.727032661437988 2.8473072052001953 
v 22.567367553710938 -10.745203018188477 2.8939342498779297 
v 22.624797821044922 -10.638777732849121 2.8473072052001953 
v 22.642621994018555 -10.669926643371582 2.8939342498779297 
v 22.7455997467041 -10.605033874511719 2.8473072052001953 
v 22.7455997467041 -10.643969535827637 2.8939342498779297 
v 22.86838150024414 -10.638777732849121 2.8473072052001953 
v 22.84857940673828 -10.669926643371582 2.8939342498779297 
v 22.95749855041504 -10.727032661437988 2.8473072052001953 
v 22.923831939697266 -10.745203018188477 2.8939342498779297 
v 22.98918342590332 -10.849031448364258 2.8473072052001953 
v 22.951557159423828 -10.849031448364258 2.8939342498779297 
v 22.95749855041504 -10.971030235290527 2.8473072052001953 
v 22.923831939697266 -10.952859878540039 2.8939342498779297 
v 22.86838150024414 -11.061880111694336 2.8473072052001953 
v 22.84857940673828 -11.028136253356934 2.8939342498779297 
v 22.814912796020508 -10.96843433380127 2.928579568862915 
v 22.7455997467041 -10.989200592041016 2.928579568862915 
v 22.676286697387695 -10.96843433380127 2.928579568862915 
v 22.62677764892578 -10.919116020202637 2.928579568862915 
v 22.606975555419922 -10.849031448364258 2.928579568862915 
v 22.62677764892578 -10.778946876525879 2.928579568862915 
v 22.676286697387695 -10.729628562927246 2.928579568862915 
v 22.7455997467041 -10.711458206176758 2.928579568862915 
v 22.814912796020508 -10.729628562927246 2.928579568862915 
v 22.86640167236328 -10.778946876525879 2.928579568862915 
v 22.884225845336914 -10.849031448364258 2.928579568862915 
v 22.86640167236328 -10.919116020202637 2.928579568862915 
v 22.814912796020508 -10.96843433380127 2.928579568862915 
v 9.849495887756348 -25.38246726989746 2.8259425163269043 
v 11.388235092163086 -42.981449127197266 2.8259425163269043 
v 21.87424087524414 -24.331201553344727 2.6424660682678223 
v 23.412981033325195 -41.93018341064453 2.6424660682678223 
v -12.997918128967285 -39.23323059082031 2.9717419147491455 
v -13.120699882507324 -39.26437759399414 2.9717419147491455 
v -12.908801078796387 -39.14237976074219 2.9717419147491455 
v -13.24348258972168 -39.23323059082031 2.9717419147491455 
v -13.332598686218262 -39.14237976074219 2.9717419147491455 
v -13.36428451538086 -39.020381927490234 2.9717419147491455 
v -13.332598686218262 -38.898380279541016 2.9717419147491455 
v -13.24348258972168 -38.81012725830078 2.9717419147491455 
v -13.120699882507324 -38.77638244628906 2.9717419147491455 
v -12.997918128967285 -38.81012725830078 2.9717419147491455 
v -12.908801078796387 -38.898380279541016 2.9717419147491455 
v -21.747148513793945 -28.393503189086914 3.3905186653137207 
v -21.747148513793945 -10.727032661437988 3.5546514987945557 
v -24.765216827392578 -28.393503189086914 3.6868815422058105 
v -24.765216827392578 -10.727032661437988 3.6868815422058105 
v -13.051387786865234 -39.1397819519043 3.239666700363159 
v -13.051387786865234 -39.1397819519043 3.603299617767334 
v -13.120699882507324 -39.16054916381836 3.239666700363159 
v -13.120699882507324 -39.16054916381836 3.603299617767334 
v -13.19001293182373 -39.1397819519043 3.239666700363159 
v -13.19001293182373 -39.1397819519043 3.603299617767334 
v -13.241501808166504 -39.0904655456543 3.239666700363159 
v -13.241501808166504 -39.0904655456543 3.603299617767334 
v -13.25932502746582 -39.020381927490234 3.239666700363159 
v -13.25932502746582 -39.020381927490234 3.603299617767334 
v -13.241501808166504 -38.950294494628906 3.239666700363159 
v -13.241501808166504 -38.950294494628906 3.603299617767334 
v -13.19001293182373 -38.900978088378906 3.239666700363159 
v -13.19001293182373 -38.900978088378906 3.603299617767334 
v -13.120699882507324 -38.882808685302734 3.239666700363159 
v -13.120699882507324 -38.882808685302734 3.603299617767334 
v -13.051387786865234 -38.900978088378906 3.239666700363159 
v -13.051387786865234 -38.900978088378906 3.603299617767334 
v -12.999897956848145 -38.950294494628906 3.239666700363159 
v -12.999897956848145 -38.950294494628906 3.603299617767334 
v -12.982074737548828 -39.020381927490234 3.239666700363159 
v -12.982074737548828 -39.020381927490234 3.603299617767334 
v -12.999897956848145 -39.0904655456543 3.239666700363159 
v -12.999897956848145 -39.0904655456543 3.603299617767334 
v -13.051387786865234 -39.1397819519043 3.239666700363159 
v -13.051387786865234 -39.1397819519043 3.603299617767334 
v -12.997918128967285 -39.23323059082031 3.1583943367004395 
v -13.017721176147461 -39.199485778808594 3.2051656246185303 
v -13.120699882507324 -39.26437759399414 3.1583943367004395 
v -13.120699882507324 -39.225440979003906 3.2051656246185303 
v -13.24348258972168 -39.23323059082031 3.1583943367004395 
v -13.223678588867188 -39.199485778808594 3.2051656246185303 
v -13.332598686218262 -39.14237976074219 3.1583943367004395 
v -13.298932075500488 -39.124210357666016 3.2051656246185303 
v -13.36428451538086 -39.020381927490234 3.1583943367004395 
v -13.32665729522705 -39.020381927490234 3.2051656246185303 
v -13.332598686218262 -38.898380279541016 3.1583943367004395 
v -13.298932075500488 -38.91914749145508 3.2051656246185303 
v -13.24348258972168 -38.81012725830078 3.1583943367004395 
v -13.223678588867188 -38.8438720703125 3.2051656246185303 
v -13.120699882507324 -38.77638244628906 3.1583943367004395 
v -13.120699882507324 -38.8153190612793 3.2051656246185303 
v -12.997918128967285 -38.81012725830078 3.1583943367004395 
v -13.017721176147461 -38.8438720703125 3.2051656246185303 
v -12.908801078796387 -38.898380279541016 3.1583943367004395 
v -12.94246768951416 -38.91914749145508 3.2051656246185303 
v -12.877115249633789 -39.020381927490234 3.1583943367004395 
v -12.914742469787598 -39.020381927490234 3.2051656246185303 
v -12.908801078796387 -39.14237976074219 3.1583943367004395 
v -12.94246768951416 -39.124210357666016 3.2051656246185303 
v -12.997918128967285 -39.23323059082031 3.1583943367004395 
v -13.017721176147461 -39.199485778808594 3.2051656246185303 
v -13.051387786865234 -39.1397819519043 3.239666700363159 
v -13.120699882507324 -39.16054916381836 3.239666700363159 
v -13.19001293182373 -39.1397819519043 3.239666700363159 
v -13.241501808166504 -39.0904655456543 3.239666700363159 
v -13.25932502746582 -39.020381927490234 3.239666700363159 
v -13.241501808166504 -38.950294494628906 3.239666700363159 
v -13.19001293182373 -38.900978088378906 3.239666700363159 
v -13.120699882507324 -38.882808685302734 3.239666700363159 
v -13.051387786865234 -38.900978088378906 3.239666700363159 
v -12.999897956848145 -38.950294494628906 3.239666700363159 
v -12.982074737548828 -39.020381927490234 3.239666700363159 
v -12.999897956848145 -39.0904655456543 3.239666700363159 
v -13.051387786865234 -39.1397819519043 3.239666700363159 
v 22.08415985107422 -2.0573277473449707 2.72344970703125 
v 18.850231170654297 -2.0573277473449707 2.72344970703125 
v 22.08415985107422 -6.09886360168457 2.72344970703125 
v 18.850231170654297 -6.09886360168457 2.72344970703125 
v -27.78130531311035 -10.727032661437988 3.993349552154541 
v -27.78130531311035 -28.393503189086914 4.535983562469482 
v -24.765216827392578 -10.727032661437988 3.6868815422058105 
v -24.765216827392578 -28.393503189086914 3.6868815422058105 
v -13.051387786865234 -39.1397819519043 3.603299617767334 
v -13.031583786010742 -39.173526763916016 3.6689815521240234 
v -13.120699882507324 -39.16054916381836 3.603299617767334 
v -13.120699882507324 -39.1968879699707 3.6689815521240234 
v -13.19001293182373 -39.1397819519043 3.603299617767334 
v -13.207836151123047 -39.173526763916016 3.6689815521240234 
v -13.241501808166504 -39.0904655456543 3.603299617767334 
v -13.273187637329102 -39.10863494873047 3.6689815521240234 
v -13.25932502746582 -39.020381927490234 3.603299617767334 
v -13.296952247619629 -39.020381927490234 3.6689815521240234 
v -13.241501808166504 -38.950294494628906 3.603299617767334 
v -13.273187637329102 -38.932125091552734 3.6689815521240234 
v -13.19001293182373 -38.900978088378906 3.603299617767334 
v -13.207836151123047 -38.86723327636719 3.6689815521240234 
v -13.120699882507324 -38.882808685302734 3.603299617767334 
v -13.120699882507324 -38.8438720703125 3.6689815521240234 
v -13.051387786865234 -38.900978088378906 3.603299617767334 
v -13.031583786010742 -38.86723327636719 3.6689815521240234 
v -12.999897956848145 -38.950294494628906 3.603299617767334 
v -12.968212127685547 -38.932125091552734 3.6689815521240234 
v -12.982074737548828 -39.020381927490234 3.603299617767334 
v -12.94444751739502 -39.020381927490234 3.6689815521240234 
v -12.999897956848145 -39.0904655456543 3.603299617767334 
v -12.968212127685547 -39.10863494873047 3.6689815521240234 
v -13.051387786865234 -39.1397819519043 3.603299617767334 
v -13.031583786010742 -39.173526763916016 3.6689815521240234 
v -13.031583786010742 -39.173526763916016 3.7210941314697266 
v -13.120699882507324 -39.1968879699707 3.7210941314697266 
v -13.207836151123047 -39.173526763916016 3.7210941314697266 
v -13.273187637329102 -39.10863494873047 3.7210941314697266 
v -13.296952247619629 -39.020381927490234 3.7210941314697266 
v -13.273187637329102 -38.932125091552734 3.7210941314697266 
v -13.207836151123047 -38.86723327636719 3.7210941314697266 
v -13.120699882507324 -38.8438720703125 3.7210941314697266 
v -13.031583786010742 -38.86723327636719 3.7210941314697266 
v -12.968212127685547 -38.932125091552734 3.7210941314697266 
v -12.94444751739502 -39.020381927490234 3.7210941314697266 
v -12.968212127685547 -39.10863494873047 3.7210941314697266 
v -13.031583786010742 -39.173526763916016 3.7210941314697266 
v -13.617770195007324 -30.823097229003906 3.126636028289795 
v -13.584104537963867 -30.880203247070312 3.092134952545166 
v -13.56826114654541 -30.771183013916016 3.126636028289795 
v -13.50885009765625 -30.8049259185791 3.092134952545166 
v -13.548458099365234 -30.70109748840332 3.126636028289795 
v -13.481125831604004 -30.70109748840332 3.092134952545166 
v -13.56826114654541 -30.633609771728516 3.126636028289795 
v -13.50885009765625 -30.599864959716797 3.092134952545166 
v -13.617770195007324 -30.581695556640625 3.126636028289795 
v -13.584104537963867 -30.52458953857422 3.092134952545166 
v -13.68708324432373 -30.56352424621582 3.126636028289795 
v -13.68708324432373 -30.496036529541016 3.092134952545166 
v -13.75639533996582 -30.581695556640625 3.126636028289795 
v -13.790061950683594 -30.52458953857422 3.092134952545166 
v -13.80788516998291 -30.633609771728516 3.126636028289795 
v -13.865315437316895 -30.599864959716797 3.092134952545166 
v -13.825708389282227 -30.70109748840332 3.126636028289795 
v -13.893040657043457 -30.70109748840332 3.092134952545166 
v -13.80788516998291 -30.771183013916016 3.126636028289795 
v -13.865315437316895 -30.8049259185791 3.092134952545166 
v -13.75639533996582 -30.823097229003906 3.126636028289795 
v -13.790061950683594 -30.880203247070312 3.092134952545166 
v -13.68708324432373 -30.841266632080078 3.126636028289795 
v -13.68708324432373 -30.908756256103516 3.092134952545166 
v -13.617770195007324 -30.823097229003906 3.126636028289795 
v -13.584104537963867 -30.880203247070312 3.092134952545166 
v -13.56628131866455 -30.9139461517334 3.045363664627075 
v -13.477165222167969 -30.823097229003906 3.045363664627075 
v -13.443498611450195 -30.70109748840332 3.045363664627075 
v -13.477165222167969 -30.579099655151367 3.045363664627075 
v -13.56628131866455 -30.4908447265625 3.045363664627075 
v -13.68708324432373 -30.45709991455078 3.045363664627075 
v -13.80986499786377 -30.4908447265625 3.045363664627075 
v -13.898981094360352 -30.579099655151367 3.045363664627075 
v -13.932647705078125 -30.70109748840332 3.045363664627075 
v -13.898981094360352 -30.823097229003906 3.045363664627075 
v -13.80986499786377 -30.9139461517334 3.045363664627075 
v -13.68708324432373 -30.94509506225586 3.045363664627075 
v -13.56628131866455 -30.9139461517334 3.045363664627075 
v 21.70591163635254 -35.31369400024414 3.4100067615509033 
v 21.64055824279785 -35.24879837036133 3.4100067615509033 
v 21.72967529296875 -35.401947021484375 3.4100067615509033 
v 21.553422927856445 -35.22543716430664 3.4100067615509033 
v 21.46430778503418 -35.24879837036133 3.4100067615509033 
v 21.398954391479492 -35.31369400024414 3.4100067615509033 
v 21.37717056274414 -35.401947021484375 3.4100067615509033 
v 21.398954391479492 -35.49020004272461 3.4100067615509033 
v 21.46430778503418 -35.55509567260742 3.4100067615509033 
v 21.553422927856445 -35.57845687866211 3.4100067615509033 
v 21.64055824279785 -35.55509567260742 3.4100067615509033 
v 17.436254501342773 20.03744125366211 2.972752571105957 
v 17.418432235717773 20.071186065673828 3.019523859024048 
v 17.315452575683594 20.00629234313965 2.972752571105957 
v 17.315452575683594 20.042633056640625 3.019523859024048 
v 17.192670822143555 20.03744125366211 2.972752571105957 
v 17.212474822998047 20.071186065673828 3.019523859024048 
v 17.103553771972656 20.1282901763916 2.972752571105957 
v 17.13722038269043 20.146461486816406 3.019523859024048 
v 17.069889068603516 20.250289916992188 2.972752571105957 
v 17.109495162963867 20.250289916992188 3.019523859024048 
v 17.103553771972656 20.372289657592773 2.972752571105957 
v 17.13722038269043 20.35152244567871 3.019523859024048 
v 17.192670822143555 20.460542678833008 2.972752571105957 
v 17.212474822998047 20.426799774169922 3.019523859024048 
v 17.315452575683594 20.494287490844727 2.972752571105957 
v 17.315452575683594 20.455350875854492 3.019523859024048 
v 17.436254501342773 20.460542678833008 2.972752571105957 
v 17.418432235717773 20.426799774169922 3.019523859024048 
v 17.525371551513672 20.372289657592773 2.972752571105957 
v 17.493684768676758 20.35152244567871 3.019523859024048 
v 17.559036254882812 20.250289916992188 2.972752571105957 
v 17.52140998840332 20.250289916992188 3.019523859024048 
v 17.525371551513672 20.1282901763916 2.972752571105957 
v 17.493684768676758 20.146461486816406 3.019523859024048 
v 17.436254501342773 20.03744125366211 2.972752571105957 
v 17.418432235717773 20.071186065673828 3.019523859024048 
v 17.384765625 20.1282901763916 3.0541694164276123 
v 17.315452575683594 20.11012077331543 3.0541694164276123 
v 17.246139526367188 20.1282901763916 3.0541694164276123 
v 17.194650650024414 20.180206298828125 3.0541694164276123 
v 17.176828384399414 20.250289916992188 3.0541694164276123 
v 17.194650650024414 20.317779541015625 3.0541694164276123 
v 17.246139526367188 20.369693756103516 3.0541694164276123 
v 17.315452575683594 20.387863159179688 3.0541694164276123 
v 17.384765625 20.369693756103516 3.0541694164276123 
v 17.434274673461914 20.317779541015625 3.0541694164276123 
v 17.454078674316406 20.250289916992188 3.0541694164276123 
v 17.434274673461914 20.180206298828125 3.0541694164276123 
v 17.384765625 20.1282901763916 3.0541694164276123 
v -29.3754940032959 29.260034561157227 3.016636848449707 
v -32.03907775878906 31.925838470458984 3.016636848449707 
v -29.3754940032959 -44.1495246887207 3.016636848449707 
v -32.03907775878906 -46.81532669067383 3.016636848449707 
v -12.997918128967285 -39.23323059082031 2.9717419147491455 
v -12.997918128967285 -39.23323059082031 3.1583943367004395 
v -13.120699882507324 -39.26437759399414 2.9717419147491455 
v -13.120699882507324 -39.26437759399414 3.1583943367004395 
v -13.24348258972168 -39.23323059082031 2.9717419147491455 
v -13.24348258972168 -39.23323059082031 3.1583943367004395 
v -13.332598686218262 -39.14237976074219 2.9717419147491455 
v -13.332598686218262 -39.14237976074219 3.1583943367004395 
v -13.36428451538086 -39.020381927490234 2.9717419147491455 
v -13.36428451538086 -39.020381927490234 3.1583943367004395 
v -13.332598686218262 -38.898380279541016 2.9717419147491455 
v -13.332598686218262 -38.898380279541016 3.1583943367004395 
v -13.24348258972168 -38.81012725830078 2.9717419147491455 
v -13.24348258972168 -38.81012725830078 3.1583943367004395 
v -13.120699882507324 -38.77638244628906 2.9717419147491455 
v -13.120699882507324 -38.77638244628906 3.1583943367004395 
v -12.997918128967285 -38.81012725830078 2.9717419147491455 
v -12.997918128967285 -38.81012725830078 3.1583943367004395 
v -12.908801078796387 -38.898380279541016 2.9717419147491455 
v -12.908801078796387 -38.898380279541016 3.1583943367004395 
v -12.877115249633789 -39.020381927490234 2.9717419147491455 
v -12.877115249633789 -39.020381927490234 3.1583943367004395 
v -12.908801078796387 -39.14237976074219 2.9717419147491455 
v -12.908801078796387 -39.14237976074219 3.1583943367004395 
v -12.997918128967285 -39.23323059082031 2.9717419147491455 
v -12.997918128967285 -39.23323059082031 3.1583943367004395 
v -3.6426970958709717 -28.393503189086914 3.946000576019287 
v -3.6426970958709717 -17.08395004272461 2.787255048751831 
v -12.00971794128418 -28.393503189086914 3.1589717864990234 
v -9.694677352905273 -22.75300407409668 2.879354238510132 
v -32.03907775878906 31.925838470458984 3.016636848449707 
v -29.3754940032959 29.260034561157227 3.016636848449707 
v 27.015256881713867 31.925838470458984 3.016636848449707 
v 24.34969139099121 29.260034561157227 3.016636848449707 
v 15.618284225463867 -2.0573277473449707 2.951099157333374 
v 15.618284225463867 -6.09886360168457 3.224653720855713 
v 18.850231170654297 -2.0573277473449707 2.72344970703125 
v 18.850231170654297 -6.09886360168457 2.72344970703125 
v 8.914765357971191 -17.6757755279541 2.7344207763671875 
v -6.3181633949279785 -17.6757755279541 2.7344207763671875 
v 8.914765357971191 -24.1027774810791 2.7344207763671875 
v -6.3181633949279785 -24.1027774810791 2.7344207763671875 
v -5.991404056549072 16.816152572631836 2.972752571105957 
v -5.991404056549072 16.816152572631836 2.7862446308135986 
v -5.900307655334473 16.904407501220703 2.972752571105957 
v -5.900307655334473 16.904407501220703 2.7862446308135986 
v -5.868621826171875 17.026405334472656 2.972752571105957 
v -5.868621826171875 17.026405334472656 2.7862446308135986 
v -5.900307655334473 17.148405075073242 2.972752571105957 
v -5.900307655334473 17.148405075073242 2.7862446308135986 
v -5.991404056549072 17.239253997802734 2.972752571105957 
v -5.991404056549072 17.239253997802734 2.7862446308135986 
v -6.112205982208252 17.270402908325195 2.972752571105957 
v -6.112205982208252 17.270402908325195 2.7862446308135986 
v -6.234988212585449 17.239253997802734 2.972752571105957 
v -6.234988212585449 17.239253997802734 2.7862446308135986 
v -6.324104309082031 17.148405075073242 2.972752571105957 
v -6.324104309082031 17.148405075073242 2.7862446308135986 
v -6.355790138244629 17.026405334472656 2.972752571105957 
v -6.355790138244629 17.026405334472656 2.7862446308135986 
v -6.324104309082031 16.904407501220703 2.972752571105957 
v -6.324104309082031 16.904407501220703 2.7862446308135986 
v -6.234988212585449 16.816152572631836 2.972752571105957 
v -6.234988212585449 16.816152572631836 2.7862446308135986 
v -6.112205982208252 16.782407760620117 2.972752571105957 
v -6.112205982208252 16.782407760620117 2.7862446308135986 
v -5.991404056549072 16.816152572631836 2.972752571105957 
v -5.991404056549072 16.816152572631836 2.7862446308135986 
v -5.959718227386475 17.114660263061523 3.535452127456665 
v -6.0250701904296875 17.179553985595703 3.535452127456665 
v -5.9359540939331055 17.026405334472656 3.535452127456665 
v -6.112205982208252 17.20291519165039 3.535452127456665 
v -6.201322078704834 17.179553985595703 3.535452127456665 
v -6.264693737030029 17.114660263061523 3.535452127456665 
v -6.288457870483398 17.026405334472656 3.535452127456665 
v -6.264693737030029 16.93815040588379 3.535452127456665 
v -6.201322078704834 16.873258590698242 3.535452127456665 
v -6.112205982208252 16.849897384643555 3.535452127456665 
v -6.0250701904296875 16.873258590698242 3.535452127456665 
v 3.837122678756714 -25.909399032592773 3.409573793411255 
v 5.377842903137207 -43.50838088989258 3.24544095993042 
v 9.849495887756348 -25.38246726989746 2.8259425163269043 
v 11.388235092163086 -42.981449127197266 2.8259425163269043 
v 21.674224853515625 -35.61479568481445 2.6606547832489014 
v 21.553422927856445 -35.64594268798828 2.6606547832489014 
v 21.763341903686523 -35.52394485473633 2.6606547832489014 
v 21.430641174316406 -35.61479568481445 2.6606547832489014 
v 21.341524124145508 -35.52394485473633 2.6606547832489014 
v 21.307859420776367 -35.401947021484375 2.6606547832489014 
v 21.341524124145508 -35.27994918823242 2.6606547832489014 
v 21.430641174316406 -35.19169235229492 2.6606547832489014 
v 21.553422927856445 -35.1579475402832 2.6606547832489014 
v 21.674224853515625 -35.19169235229492 2.6606547832489014 
v 21.763341903686523 -35.27994918823242 2.6606547832489014 
v 19.456222534179688 3.064027786254883 2.72344970703125 
v 16.224273681640625 3.064027786254883 2.8278191089630127 
v 19.456222534179688 -0.9775082468986511 2.72344970703125 
v 16.224273681640625 -0.9775082468986511 2.72344970703125 
v -26.684185028076172 -10.444099426269531 2.7150771617889404 
v -20.630224227905273 -10.444099426269531 2.7344207763671875 
v -26.684185028076172 -3.5965898036956787 2.7150771617889404 
v -20.630224227905273 -3.5965898036956787 2.7344207763671875 
v 21.62273597717285 -35.5213508605957 3.2923567295074463 
v 21.62273597717285 -35.5213508605957 2.928579568862915 
v 21.672245025634766 -35.47203063964844 3.2923567295074463 
v 21.672245025634766 -35.47203063964844 2.928579568862915 
v 21.692049026489258 -35.401947021484375 3.2923567295074463 
v 21.692049026489258 -35.401947021484375 2.928579568862915 
v 21.672245025634766 -35.33186340332031 3.2923567295074463 
v 21.672245025634766 -35.33186340332031 2.928579568862915 
v 21.62273597717285 -35.28254318237305 3.2923567295074463 
v 21.62273597717285 -35.28254318237305 2.928579568862915 
v 21.553422927856445 -35.264373779296875 3.2923567295074463 
v 21.553422927856445 -35.264373779296875 2.928579568862915 
v 21.48410987854004 -35.28254318237305 3.2923567295074463 
v 21.48410987854004 -35.28254318237305 2.928579568862915 
v 21.432621002197266 -35.33186340332031 3.2923567295074463 
v 21.432621002197266 -35.33186340332031 2.928579568862915 
v 21.414798736572266 -35.401947021484375 3.2923567295074463 
v 21.414798736572266 -35.401947021484375 2.928579568862915 
v 21.432621002197266 -35.47203063964844 3.2923567295074463 
v 21.432621002197266 -35.47203063964844 2.928579568862915 
v 21.48410987854004 -35.5213508605957 3.2923567295074463 
v 21.48410987854004 -35.5213508605957 2.928579568862915 
v 21.553422927856445 -35.5421142578125 3.2923567295074463 
v 21.553422927856445 -35.5421142578125 2.928579568862915 
v 21.62273597717285 -35.5213508605957 3.2923567295074463 
v 21.62273597717285 -35.5213508605957 2.928579568862915 
v 21.545501708984375 -4.229945182800293 2.6606547832489014 
v 21.545501708984375 -4.229945182800293 2.8473072052001953 
v 21.422719955444336 -4.261094093322754 2.6606547832489014 
v 21.422719955444336 -4.261094093322754 2.8473072052001953 
v 21.299936294555664 -4.229945182800293 2.6606547832489014 
v 21.299936294555664 -4.229945182800293 2.8473072052001953 
v 21.2108211517334 -4.139095306396484 2.6606547832489014 
v 21.2108211517334 -4.139095306396484 2.8473072052001953 
v 21.177154541015625 -4.017096519470215 2.6606547832489014 
v 21.177154541015625 -4.017096519470215 2.8473072052001953 
v 21.2108211517334 -3.895097494125366 2.6606547832489014 
v 21.2108211517334 -3.895097494125366 2.8473072052001953 
v 21.299936294555664 -3.8068430423736572 2.6606547832489014 
v 21.299936294555664 -3.8068430423736572 2.8473072052001953 
v 21.422719955444336 -3.7730987071990967 2.6606547832489014 
v 21.422719955444336 -3.7730987071990967 2.8473072052001953 
v 21.545501708984375 -3.8068430423736572 2.6606547832489014 
v 21.545501708984375 -3.8068430423736572 2.8473072052001953 
v 21.634618759155273 -3.895097494125366 2.6606547832489014 
v 21.634618759155273 -3.895097494125366 2.8473072052001953 
v 21.666303634643555 -4.017096519470215 2.6606547832489014 
v 21.666303634643555 -4.017096519470215 2.8473072052001953 
v 21.634618759155273 -4.139095306396484 2.6606547832489014 
v 21.634618759155273 -4.139095306396484 2.8473072052001953 
v 21.545501708984375 -4.229945182800293 2.6606547832489014 
v 21.545501708984375 -4.229945182800293 2.8473072052001953 
v 21.62273597717285 -35.5213508605957 3.2923567295074463 
v 21.64055824279785 -35.55509567260742 3.3578944206237793 
v 21.553422927856445 -35.5421142578125 3.2923567295074463 
v 21.553422927856445 -35.57845687866211 3.3578944206237793 
v 21.48410987854004 -35.5213508605957 3.2923567295074463 
v 21.46430778503418 -35.55509567260742 3.3578944206237793 
v 21.432621002197266 -35.47203063964844 3.2923567295074463 
v 21.398954391479492 -35.49020004272461 3.3578944206237793 
v 21.414798736572266 -35.401947021484375 3.2923567295074463 
v 21.37717056274414 -35.401947021484375 3.3578944206237793 
v 21.432621002197266 -35.33186340332031 3.2923567295074463 
v 21.398954391479492 -35.31369400024414 3.3578944206237793 
v 21.48410987854004 -35.28254318237305 3.2923567295074463 
v 21.46430778503418 -35.24879837036133 3.3578944206237793 
v 21.553422927856445 -35.264373779296875 3.2923567295074463 
v 21.553422927856445 -35.22543716430664 3.3578944206237793 
v 21.62273597717285 -35.28254318237305 3.2923567295074463 
v 21.64055824279785 -35.24879837036133 3.3578944206237793 
v 21.672245025634766 -35.33186340332031 3.2923567295074463 
v 21.70591163635254 -35.31369400024414 3.3578944206237793 
v 21.692049026489258 -35.401947021484375 3.2923567295074463 
v 21.72967529296875 -35.401947021484375 3.3578944206237793 
v 21.672245025634766 -35.47203063964844 3.2923567295074463 
v 21.70591163635254 -35.49020004272461 3.3578944206237793 
v 21.62273597717285 -35.5213508605957 3.2923567295074463 
v 21.64055824279785 -35.55509567260742 3.3578944206237793 
v 21.64055824279785 -35.55509567260742 3.4100067615509033 
v 21.553422927856445 -35.57845687866211 3.4100067615509033 
v 21.46430778503418 -35.55509567260742 3.4100067615509033 
v 21.398954391479492 -35.49020004272461 3.4100067615509033 
v 21.37717056274414 -35.401947021484375 3.4100067615509033 
v 21.398954391479492 -35.31369400024414 3.4100067615509033 
v 21.46430778503418 -35.24879837036133 3.4100067615509033 
v 21.553422927856445 -35.22543716430664 3.4100067615509033 
v 21.64055824279785 -35.24879837036133 3.4100067615509033 
v 21.70591163635254 -35.31369400024414 3.4100067615509033 
v 21.72967529296875 -35.401947021484375 3.4100067615509033 
v 21.70591163635254 -35.49020004272461 3.4100067615509033 
v 21.64055824279785 -35.55509567260742 3.4100067615509033 
v 21.492033004760742 -4.139095306396484 3.2923567295074463 
v 21.492033004760742 -4.139095306396484 2.928579568862915 
v 21.543521881103516 -4.0871806144714355 3.2923567295074463 
v 21.543521881103516 -4.0871806144714355 2.928579568862915 
v 21.561344146728516 -4.017096519470215 3.2923567295074463 
v 21.561344146728516 -4.017096519470215 2.928579568862915 
v 21.543521881103516 -3.9496076107025146 3.2923567295074463 
v 21.543521881103516 -3.9496076107025146 2.928579568862915 
v 21.492033004760742 -3.897693157196045 3.2923567295074463 
v 21.492033004760742 -3.897693157196045 2.928579568862915 
v 21.422719955444336 -3.879523277282715 3.2923567295074463 
v 21.422719955444336 -3.879523277282715 2.928579568862915 
v 21.35340690612793 -3.897693157196045 3.2923567295074463 
v 21.35340690612793 -3.897693157196045 2.928579568862915 
v 21.301918029785156 -3.9496076107025146 3.2923567295074463 
v 21.301918029785156 -3.9496076107025146 2.928579568862915 
v 21.284093856811523 -4.017096519470215 3.2923567295074463 
v 21.284093856811523 -4.017096519470215 2.928579568862915 
v 21.301918029785156 -4.0871806144714355 3.2923567295074463 
v 21.301918029785156 -4.0871806144714355 2.928579568862915 
v 21.35340690612793 -4.139095306396484 3.2923567295074463 
v 21.35340690612793 -4.139095306396484 2.928579568862915 
v 21.422719955444336 -4.1572651863098145 3.2923567295074463 
v 21.422719955444336 -4.1572651863098145 2.928579568862915 
v 21.492033004760742 -4.139095306396484 3.2923567295074463 
v 21.492033004760742 -4.139095306396484 2.928579568862915 
v 20.84841537475586 -18.316917419433594 3.2923567295074463 
v 20.86821937561035 -18.350662231445312 3.3578944206237793 
v 20.779102325439453 -18.3350887298584 3.2923567295074463 
v 20.779102325439453 -18.3740234375 3.3578944206237793 
v 20.709789276123047 -18.316917419433594 3.2923567295074463 
v 20.691967010498047 -18.350662231445312 3.3578944206237793 
v 20.658300399780273 -18.26759910583496 3.2923567295074463 
v 20.626615524291992 -18.285768508911133 3.3578944206237793 
v 20.640478134155273 -18.1975154876709 3.2923567295074463 
v 20.60284996032715 -18.1975154876709 3.3578944206237793 
v 20.658300399780273 -18.127429962158203 3.2923567295074463 
v 20.626615524291992 -18.10926055908203 3.3578944206237793 
v 20.709789276123047 -18.07811164855957 3.2923567295074463 
v 20.691967010498047 -18.04436683654785 3.3578944206237793 
v 20.779102325439453 -18.0599422454834 3.2923567295074463 
v 20.779102325439453 -18.021005630493164 3.3578944206237793 
v 20.84841537475586 -18.07811164855957 3.2923567295074463 
v 20.86821937561035 -18.04436683654785 3.3578944206237793 
v 20.899904251098633 -18.127429962158203 3.2923567295074463 
v 20.931591033935547 -18.10926055908203 3.3578944206237793 
v 20.917728424072266 -18.1975154876709 3.2923567295074463 
v 20.955354690551758 -18.1975154876709 3.3578944206237793 
v 20.899904251098633 -18.26759910583496 3.2923567295074463 
v 20.931591033935547 -18.285768508911133 3.3578944206237793 
v 20.84841537475586 -18.316917419433594 3.2923567295074463 
v 20.86821937561035 -18.350662231445312 3.3578944206237793 
v 20.86821937561035 -18.350662231445312 3.4100067615509033 
v 20.779102325439453 -18.3740234375 3.4100067615509033 
v 20.691967010498047 -18.350662231445312 3.4100067615509033 
v 20.626615524291992 -18.285768508911133 3.4100067615509033 
v 20.60284996032715 -18.1975154876709 3.4100067615509033 
v 20.626615524291992 -18.10926055908203 3.4100067615509033 
v 20.691967010498047 -18.04436683654785 3.4100067615509033 
v 20.779102325439453 -18.021005630493164 3.4100067615509033 
v 20.86821937561035 -18.04436683654785 3.4100067615509033 
v 20.931591033935547 -18.10926055908203 3.4100067615509033 
v 20.955354690551758 -18.1975154876709 3.4100067615509033 
v 20.931591033935547 -18.285768508911133 3.4100067615509033 
v 20.86821937561035 -18.350662231445312 3.4100067615509033 
v 21.666303634643555 -4.017096519470215 2.6606547832489014 
v 21.634618759155273 -4.139095306396484 2.6606547832489014 
v 21.634618759155273 -3.895097494125366 2.6606547832489014 
v 21.545501708984375 -3.8068430423736572 2.6606547832489014 
v 21.422719955444336 -3.7730987071990967 2.6606547832489014 
v 21.299936294555664 -3.8068430423736572 2.6606547832489014 
v 21.2108211517334 -3.895097494125366 2.6606547832489014 
v 21.177154541015625 -4.017096519470215 2.6606547832489014 
v 21.2108211517334 -4.139095306396484 2.6606547832489014 
v 21.299936294555664 -4.229945182800293 2.6606547832489014 
v 21.422719955444336 -4.261094093322754 2.6606547832489014 
v 21.545501708984375 -4.229945182800293 2.6606547832489014 
v 21.022686004638672 -18.1975154876709 2.6606547832489014 
v 20.99100112915039 -18.31951332092285 2.6606547832489014 
v 20.99100112915039 -18.075515747070312 2.6606547832489014 
v 20.901884078979492 -17.987260818481445 2.6606547832489014 
v 20.779102325439453 -17.95351791381836 2.6606547832489014 
v 20.656320571899414 -17.987260818481445 2.6606547832489014 
v 20.567203521728516 -18.075515747070312 2.6606547832489014 
v 20.535518646240234 -18.1975154876709 2.6606547832489014 
v 20.567203521728516 -18.31951332092285 2.6606547832489014 
v 20.656320571899414 -18.410364151000977 2.6606547832489014 
v 20.779102325439453 -18.441513061523438 2.6606547832489014 
v 20.901884078979492 -18.410364151000977 2.6606547832489014 
v -7.460831165313721 24.87586212158203 2.972752571105957 
v -7.460831165313721 24.87586212158203 2.7862446308135986 
v -7.371715068817139 24.966712951660156 2.972752571105957 
v -7.371715068817139 24.966712951660156 2.7862446308135986 
v -7.340029239654541 25.088712692260742 2.972752571105957 
v -7.340029239654541 25.088712692260742 2.7862446308135986 
v -7.371715068817139 25.210710525512695 2.972752571105957 
v -7.371715068817139 25.210710525512695 2.7862446308135986 
v -7.460831165313721 25.298965454101562 2.972752571105957 
v -7.460831165313721 25.298965454101562 2.7862446308135986 
v -7.583613395690918 25.33271026611328 2.972752571105957 
v -7.583613395690918 25.33271026611328 2.7862446308135986 
v -7.706395626068115 25.298965454101562 2.972752571105957 
v -7.706395626068115 25.298965454101562 2.7862446308135986 
v -7.795511722564697 25.210710525512695 2.972752571105957 
v -7.795511722564697 25.210710525512695 2.7862446308135986 
v -7.827197551727295 25.088712692260742 2.972752571105957 
v -7.827197551727295 25.088712692260742 2.7862446308135986 
v -7.795511722564697 24.966712951660156 2.972752571105957 
v -7.795511722564697 24.966712951660156 2.7862446308135986 
v -7.706395626068115 24.87586212158203 2.972752571105957 
v -7.706395626068115 24.87586212158203 2.7862446308135986 
v -7.583613395690918 24.844715118408203 2.972752571105957 
v -7.583613395690918 24.844715118408203 2.7862446308135986 
v -7.460831165313721 24.87586212158203 2.972752571105957 
v -7.460831165313721 24.87586212158203 2.7862446308135986 
v 20.84841537475586 -18.316917419433594 3.2923567295074463 
v 20.84841537475586 -18.316917419433594 2.928579568862915 
v 20.899904251098633 -18.26759910583496 3.2923567295074463 
v 20.899904251098633 -18.26759910583496 2.928579568862915 
v 20.917728424072266 -18.1975154876709 3.2923567295074463 
v 20.917728424072266 -18.1975154876709 2.928579568862915 
v 20.899904251098633 -18.127429962158203 3.2923567295074463 
v 20.899904251098633 -18.127429962158203 2.928579568862915 
v 20.84841537475586 -18.07811164855957 3.2923567295074463 
v 20.84841537475586 -18.07811164855957 2.928579568862915 
v 20.779102325439453 -18.0599422454834 3.2923567295074463 
v 20.779102325439453 -18.0599422454834 2.928579568862915 
v 20.709789276123047 -18.07811164855957 3.2923567295074463 
v 20.709789276123047 -18.07811164855957 2.928579568862915 
v 20.658300399780273 -18.127429962158203 3.2923567295074463 
v 20.658300399780273 -18.127429962158203 2.928579568862915 
v 20.640478134155273 -18.1975154876709 3.2923567295074463 
v 20.640478134155273 -18.1975154876709 2.928579568862915 
v 20.658300399780273 -18.26759910583496 3.2923567295074463 
v 20.658300399780273 -18.26759910583496 2.928579568862915 
v 20.709789276123047 -18.316917419433594 3.2923567295074463 
v 20.709789276123047 -18.316917419433594 2.928579568862915 
v 20.779102325439453 -18.3350887298584 3.2923567295074463 
v 20.779102325439453 -18.3350887298584 2.928579568862915 
v 20.84841537475586 -18.316917419433594 3.2923567295074463 
v 20.84841537475586 -18.316917419433594 2.928579568862915 
v 22.814912796020508 -10.96843433380127 3.2923567295074463 
v 22.814912796020508 -10.96843433380127 2.928579568862915 
v 22.86640167236328 -10.919116020202637 3.2923567295074463 
v 22.86640167236328 -10.919116020202637 2.928579568862915 
v 22.884225845336914 -10.849031448364258 3.2923567295074463 
v 22.884225845336914 -10.849031448364258 2.928579568862915 
v 22.86640167236328 -10.778946876525879 3.2923567295074463 
v 22.86640167236328 -10.778946876525879 2.928579568862915 
v 22.814912796020508 -10.729628562927246 3.2923567295074463 
v 22.814912796020508 -10.729628562927246 2.928579568862915 
v 22.7455997467041 -10.711458206176758 3.2923567295074463 
v 22.7455997467041 -10.711458206176758 2.928579568862915 
v 22.676286697387695 -10.729628562927246 3.2923567295074463 
v 22.676286697387695 -10.729628562927246 2.928579568862915 
v 22.62677764892578 -10.778946876525879 3.2923567295074463 
v 22.62677764892578 -10.778946876525879 2.928579568862915 
v 22.606975555419922 -10.849031448364258 3.2923567295074463 
v 22.606975555419922 -10.849031448364258 2.928579568862915 
v 22.62677764892578 -10.919116020202637 3.2923567295074463 
v 22.62677764892578 -10.919116020202637 2.928579568862915 
v 22.676286697387695 -10.96843433380127 3.2923567295074463 
v 22.676286697387695 -10.96843433380127 2.928579568862915 
v 22.7455997467041 -10.989200592041016 3.2923567295074463 
v 22.7455997467041 -10.989200592041016 2.928579568862915 
v 22.814912796020508 -10.96843433380127 3.2923567295074463 
v 22.814912796020508 -10.96843433380127 2.928579568862915 
v -12.968212127685547 -38.932125091552734 3.7210941314697266 
v -13.031583786010742 -38.86723327636719 3.7210941314697266 
v -12.94444751739502 -39.020381927490234 3.7210941314697266 
v -13.120699882507324 -38.8438720703125 3.7210941314697266 
v -13.207836151123047 -38.86723327636719 3.7210941314697266 
v -13.273187637329102 -38.932125091552734 3.7210941314697266 
v -13.296952247619629 -39.020381927490234 3.7210941314697266 
v -13.273187637329102 -39.10863494873047 3.7210941314697266 
v -13.207836151123047 -39.173526763916016 3.7210941314697266 
v -13.120699882507324 -39.1968879699707 3.7210941314697266 
v -13.031583786010742 -39.173526763916016 3.7210941314697266 
v -29.444807052612305 -10.444099426269531 3.33176589012146 
v -29.444807052612305 -3.5965898036956787 3.33176589012146 
v -31.589536666870117 -10.444099426269531 4.1901068687438965 
v -31.589536666870117 -3.5965898036956787 3.7368288040161133 
v 22.86838150024414 -11.061880111694336 2.6606547832489014 
v 22.7455997467041 -11.093029022216797 2.6606547832489014 
v 22.95749855041504 -10.971030235290527 2.6606547832489014 
v 22.624797821044922 -11.061880111694336 2.6606547832489014 
v 22.533700942993164 -10.971030235290527 2.6606547832489014 
v 22.502016067504883 -10.849031448364258 2.6606547832489014 
v 22.533700942993164 -10.727032661437988 2.6606547832489014 
v 22.624797821044922 -10.638777732849121 2.6606547832489014 
v 22.7455997467041 -10.605033874511719 2.6606547832489014 
v 22.86838150024414 -10.638777732849121 2.6606547832489014 
v 22.95749855041504 -10.727032661437988 2.6606547832489014 
v -29.444807052612305 -3.5965898036956787 3.33176589012146 
v -29.444807052612305 -10.444099426269531 3.33176589012146 
v -26.684185028076172 -3.5965898036956787 2.7150771617889404 
v -26.684185028076172 -10.444099426269531 2.7150771617889404 
v -6.042893409729004 16.90700340270996 3.0541694164276123 
v -6.009227275848389 16.849897384643555 3.019523859024048 
v -5.99338436126709 16.956321716308594 3.0541694164276123 
v -5.933973789215088 16.925172805786133 3.019523859024048 
v -5.973580837249756 17.026405334472656 3.0541694164276123 
v -5.906248569488525 17.026405334472656 3.019523859024048 
v -5.99338436126709 17.09649085998535 3.0541694164276123 
v -5.933973789215088 17.130233764648438 3.019523859024048 
v -6.042893409729004 17.145809173583984 3.0541694164276123 
v -6.009227275848389 17.20551109313965 3.019523859024048 
v -6.112205982208252 17.166574478149414 3.0541694164276123 
v -6.112205982208252 17.231468200683594 3.019523859024048 
v -6.1815185546875 17.145809173583984 3.0541694164276123 
v -6.215184688568115 17.20551109313965 3.019523859024048 
v -6.233007907867432 17.09649085998535 3.0541694164276123 
v -6.290438175201416 17.130233764648438 3.019523859024048 
v -6.250831127166748 17.026405334472656 3.0541694164276123 
v -6.3181633949279785 17.026405334472656 3.019523859024048 
v -6.233007907867432 16.956321716308594 3.0541694164276123 
v -6.290438175201416 16.925172805786133 3.019523859024048 
v -6.1815185546875 16.90700340270996 3.0541694164276123 
v -6.215184688568115 16.849897384643555 3.019523859024048 
v -6.112205982208252 16.888832092285156 3.0541694164276123 
v -6.112205982208252 16.82134437561035 3.019523859024048 
v -6.042893409729004 16.90700340270996 3.0541694164276123 
v -6.009227275848389 16.849897384643555 3.019523859024048 
v -5.991404056549072 16.816152572631836 2.972752571105957 
v -5.900307655334473 16.904407501220703 2.972752571105957 
v -5.868621826171875 17.026405334472656 2.972752571105957 
v -5.900307655334473 17.148405075073242 2.972752571105957 
v -5.991404056549072 17.239253997802734 2.972752571105957 
v -6.112205982208252 17.270402908325195 2.972752571105957 
v -6.234988212585449 17.239253997802734 2.972752571105957 
v -6.324104309082031 17.148405075073242 2.972752571105957 
v -6.355790138244629 17.026405334472656 2.972752571105957 
v -6.324104309082031 16.904407501220703 2.972752571105957 
v -6.234988212585449 16.816152572631836 2.972752571105957 
v -6.112205982208252 16.782407760620117 2.972752571105957 
v -5.991404056549072 16.816152572631836 2.972752571105957 
v -18.731060028076172 23.601364135742188 2.972752571105957 
v -18.731060028076172 23.601364135742188 2.7862446308135986 
v -18.641942977905273 23.692214965820312 2.972752571105957 
v -18.641942977905273 23.692214965820312 2.7862446308135986 
v -18.608278274536133 23.814212799072266 2.972752571105957 
v -18.608278274536133 23.814212799072266 2.7862446308135986 
v -18.641942977905273 23.93621253967285 2.972752571105957 
v -18.641942977905273 23.93621253967285 2.7862446308135986 
v -18.731060028076172 24.02446746826172 2.972752571105957 
v -18.731060028076172 24.02446746826172 2.7862446308135986 
v -18.85384178161621 24.058210372924805 2.972752571105957 
v -18.85384178161621 24.058210372924805 2.7862446308135986 
v -18.97464370727539 24.02446746826172 2.972752571105957 
v -18.97464370727539 24.02446746826172 2.7862446308135986 
v -19.06376075744629 23.93621253967285 2.972752571105957 
v -19.06376075744629 23.93621253967285 2.7862446308135986 
v -19.097427368164062 23.814212799072266 2.972752571105957 
v -19.097427368164062 23.814212799072266 2.7862446308135986 
v -19.06376075744629 23.692214965820312 2.972752571105957 
v -19.06376075744629 23.692214965820312 2.7862446308135986 
v -18.97464370727539 23.601364135742188 2.972752571105957 
v -18.97464370727539 23.601364135742188 2.7862446308135986 
v -18.85384178161621 23.570215225219727 2.972752571105957 
v -18.85384178161621 23.570215225219727 2.7862446308135986 
v -18.731060028076172 23.601364135742188 2.972752571105957 
v -18.731060028076172 23.601364135742188 2.7862446308135986 
v -7.460831165313721 24.87586212158203 2.972752571105957 
v -7.480634689331055 24.90960693359375 3.019523859024048 
v -7.583613395690918 24.844715118408203 2.972752571105957 
v -7.583613395690918 24.883649826049805 3.019523859024048 
v -7.706395626068115 24.87586212158203 2.972752571105957 
v -7.686592102050781 24.90960693359375 3.019523859024048 
v -7.795511722564697 24.966712951660156 2.972752571105957 
v -7.76184606552124 24.984882354736328 3.019523859024048 
v -7.827197551727295 25.088712692260742 2.972752571105957 
v -7.7895708084106445 25.088712692260742 3.019523859024048 
v -7.795511722564697 25.210710525512695 2.972752571105957 
v -7.76184606552124 25.192541122436523 3.019523859024048 
v -7.706395626068115 25.298965454101562 2.972752571105957 
v -7.686592102050781 25.2678165435791 3.019523859024048 
v -7.583613395690918 25.33271026611328 2.972752571105957 
v -7.583613395690918 25.293773651123047 3.019523859024048 
v -7.460831165313721 25.298965454101562 2.972752571105957 
v -7.480634689331055 25.2678165435791 3.019523859024048 
v -7.371715068817139 25.210710525512695 2.972752571105957 
v -7.405381202697754 25.192541122436523 3.019523859024048 
v -7.340029239654541 25.088712692260742 2.972752571105957 
v -7.377655982971191 25.088712692260742 3.019523859024048 
v -7.371715068817139 24.966712951660156 2.972752571105957 
v -7.405381202697754 24.984882354736328 3.019523859024048 
v -7.460831165313721 24.87586212158203 2.972752571105957 
v -7.480634689331055 24.90960693359375 3.019523859024048 
v -7.51430082321167 24.969308853149414 3.0541694164276123 
v -7.583613395690918 24.948543548583984 3.0541694164276123 
v -7.652925968170166 24.969308853149414 3.0541694164276123 
v -7.704415321350098 25.018627166748047 3.0541694164276123 
v -7.722238540649414 25.088712692260742 3.0541694164276123 
v -7.704415321350098 25.158796310424805 3.0541694164276123 
v -7.652925968170166 25.208114624023438 3.0541694164276123 
v -7.583613395690918 25.226285934448242 3.0541694164276123 
v -7.51430082321167 25.208114624023438 3.0541694164276123 
v -7.462811470031738 25.158796310424805 3.0541694164276123 
v -7.444988250732422 25.088712692260742 3.0541694164276123 
v -7.462811470031738 25.018627166748047 3.0541694164276123 
v -7.51430082321167 24.969308853149414 3.0541694164276123 
v 22.814912796020508 -10.96843433380127 3.2923567295074463 
v 22.834716796875 -11.002179145812988 3.3578944206237793 
v 22.7455997467041 -10.989200592041016 3.2923567295074463 
v 22.7455997467041 -11.025540351867676 3.3578944206237793 
v 22.676286697387695 -10.96843433380127 3.2923567295074463 
v 22.658464431762695 -11.002179145812988 3.3578944206237793 
v 22.62677764892578 -10.919116020202637 3.2923567295074463 
v 22.59311294555664 -10.937285423278809 3.3578944206237793 
v 22.606975555419922 -10.849031448364258 3.2923567295074463 
v 22.569347381591797 -10.849031448364258 3.3578944206237793 
v 22.62677764892578 -10.778946876525879 3.2923567295074463 
v 22.59311294555664 -10.76077651977539 3.3578944206237793 
v 22.676286697387695 -10.729628562927246 3.2923567295074463 
v 22.658464431762695 -10.695883750915527 3.3578944206237793 
v 22.7455997467041 -10.711458206176758 3.2923567295074463 
v 22.7455997467041 -10.67252254486084 3.3578944206237793 
v 22.814912796020508 -10.729628562927246 3.2923567295074463 
v 22.834716796875 -10.695883750915527 3.3578944206237793 
v 22.86640167236328 -10.778946876525879 3.2923567295074463 
v 22.898088455200195 -10.76077651977539 3.3578944206237793 
v 22.884225845336914 -10.849031448364258 3.2923567295074463 
v 22.921852111816406 -10.849031448364258 3.3578944206237793 
v 22.86640167236328 -10.919116020202637 3.2923567295074463 
v 22.898088455200195 -10.937285423278809 3.3578944206237793 
v 22.814912796020508 -10.96843433380127 3.2923567295074463 
v 22.834716796875 -11.002179145812988 3.3578944206237793 
v 22.834716796875 -11.002179145812988 3.4100067615509033 
v 22.7455997467041 -11.025540351867676 3.4100067615509033 
v 22.658464431762695 -11.002179145812988 3.4100067615509033 
v 22.59311294555664 -10.937285423278809 3.4100067615509033 
v 22.569347381591797 -10.849031448364258 3.4100067615509033 
v 22.59311294555664 -10.76077651977539 3.4100067615509033 
v 22.658464431762695 -10.695883750915527 3.4100067615509033 
v 22.7455997467041 -10.67252254486084 3.4100067615509033 
v 22.834716796875 -10.695883750915527 3.4100067615509033 
v 22.898088455200195 -10.76077651977539 3.4100067615509033 
v 22.921852111816406 -10.849031448364258 3.4100067615509033 
v 22.898088455200195 -10.937285423278809 3.4100067615509033 
v 22.834716796875 -11.002179145812988 3.4100067615509033 
v -17.552745819091797 -8.416841506958008 2.7150771617889404 
v -17.552745819091797 -1.5667366981506348 2.7150771617889404 
v -20.31336784362793 -8.416841506958008 3.33176589012146 
v -20.31336784362793 -1.5667366981506348 3.33176589012146 
v -22.18282699584961 -1.8989888429641724 3.0583555698394775 
v -22.18282699584961 6.012765884399414 3.0583555698394775 
v -25.349422454833984 -1.8989888429641724 3.67056941986084 
v -25.349422454833984 6.012765884399414 3.67056941986084 
v -19.018211364746094 -1.8989888429641724 2.899275302886963 
v -12.688981056213379 -1.8989888429641724 2.899275302886963 
v -19.018211364746094 6.012765884399414 2.899275302886963 
v -12.688981056213379 6.012765884399414 2.899275302886963 
v 9.788104057312012 1.6675304174423218 2.72344970703125 
v 6.5680389404296875 1.9478682279586792 2.8278191089630127 
v 9.435600280761719 -2.358431339263916 2.72344970703125 
v 6.2155351638793945 -2.0780935287475586 2.72344970703125 
v -22.18282699584961 6.012765884399414 3.0583555698394775 
v -22.18282699584961 -1.8989888429641724 3.0583555698394775 
v -19.018211364746094 6.012765884399414 2.899275302886963 
v -19.018211364746094 -1.8989888429641724 2.899275302886963 
v 18.947269439697266 0.8862187266349792 2.6606547832489014 
v 18.913602828979492 0.7642198801040649 2.6606547832489014 
v 18.913602828979492 1.0082175731658936 2.6606547832489014 
v 18.824487686157227 1.0964720249176025 2.6606547832489014 
v 18.701704025268555 1.130216360092163 2.6606547832489014 
v 18.580902099609375 1.0964720249176025 2.6606547832489014 
v 18.48980712890625 1.0082175731658936 2.6606547832489014 
v 18.458120346069336 0.8862187266349792 2.6606547832489014 
v 18.48980712890625 0.7642198801040649 2.6606547832489014 
v 18.580902099609375 0.6733697056770325 2.6606547832489014 
v 18.701704025268555 0.6422210335731506 2.6606547832489014 
v 18.824487686157227 0.6733697056770325 2.6606547832489014 
v -7.431125640869141 25.000457763671875 3.535452127456665 
v -7.4073615074157715 25.088712692260742 3.535452127456665 
v -7.4964776039123535 24.935564041137695 3.535452127456665 
v -7.583613395690918 24.912202835083008 3.535452127456665 
v -7.6727294921875 24.935564041137695 3.535452127456665 
v -7.736101150512695 25.000457763671875 3.535452127456665 
v -7.7598652839660645 25.088712692260742 3.535452127456665 
v -7.736101150512695 25.176965713500977 3.535452127456665 
v -7.6727294921875 25.241859436035156 3.535452127456665 
v -7.583613395690918 25.265220642089844 3.535452127456665 
v -7.4964776039123535 25.241859436035156 3.535452127456665 
v -7.431125640869141 25.176965713500977 3.535452127456665 
v 21.545501708984375 -4.229945182800293 2.8473072052001953 
v 21.525697708129883 -4.196200847625732 2.8939342498779297 
v 21.422719955444336 -4.261094093322754 2.8473072052001953 
v 21.422719955444336 -4.2247538566589355 2.8939342498779297 
v 21.299936294555664 -4.229945182800293 2.8473072052001953 
v 21.319740295410156 -4.196200847625732 2.8939342498779297 
v 21.2108211517334 -4.139095306396484 2.8473072052001953 
v 21.244487762451172 -4.120924949645996 2.8939342498779297 
v 21.177154541015625 -4.017096519470215 2.8473072052001953 
v 21.21676254272461 -4.017096519470215 2.8939342498779297 
v 21.2108211517334 -3.895097494125366 2.8473072052001953 
v 21.244487762451172 -3.915863275527954 2.8939342498779297 
v 21.299936294555664 -3.8068430423736572 2.8473072052001953 
v 21.319740295410156 -3.8405873775482178 2.8939342498779297 
v 21.422719955444336 -3.7730987071990967 2.8473072052001953 
v 21.422719955444336 -3.8120343685150146 2.8939342498779297 
v 21.545501708984375 -3.8068430423736572 2.8473072052001953 
v 21.525697708129883 -3.8405873775482178 2.8939342498779297 
v 21.634618759155273 -3.895097494125366 2.8473072052001953 
v 21.6009521484375 -3.915863275527954 2.8939342498779297 
v 21.666303634643555 -4.017096519470215 2.8473072052001953 
v 21.628677368164062 -4.017096519470215 2.8939342498779297 
v 21.634618759155273 -4.139095306396484 2.8473072052001953 
v 21.6009521484375 -4.120924949645996 2.8939342498779297 
v 21.545501708984375 -4.229945182800293 2.8473072052001953 
v 21.525697708129883 -4.196200847625732 2.8939342498779297 
v 21.492033004760742 -4.139095306396484 2.928579568862915 
v 21.422719955444336 -4.1572651863098145 2.928579568862915 
v 21.35340690612793 -4.139095306396484 2.928579568862915 
v 21.301918029785156 -4.0871806144714355 2.928579568862915 
v 21.284093856811523 -4.017096519470215 2.928579568862915 
v 21.301918029785156 -3.9496076107025146 2.928579568862915 
v 21.35340690612793 -3.897693157196045 2.928579568862915 
v 21.422719955444336 -3.879523277282715 2.928579568862915 
v 21.492033004760742 -3.897693157196045 2.928579568862915 
v 21.543521881103516 -3.9496076107025146 2.928579568862915 
v 21.561344146728516 -4.017096519470215 2.928579568862915 
v 21.543521881103516 -4.0871806144714355 2.928579568862915 
v 21.492033004760742 -4.139095306396484 2.928579568862915 
v -17.552745819091797 -8.416841506958008 2.7150771617889404 
v -11.498785018920898 -8.416841506958008 2.7344207763671875 
v -17.552745819091797 -1.5667366981506348 2.7150771617889404 
v -11.498785018920898 -1.5667366981506348 2.7344207763671875 
v 0.8309361934661865 -26.171566009521484 3.5419483184814453 
v 2.3716561794281006 -43.77054977416992 3.5419483184814453 
v 3.837122678756714 -25.909399032592773 3.409573793411255 
v 5.377842903137207 -43.50838088989258 3.24544095993042 
v 12.990346908569336 3.064027786254883 3.1914517879486084 
v 12.990346908569336 -0.9775082468986511 3.224653720855713 
v 16.224273681640625 3.064027786254883 2.8278191089630127 
v 16.224273681640625 -0.9775082468986511 2.72344970703125 
v 3.3459935188293457 2.230801582336426 3.1735517978668213 
v 2.9934892654418945 -1.7951600551605225 2.72344970703125 
v 6.5680389404296875 1.9478682279586792 2.8278191089630127 
v 6.2155351638793945 -2.0780935287475586 2.72344970703125 
v 21.575206756591797 -3.9288418292999268 3.4100067615509033 
v 21.509855270385742 -3.8639488220214844 3.4100067615509033 
v 21.59897232055664 -4.017096519470215 3.4100067615509033 
v 21.422719955444336 -3.8405873775482178 3.4100067615509033 
v 21.333602905273438 -3.8639488220214844 3.4100067615509033 
v 21.270231246948242 -3.9288418292999268 3.4100067615509033 
v 21.24646759033203 -4.017096519470215 3.4100067615509033 
v 21.270231246948242 -4.105350971221924 3.4100067615509033 
v 21.333602905273438 -4.170243740081787 3.4100067615509033 
v 21.422719955444336 -4.193605422973633 3.4100067615509033 
v 21.509855270385742 -4.170243740081787 3.4100067615509033 
v -9.138195991516113 0.7694113254547119 2.8464410305023193 
v -9.138195991516113 -6.08069372177124 2.970442771911621 
v -7.193482398986816 0.7694113254547119 2.6785550117492676 
v -6.320143699645996 -6.08069372177124 2.6785550117492676 
v -20.31336784362793 -8.416841506958008 3.33176589012146 
v -20.31336784362793 -1.5667366981506348 3.33176589012146 
v -22.458097457885742 -8.416841506958008 4.1901068687438965 
v -22.458097457885742 -1.5667366981506348 3.7368288040161133 
v 2.3716561794281006 -43.77054977416992 3.5419483184814453 
v 0.8309361934661865 -26.171566009521484 3.5419483184814453 
v -0.6345301866531372 -44.03531265258789 4.391050338745117 
v -2.175250291824341 -26.433734893798828 3.848271608352661 
v 23.561508178710938 27.850557327270508 2.756218433380127 
v 5.894716739654541 7.549431800842285 3.043198347091675 
v 5.894716739654541 3.710362195968628 3.711855173110962 
v 12.309103012084961 3.710362195968628 3.043198347091675 
v -15.712991714477539 -28.393503189086914 2.9708759784698486 
v -12.00971794128418 -28.393503189086914 3.1589717864990234 
v -9.694677352905273 -22.75300407409668 2.879354238510132 
v -13.087034225463867 6.578632831573486 3.2333149909973145 
v -13.087034225463867 2.3294389247894287 4.146366596221924 
v -9.973908424377441 2.3294389247894287 3.037712812423706 
v 21.70591163635254 -35.49020004272461 3.4100067615509033 
v 20.931591033935547 -18.285768508911133 3.4100067615509033 
v 21.575206756591797 -4.105350971221924 3.4100067615509033 
v 18.85419273376465 0.7979642152786255 3.4100067615509033 
v 22.389135360717773 5.511791706085205 3.4100067615509033 
v 22.4624080657959 26.34763526916504 3.4100067615509033 
v 17.467941284179688 20.16203498840332 3.535452127456665 
v -5.959718227386475 16.93815040588379 3.535452127456665 
v -14.887181282043457 12.899210929870605 3.4364240169525146 
v 2.751885414123535 7.141903877258301 3.4364240169525146 
v 9.174192428588867 -0.29223814606666565 3.4364240169525146 
v -12.290928840637207 -4.720536708831787 3.5305440425872803 
v -14.227721214294434 2.4799907207489014 3.608063220977783 
v -13.534595489501953 -30.789352416992188 3.608063220977783 
v -12.968212127685547 -39.10863494873047 3.7210941314697266 
v 21.797006607055664 -35.401947021484375 2.6606547832489014 
v 22.98918342590332 -10.849031448364258 2.6606547832489014 
v 22.553504943847656 26.43329429626465 2.6606547832489014 
v -5.868621826171875 17.026405334472656 2.7862446308135986 
v -7.340029239654541 25.088712692260742 2.7862446308135986 
v -18.608278274536133 23.814212799072266 2.7862446308135986 
v -14.79410457611084 12.987464904785156 2.6870720386505127 
v 9.265289306640625 -0.20398367941379547 2.6870720386505127 
v 10.689167976379395 -11.186474800109863 2.781336545944214 
v -12.199832916259766 -4.634877681732178 2.781336545944214 
v -13.443498611450195 -30.70109748840332 2.858855724334717 
v -12.877115249633789 -39.020381927490234 2.9717419147491455 
vn 3.097898456858039e-13 -0.999997615814209 0.002184694167226553 
vn 3.097898456858039e-13 -0.999997615814209 0.002184694167226553 
vn 3.097898456858039e-13 -0.999997615814209 0.002184694167226553 
vn 3.097898456858039e-13 -0.999997615814209 0.002184694167226553 
vn 0.999997615814209 0 0.002184694167226553 
vn 0.999997615814209 0 0.002184694167226553 
vn 0.999997615814209 0 0.002184694167226553 
vn 0.999997615814209 0 0.002184694167226553 
vn 0 0 1 
vn 0 0 1 
vn 0 0 1 
vn 0 0 1 
vn 0.49781718850135803 -0.8672792315483093 0.002184694167226553 
vn 0.4864805340766907 -0.8375751376152039 -0.24860523641109467 
vn 0.8672792315483093 -0.49781718850135803 0.002184694167226553 
vn 0.8394649624824524 -0.4832121729850769 -0.24860523641109467 
vn 0.999997615814209 0 0.002184694167226553 
vn 0.9686048626899719 0 -0.24860523641109467 
vn 0.8672792315483093 0.49781718850135803 0.002184694167226553 
vn 0.8394649624824524 0.4832121729850769 -0.24860523641109467 
vn 0.49781718850135803 0.8672792315483093 0.002184694167226553 
vn 0.4864805340766907 0.8375751376152039 -0.24860523641109467 
vn -1.0341130485562108e-13 0.999997615814209 0.002184694167226553 
vn 0.0037753775250166655 0.9685975313186646 -0.24860523641109467 
vn -0.49781718850135803 0.8672792315483093 0.002184694167226553 
vn -0.4864805340766907 0.8375751376152039 -0.24860523641109467 
vn -0.8672792315483093 0.49781718850135803 0.002184694167226553 
vn -0.8394649624824524 0.4832121729850769 -0.24860523641109467 
vn -0.999997615814209 -2.0682260971124217e-13 0.002184694167226553 
vn -0.9686048626899719 -2.0032987855383988e-13 -0.24860523641109467 
vn -0.8672792315483093 -0.49781718850135803 0.002184694167226553 
vn -0.8394649624824524 -0.4832121729850769 -0.24860523641109467 
vn -0.49781718850135803 -0.8672792315483093 0.002184694167226553 
vn -0.4864805340766907 -0.8375751376152039 -0.24860523641109467 
vn 3.097898456858039e-13 -0.999997615814209 0.002184694167226553 
vn 0.0037753775250166655 -0.9685975313186646 -0.24860523641109467 
vn 0.49781718850135803 -0.8672792315483093 0.002184694167226553 
vn 0.4864805340766907 -0.8375751376152039 -0.24860523641109467 
vn 0.4847384989261627 -0.8320382237434387 -0.26970529556274414 
vn 0.8329872488975525 -0.4831058979034424 -0.26970529556274414 
vn 0.962942898273468 0 -0.26970529556274414 
vn 0.8329872488975525 0.4831058979034424 -0.26970529556274414 
vn 0.4847384989261627 0.8320382237434387 -0.26970529556274414 
vn 0.0018883723532781005 0.96294105052948 -0.26970529556274414 
vn -0.481471449136734 0.8339329957962036 -0.26970529556274414 
vn -0.8348755836486816 0.4798351526260376 -0.26970529556274414 
vn -0.9629355072975159 -0.003776737255975604 -0.26970529556274414 
vn -0.8348755836486816 -0.4798351526260376 -0.26970529556274414 
vn -0.481471449136734 -0.8339329957962036 -0.26970529556274414 
vn 0.0018883723532781005 -0.96294105052948 -0.26970529556274414 
vn 0.4847384989261627 -0.8320382237434387 -0.26970529556274414 
vn 0 0 1 
vn 0 0 1 
vn 0 0 1 
vn 0 0 1 
vn 0 0 1 
vn 0 0 1 
vn 0 0 1 
vn 0 0 1 
vn 0 0 1 
vn 0 0 1 
vn 0 0 1 
vn 0 0 1 
vn 0.22814449667930603 -0.3976649045944214 0.888714075088501 
vn 0.32234567403793335 -0.5608326196670532 0.762600839138031 
vn 0.3967258930206299 -0.22977352142333984 0.888714075088501 
vn 0.559890866279602 -0.3239787518978119 0.762600839138031 
vn 0.4584618806838989 0 0.888714075088501 
vn 0.6468693614006042 0 0.762600839138031 
vn 0.3967258930206299 0.22977352142333984 0.888714075088501 
vn 0.559890866279602 0.3239787518978119 0.762600839138031 
vn 0.22814449667930603 0.3976649045944214 0.888714075088501 
vn 0.32234567403793335 0.5608326196670532 0.762600839138031 
vn -0.001880282536149025 0.4584580361843109 0.888714075088501 
vn -0.0018851550994440913 0.6468666195869446 0.762600839138031 
vn -0.23139867186546326 0.39578017592430115 0.888714075088501 
vn -0.325609028339386 0.5589443445205688 0.762600839138031 
vn -0.39859724044799805 0.2265116423368454 0.888714075088501 
vn -0.5617696642875671 0.32070988416671753 0.762600839138031 
vn -0.4584464430809021 -0.003760533407330513 0.888714075088501 
vn -0.6468583941459656 -0.0037702941335737705 0.762600839138031 
vn -0.39859724044799805 -0.2265116423368454 0.888714075088501 
vn -0.5617696642875671 -0.32070988416671753 0.762600839138031 
vn -0.23139867186546326 -0.39578017592430115 0.888714075088501 
vn -0.325609028339386 -0.5589443445205688 0.762600839138031 
vn -0.001880282536149025 -0.4584580361843109 0.888714075088501 
vn -0.0018851550994440913 -0.6468666195869446 0.762600839138031 
vn 0.22814449667930603 -0.3976649045944214 0.888714075088501 
vn 0.32234567403793335 -0.5608326196670532 0.762600839138031 
vn 0.4704713821411133 -0.8224256038665771 0.3198012113571167 
vn 0.8196009993553162 -0.4753749966621399 0.3198012113571167 
vn 0.9474846720695496 0 0.3198012113571167 
vn 0.8196009993553162 0.4753749966621399 0.3198012113571167 
vn 0.4704713821411133 0.8224256038665771 0.3198012113571167 
vn 0.0018863173900172114 0.9474827647209167 0.3198012113571167 
vn -0.4737423360347748 0.8205457925796509 0.3198012113571167 
vn -0.821487307548523 0.47210779786109924 0.3198012113571167 
vn -0.9474771618843079 -0.003772627329453826 0.3198012113571167 
vn -0.821487307548523 -0.47210779786109924 0.3198012113571167 
vn -0.4737423360347748 -0.8205457925796509 0.3198012113571167 
vn 0.0018863173900172114 -0.9474827647209167 0.3198012113571167 
vn 0.4704713821411133 -0.8224256038665771 0.3198012113571167 
vn 0 0 1 
vn 0 0 1 
vn 0 0 1 
vn 0 0 1 
vn 0.49781718850135803 -0.8672792315483093 0.002184694167226553 
vn 0.4847384989261627 -0.8320382237434387 -0.26970529556274414 
vn 3.097898456858039e-13 -0.999997615814209 0.002184694167226553 
vn 0.0018883723532781005 -0.96294105052948 -0.26970529556274414 
vn -0.49781718850135803 -0.8672792315483093 0.002184694167226553 
vn -0.481471449136734 -0.8339329957962036 -0.26970529556274414 
vn -0.8672792315483093 -0.49781718850135803 0.002184694167226553 
vn -0.8348755836486816 -0.4798351526260376 -0.26970529556274414 
vn -0.999997615814209 -2.0682260971124217e-13 0.002184694167226553 
vn -0.9629355072975159 -0.003776737255975604 -0.26970529556274414 
vn -0.8672792315483093 0.49781718850135803 0.002184694167226553 
vn -0.8348755836486816 0.4798351526260376 -0.26970529556274414 
vn -0.49781718850135803 0.8672792315483093 0.002184694167226553 
vn -0.481471449136734 0.8339329957962036 -0.26970529556274414 
vn -1.0341130485562108e-13 0.999997615814209 0.002184694167226553 
vn 0.0018883723532781005 0.96294105052948 -0.26970529556274414 
vn 0.49781718850135803 0.8672792315483093 0.002184694167226553 
vn 0.4847384989261627 0.8320382237434387 -0.26970529556274414 
vn 0.8672792315483093 0.49781718850135803 0.002184694167226553 
vn 0.8329872488975525 0.4831058979034424 -0.26970529556274414 
vn 0.999997615814209 0 0.002184694167226553 
vn 0.962942898273468 0 -0.26970529556274414 
vn 0.8672792315483093 -0.49781718850135803 0.002184694167226553 
vn 0.8329872488975525 -0.4831058979034424 -0.26970529556274414 
vn 0.49781718850135803 -0.8672792315483093 0.002184694167226553 
vn 0.4847384989261627 -0.8320382237434387 -0.26970529556274414 
vn 0 0 1 
vn 0 0 1 
vn 0 0 1 
vn 0 0 1 
vn 0.49781718850135803 -0.8672792315483093 0.002184694167226553 
vn 0.4704713821411133 -0.8224256038665771 0.3198012113571167 
vn 3.097898456858039e-13 -0.999997615814209 0.002184694167226553 
vn 0.0018863173900172114 -0.9474827647209167 0.3198012113571167 
vn -0.49781718850135803 -0.8672792315483093 0.002184694167226553 
vn -0.4737423360347748 -0.8205457925796509 0.3198012113571167 
vn -0.8672792315483093 -0.49781718850135803 0.002184694167226553 
vn -0.821487307548523 -0.47210779786109924 0.3198012113571167 
vn -0.999997615814209 -2.0682260971124217e-13 0.002184694167226553 
vn -0.9474771618843079 -0.003772627329453826 0.3198012113571167 
vn -0.8672792315483093 0.49781718850135803 0.002184694167226553 
vn -0.821487307548523 0.47210779786109924 0.3198012113571167 
vn -0.49781718850135803 0.8672792315483093 0.002184694167226553 
vn -0.4737423360347748 0.8205457925796509 0.3198012113571167 
vn -1.0341130485562108e-13 0.999997615814209 0.002184694167226553 
vn 0.0018863173900172114 0.9474827647209167 0.3198012113571167 
vn 0.49781718850135803 0.8672792315483093 0.002184694167226553 
vn 0.4704713821411133 0.8224256038665771 0.3198012113571167 
vn 0.8672792315483093 0.49781718850135803 0.002184694167226553 
vn 0.8196009993553162 0.4753749966621399 0.3198012113571167 
vn 0.999997615814209 0 0.002184694167226553 
vn 0.9474846720695496 0 0.3198012113571167 
vn 0.8672792315483093 -0.49781718850135803 0.002184694167226553 
vn 0.8196009993553162 -0.4753749966621399 0.3198012113571167 
vn 0.49781718850135803 -0.8672792315483093 0.002184694167226553 
vn 0.4704713821411133 -0.8224256038665771 0.3198012113571167 
vn 0.4704713821411133 -0.8224256038665771 0.3198012113571167 
vn 0.32234567403793335 -0.5608326196670532 0.762600839138031 
vn 0.0018863173900172114 -0.9474827647209167 0.3198012113571167 
vn -0.0018851550994440913 -0.6468666195869446 0.762600839138031 
vn -0.4737423360347748 -0.8205457925796509 0.3198012113571167 
vn -0.325609028339386 -0.5589443445205688 0.762600839138031 
vn -0.821487307548523 -0.47210779786109924 0.3198012113571167 
vn -0.5617696642875671 -0.32070988416671753 0.762600839138031 
vn -0.9474771618843079 0.003772627329453826 0.3198012113571167 
vn -0.6468583941459656 0.0037702941335737705 0.762600839138031 
vn -0.821487307548523 0.47210779786109924 0.3198012113571167 
vn -0.5617696642875671 0.32070988416671753 0.762600839138031 
vn -0.4737423360347748 0.8205457925796509 0.3198012113571167 
vn -0.325609028339386 0.5589443445205688 0.762600839138031 
vn 0.0018863173900172114 0.9474827647209167 0.3198012113571167 
vn -0.0018851550994440913 0.6468666195869446 0.762600839138031 
vn 0.4704713821411133 0.8224256038665771 0.3198012113571167 
vn 0.32234567403793335 0.5608326196670532 0.762600839138031 
vn 0.8196009993553162 0.4753749966621399 0.3198012113571167 
vn 0.559890866279602 0.3239787518978119 0.762600839138031 
vn 0.9474846720695496 0 0.3198012113571167 
vn 0.6468693614006042 0 0.762600839138031 
vn 0.8196009993553162 -0.4753749966621399 0.3198012113571167 
vn 0.559890866279602 -0.3239787518978119 0.762600839138031 
vn 0.4704713821411133 -0.8224256038665771 0.3198012113571167 
vn 0.32234567403793335 -0.5608326196670532 0.762600839138031 
vn 0.22814449667930603 -0.3976649045944214 0.888714075088501 
vn -0.001880282536149025 -0.4584580361843109 0.888714075088501 
vn -0.23139867186546326 -0.39578017592430115 0.888714075088501 
vn -0.39859724044799805 -0.2265116423368454 0.888714075088501 
vn -0.4584464430809021 0.003760533407330513 0.888714075088501 
vn -0.39859724044799805 0.2265116423368454 0.888714075088501 
vn -0.23139867186546326 0.39578017592430115 0.888714075088501 
vn -0.001880282536149025 0.4584580361843109 0.888714075088501 
vn 0.22814449667930603 0.3976649045944214 0.888714075088501 
vn 0.3967258930206299 0.22977352142333984 0.888714075088501 
vn 0.4584618806838989 0 0.888714075088501 
vn 0.3967258930206299 -0.22977352142333984 0.888714075088501 
vn 0.22814449667930603 -0.3976649045944214 0.888714075088501 
vn -0.999997615814209 -2.0682260971124217e-13 0.002184694167226553 
vn -0.999997615814209 -2.0682260971124217e-13 0.002184694167226553 
vn -0.999997615814209 -2.0682260971124217e-13 0.002184694167226553 
vn -0.999997615814209 -2.0682260971124217e-13 0.002184694167226553 
vn 0.4847384989261627 -0.8320382237434387 -0.26970529556274414 
vn 0.4864805340766907 -0.8375751376152039 -0.24860523641109467 
vn 0.0018883723532781005 -0.96294105052948 -0.26970529556274414 
vn 0.0037753775250166655 -0.9685975313186646 -0.24860523641109467 
vn -0.481471449136734 -0.8339329957962036 -0.26970529556274414 
vn -0.4864805340766907 -0.8375751376152039 -0.24860523641109467 
vn -0.8348755836486816 -0.4798351526260376 -0.26970529556274414 
vn -0.8394649624824524 -0.4832121729850769 -0.24860523641109467 
vn -0.9629355072975159 -0.003776737255975604 -0.26970529556274414 
vn -0.9686048626899719 -2.0032987855383988e-13 -0.24860523641109467 
vn -0.8348755836486816 0.4798351526260376 -0.26970529556274414 
vn -0.8394649624824524 0.4832121729850769 -0.24860523641109467 
vn -0.481471449136734 0.8339329957962036 -0.26970529556274414 
vn -0.4864805340766907 0.8375751376152039 -0.24860523641109467 
vn 0.0018883723532781005 0.96294105052948 -0.26970529556274414 
vn 0.0037753775250166655 0.9685975313186646 -0.24860523641109467 
vn 0.4847384989261627 0.8320382237434387 -0.26970529556274414 
vn 0.4864805340766907 0.8375751376152039 -0.24860523641109467 
vn 0.8329872488975525 0.4831058979034424 -0.26970529556274414 
vn 0.8394649624824524 0.4832121729850769 -0.24860523641109467 
vn 0.962942898273468 0 -0.26970529556274414 
vn 0.9686048626899719 0 -0.24860523641109467 
vn 0.8329872488975525 -0.4831058979034424 -0.26970529556274414 
vn 0.8394649624824524 -0.4832121729850769 -0.24860523641109467 
vn 0.4847384989261627 -0.8320382237434387 -0.26970529556274414 
vn 0.4864805340766907 -0.8375751376152039 -0.24860523641109467 
vn 0.49781718850135803 -0.8672792315483093 0.002184694167226553 
vn 3.097898456858039e-13 -0.999997615814209 0.002184694167226553 
vn -0.49781718850135803 -0.8672792315483093 0.002184694167226553 
vn -0.8672792315483093 -0.49781718850135803 0.002184694167226553 
vn -0.999997615814209 -2.0682260971124217e-13 0.002184694167226553 
vn -0.8672792315483093 0.49781718850135803 0.002184694167226553 
vn -0.49781718850135803 0.8672792315483093 0.002184694167226553 
vn -1.0341130485562108e-13 0.999997615814209 0.002184694167226553 
vn 0.49781718850135803 0.8672792315483093 0.002184694167226553 
vn 0.8672792315483093 0.49781718850135803 0.002184694167226553 
vn 0.999997615814209 0 0.002184694167226553 
vn 0.8672792315483093 -0.49781718850135803 0.002184694167226553 
vn 0.49781718850135803 -0.8672792315483093 0.002184694167226553 
vn 0.013107799924910069 0 0.9999141097068787 
vn 0.013107799924910069 0 0.9999141097068787 
vn 0.013107799924910069 0 0.9999141097068787 
vn 0.013107799924910069 0 0.9999141097068787 
vn 0 0 1 
vn 0 0 1 
vn 0 0 1 
vn 0 0 1 
vn 0 0 1 
vn 0 0 1 
vn 0 0 1 
vn 0 0 1 
vn 0 0 1 
vn 0 0 1 
vn 0 0 1 
vn 0.05667999014258385 0.098172627389431 0.9935539960861206 
vn 0.05667999014258385 0.098172627389431 0.9935539960861206 
vn 0.05667999014258385 0.098172627389431 0.9935539960861206 
vn 0.05667999014258385 0.098172627389431 0.9935539960861206 
vn 0.1062745526432991 0.05058690905570984 0.9930492043495178 
vn 0.1062745526432991 0.05058690905570984 0.9930492043495178 
vn 0.1062745526432991 0.05058690905570984 0.9930492043495178 
vn 0.1062745526432991 0.05058690905570984 0.9930492043495178 
vn -2.0682311115474694e-13 0 -1 
vn -2.0682311115474694e-13 0 -1 
vn -2.0682311115474694e-13 0 -1 
vn -2.0682311115474694e-13 0 -1 
vn -2.0682311115474694e-13 0 -1 
vn -2.0682311115474694e-13 0 -1 
vn -2.0682311115474694e-13 0 -1 
vn -2.0682311115474694e-13 0 -1 
vn -2.0682311115474694e-13 0 -1 
vn -2.0682311115474694e-13 0 -1 
vn -2.0682311115474694e-13 0 -1 
vn -2.0682311115474694e-13 0 -1 
vn -1.0341130485562108e-13 0.999997615814209 0.002184694167226553 
vn -1.0341130485562108e-13 0.999997615814209 0.002184694167226553 
vn -1.0341130485562108e-13 0.999997615814209 0.002184694167226553 
vn -1.0341130485562108e-13 0.999997615814209 0.002184694167226553 
vn 0.011044598184525967 -0.09096045047044754 0.9957932829856873 
vn 0.011044598184525967 -0.09096045047044754 0.9957932829856873 
vn 0.011044598184525967 -0.09096045047044754 0.9957932829856873 
vn 0.011044598184525967 -0.09096045047044754 0.9957932829856873 
vn 0.49781718850135803 -0.8672792315483093 0.002184694167226553 
vn 0.4847384989261627 -0.8320382237434387 -0.26970529556274414 
vn 3.097898456858039e-13 -0.999997615814209 0.002184694167226553 
vn 0.0018883723532781005 -0.96294105052948 -0.26970529556274414 
vn -0.49781718850135803 -0.8672792315483093 0.002184694167226553 
vn -0.481471449136734 -0.8339329957962036 -0.26970529556274414 
vn -0.8672792315483093 -0.49781718850135803 0.002184694167226553 
vn -0.8348755836486816 -0.4798351526260376 -0.26970529556274414 
vn -0.999997615814209 -2.0682260971124217e-13 0.002184694167226553 
vn -0.9629355072975159 -0.003776737255975604 -0.26970529556274414 
vn -0.8672792315483093 0.49781718850135803 0.002184694167226553 
vn -0.8348755836486816 0.4798351526260376 -0.26970529556274414 
vn -0.49781718850135803 0.8672792315483093 0.002184694167226553 
vn -0.481471449136734 0.8339329957962036 -0.26970529556274414 
vn -1.0341130485562108e-13 0.999997615814209 0.002184694167226553 
vn 0.0018883723532781005 0.96294105052948 -0.26970529556274414 
vn 0.49781718850135803 0.8672792315483093 0.002184694167226553 
vn 0.4847384989261627 0.8320382237434387 -0.26970529556274414 
vn 0.8672792315483093 0.49781718850135803 0.002184694167226553 
vn 0.8329872488975525 0.4831058979034424 -0.26970529556274414 
vn 0.999997615814209 0 0.002184694167226553 
vn 0.962942898273468 0 -0.26970529556274414 
vn 0.8672792315483093 -0.49781718850135803 0.002184694167226553 
vn 0.8329872488975525 -0.4831058979034424 -0.26970529556274414 
vn 0.49781718850135803 -0.8672792315483093 0.002184694167226553 
vn 0.4847384989261627 -0.8320382237434387 -0.26970529556274414 
vn 0.49781718850135803 -0.8672792315483093 0.002184694167226553 
vn 0.4704713821411133 -0.8224256038665771 0.3198012113571167 
vn 3.097898456858039e-13 -0.999997615814209 0.002184694167226553 
vn 0.0018863173900172114 -0.9474827647209167 0.3198012113571167 
vn -0.49781718850135803 -0.8672792315483093 0.002184694167226553 
vn -0.4737423360347748 -0.8205457925796509 0.3198012113571167 
vn -0.8672792315483093 -0.49781718850135803 0.002184694167226553 
vn -0.821487307548523 -0.47210779786109924 0.3198012113571167 
vn -0.999997615814209 -2.0682260971124217e-13 0.002184694167226553 
vn -0.9474771618843079 0.003772627329453826 0.3198012113571167 
vn -0.8672792315483093 0.49781718850135803 0.002184694167226553 
vn -0.821487307548523 0.47210779786109924 0.3198012113571167 
vn -0.49781718850135803 0.8672792315483093 0.002184694167226553 
vn -0.4737423360347748 0.8205457925796509 0.3198012113571167 
vn -1.0341130485562108e-13 0.999997615814209 0.002184694167226553 
vn 0.0018863173900172114 0.9474827647209167 0.3198012113571167 
vn 0.49781718850135803 0.8672792315483093 0.002184694167226553 
vn 0.4704713821411133 0.8224256038665771 0.3198012113571167 
vn 0.8672792315483093 0.49781718850135803 0.002184694167226553 
vn 0.8196009993553162 0.4753749966621399 0.3198012113571167 
vn 0.999997615814209 0 0.002184694167226553 
vn 0.9474846720695496 0 0.3198012113571167 
vn 0.8672792315483093 -0.49781718850135803 0.002184694167226553 
vn 0.8196009993553162 -0.4753749966621399 0.3198012113571167 
vn 0.49781718850135803 -0.8672792315483093 0.002184694167226553 
vn 0.4704713821411133 -0.8224256038665771 0.3198012113571167 
vn 0.4847384989261627 -0.8320382237434387 -0.26970529556274414 
vn 0.4864805340766907 -0.8375751376152039 -0.24860523641109467 
vn 0.0018883723532781005 -0.96294105052948 -0.26970529556274414 
vn 0.0037753775250166655 -0.9685975313186646 -0.24860523641109467 
vn -0.481471449136734 -0.8339329957962036 -0.26970529556274414 
vn -0.4864805340766907 -0.8375751376152039 -0.24860523641109467 
vn -0.8348755836486816 -0.4798351526260376 -0.26970529556274414 
vn -0.8394649624824524 -0.4832121729850769 -0.24860523641109467 
vn -0.9629355072975159 -0.003776737255975604 -0.26970529556274414 
vn -0.9686048626899719 -2.0032987855383988e-13 -0.24860523641109467 
vn -0.8348755836486816 0.4798351526260376 -0.26970529556274414 
vn -0.8394649624824524 0.4832121729850769 -0.24860523641109467 
vn -0.481471449136734 0.8339329957962036 -0.26970529556274414 
vn -0.4864805340766907 0.8375751376152039 -0.24860523641109467 
vn 0.0018883723532781005 0.96294105052948 -0.26970529556274414 
vn 0.0037753775250166655 0.9685975313186646 -0.24860523641109467 
vn 0.4847384989261627 0.8320382237434387 -0.26970529556274414 
vn 0.4864805340766907 0.8375751376152039 -0.24860523641109467 
vn 0.8329872488975525 0.4831058979034424 -0.26970529556274414 
vn 0.8394649624824524 0.4832121729850769 -0.24860523641109467 
vn 0.962942898273468 0 -0.26970529556274414 
vn 0.9686048626899719 0 -0.24860523641109467 
vn 0.8329872488975525 -0.4831058979034424 -0.26970529556274414 
vn 0.8394649624824524 -0.4832121729850769 -0.24860523641109467 
vn 0.4847384989261627 -0.8320382237434387 -0.26970529556274414 
vn 0.4864805340766907 -0.8375751376152039 -0.24860523641109467 
vn 0.49781718850135803 -0.8672792315483093 0.002184694167226553 
vn 3.097898456858039e-13 -0.999997615814209 0.002184694167226553 
vn -0.49781718850135803 -0.8672792315483093 0.002184694167226553 
vn -0.8672792315483093 -0.49781718850135803 0.002184694167226553 
vn -0.999997615814209 -2.0682260971124217e-13 0.002184694167226553 
vn -0.8672792315483093 0.49781718850135803 0.002184694167226553 
vn -0.49781718850135803 0.8672792315483093 0.002184694167226553 
vn -1.0341130485562108e-13 0.999997615814209 0.002184694167226553 
vn 0.49781718850135803 0.8672792315483093 0.002184694167226553 
vn 0.8672792315483093 0.49781718850135803 0.002184694167226553 
vn 0.999997615814209 0 0.002184694167226553 
vn 0.8672792315483093 -0.49781718850135803 0.002184694167226553 
vn 0.49781718850135803 -0.8672792315483093 0.002184694167226553 
vn 0 0 1 
vn 0 0 1 
vn 0 0 1 
vn 0 0 1 
vn 0 0 1 
vn 0 0 1 
vn 0 0 1 
vn 0 0 1 
vn 0 0 1 
vn 0 0 1 
vn 0 0 1 
vn 0 0 1 
vn 0 0 1 
vn 0 0 1 
vn 0 0 1 
vn 0.0352960042655468 -0.15704667568206787 0.986960232257843 
vn 0.0352960042655468 -0.15704667568206787 0.986960232257843 
vn 0.0352960042655468 -0.15704667568206787 0.986960232257843 
vn 0.0352960042655468 -0.15704667568206787 0.986960232257843 
vn -2.0682311115474694e-13 0 -1 
vn -2.0682311115474694e-13 0 -1 
vn -2.0682311115474694e-13 0 -1 
vn -2.0682311115474694e-13 0 -1 
vn -2.0682311115474694e-13 0 -1 
vn -2.0682311115474694e-13 0 -1 
vn -2.0682311115474694e-13 0 -1 
vn -2.0682311115474694e-13 0 -1 
vn -2.0682311115474694e-13 0 -1 
vn -2.0682311115474694e-13 0 -1 
vn -2.0682311115474694e-13 0 -1 
vn 0.05131954699754715 -0.1434285193681717 0.9883291721343994 
vn 0.05131954699754715 -0.1434285193681717 0.9883291721343994 
vn 0.05131954699754715 -0.1434285193681717 0.9883291721343994 
vn 0.05131954699754715 -0.1434285193681717 0.9883291721343994 
vn 0.49781718850135803 -0.8672792315483093 0.002184694167226553 
vn 0.4704713821411133 -0.8224256038665771 0.3198012113571167 
vn 3.097898456858039e-13 -0.999997615814209 0.002184694167226553 
vn 0.0018863173900172114 -0.9474827647209167 0.3198012113571167 
vn -0.49781718850135803 -0.8672792315483093 0.002184694167226553 
vn -0.4737423360347748 -0.8205457925796509 0.3198012113571167 
vn -0.8672792315483093 -0.49781718850135803 0.002184694167226553 
vn -0.821487307548523 -0.47210779786109924 0.3198012113571167 
vn -0.999997615814209 -2.0682260971124217e-13 0.002184694167226553 
vn -0.9474771618843079 -0.003772627329453826 0.3198012113571167 
vn -0.8672792315483093 0.49781718850135803 0.002184694167226553 
vn -0.821487307548523 0.47210779786109924 0.3198012113571167 
vn -0.49781718850135803 0.8672792315483093 0.002184694167226553 
vn -0.4737423360347748 0.8205457925796509 0.3198012113571167 
vn -1.0341130485562108e-13 0.999997615814209 0.002184694167226553 
vn 0.0018863173900172114 0.9474827647209167 0.3198012113571167 
vn 0.49781718850135803 0.8672792315483093 0.002184694167226553 
vn 0.4704713821411133 0.8224256038665771 0.3198012113571167 
vn 0.8672792315483093 0.49781718850135803 0.002184694167226553 
vn 0.8196009993553162 0.4753749966621399 0.3198012113571167 
vn 0.999997615814209 0 0.002184694167226553 
vn 0.9474846720695496 0 0.3198012113571167 
vn 0.8672792315483093 -0.49781718850135803 0.002184694167226553 
vn 0.8196009993553162 -0.4753749966621399 0.3198012113571167 
vn 0.49781718850135803 -0.8672792315483093 0.002184694167226553 
vn 0.4704713821411133 -0.8224256038665771 0.3198012113571167 
vn 0.4704713821411133 -0.8224256038665771 0.3198012113571167 
vn 0.32234567403793335 -0.5608326196670532 0.762600839138031 
vn 0.0018863173900172114 -0.9474827647209167 0.3198012113571167 
vn -0.0018851550994440913 -0.6468666195869446 0.762600839138031 
vn -0.4737423360347748 -0.8205457925796509 0.3198012113571167 
vn -0.325609028339386 -0.5589443445205688 0.762600839138031 
vn -0.821487307548523 -0.47210779786109924 0.3198012113571167 
vn -0.5617696642875671 -0.32070988416671753 0.762600839138031 
vn -0.9474771618843079 -0.003772627329453826 0.3198012113571167 
vn -0.6468583941459656 -0.0037702941335737705 0.762600839138031 
vn -0.821487307548523 0.47210779786109924 0.3198012113571167 
vn -0.5617696642875671 0.32070988416671753 0.762600839138031 
vn -0.4737423360347748 0.8205457925796509 0.3198012113571167 
vn -0.325609028339386 0.5589443445205688 0.762600839138031 
vn 0.0018863173900172114 0.9474827647209167 0.3198012113571167 
vn -0.0018851550994440913 0.6468666195869446 0.762600839138031 
vn 0.4704713821411133 0.8224256038665771 0.3198012113571167 
vn 0.32234567403793335 0.5608326196670532 0.762600839138031 
vn 0.8196009993553162 0.4753749966621399 0.3198012113571167 
vn 0.559890866279602 0.3239787518978119 0.762600839138031 
vn 0.9474846720695496 0 0.3198012113571167 
vn 0.6468693614006042 0 0.762600839138031 
vn 0.8196009993553162 -0.4753749966621399 0.3198012113571167 
vn 0.559890866279602 -0.3239787518978119 0.762600839138031 
vn 0.4704713821411133 -0.8224256038665771 0.3198012113571167 
vn 0.32234567403793335 -0.5608326196670532 0.762600839138031 
vn 0.22814449667930603 -0.3976649045944214 0.888714075088501 
vn -0.001880282536149025 -0.4584580361843109 0.888714075088501 
vn -0.23139867186546326 -0.39578017592430115 0.888714075088501 
vn -0.39859724044799805 -0.2265116423368454 0.888714075088501 
vn -0.4584464430809021 -0.003760533407330513 0.888714075088501 
vn -0.39859724044799805 0.2265116423368454 0.888714075088501 
vn -0.23139867186546326 0.39578017592430115 0.888714075088501 
vn -0.001880282536149025 0.4584580361843109 0.888714075088501 
vn 0.22814449667930603 0.3976649045944214 0.888714075088501 
vn 0.3967258930206299 0.22977352142333984 0.888714075088501 
vn 0.4584618806838989 0 0.888714075088501 
vn 0.3967258930206299 -0.22977352142333984 0.888714075088501 
vn 0.22814449667930603 -0.3976649045944214 0.888714075088501 
vn 0.49781718850135803 -0.8672792315483093 0.002184694167226553 
vn 0.4847384989261627 -0.8320382237434387 -0.26970529556274414 
vn 3.097898456858039e-13 -0.999997615814209 0.002184694167226553 
vn 0.0018883723532781005 -0.96294105052948 -0.26970529556274414 
vn -0.49781718850135803 -0.8672792315483093 0.002184694167226553 
vn -0.481471449136734 -0.8339329957962036 -0.26970529556274414 
vn -0.8672792315483093 -0.49781718850135803 0.002184694167226553 
vn -0.8348755836486816 -0.4798351526260376 -0.26970529556274414 
vn -0.999997615814209 -2.0682260971124217e-13 0.002184694167226553 
vn -0.9629355072975159 -0.003776737255975604 -0.26970529556274414 
vn -0.8672792315483093 0.49781718850135803 0.002184694167226553 
vn -0.8348755836486816 0.4798351526260376 -0.26970529556274414 
vn -0.49781718850135803 0.8672792315483093 0.002184694167226553 
vn -0.481471449136734 0.8339329957962036 -0.26970529556274414 
vn -1.0341130485562108e-13 0.999997615814209 0.002184694167226553 
vn 0.0018883723532781005 0.96294105052948 -0.26970529556274414 
vn 0.49781718850135803 0.8672792315483093 0.002184694167226553 
vn 0.4847384989261627 0.8320382237434387 -0.26970529556274414 
vn 0.8672792315483093 0.49781718850135803 0.002184694167226553 
vn 0.8329872488975525 0.4831058979034424 -0.26970529556274414 
vn 0.999997615814209 0 0.002184694167226553 
vn 0.962942898273468 0 -0.26970529556274414 
vn 0.8672792315483093 -0.49781718850135803 0.002184694167226553 
vn 0.8329872488975525 -0.4831058979034424 -0.26970529556274414 
vn 0.49781718850135803 -0.8672792315483093 0.002184694167226553 
vn 0.4847384989261627 -0.8320382237434387 -0.26970529556274414 
vn 0.013107799924910069 0 0.9999141097068787 
vn 0.013107799924910069 0 0.9999141097068787 
vn 0.013107799924910069 0 0.9999141097068787 
vn 0.013107799924910069 0 0.9999141097068787 
vn 0.191910058259964 -0.10072217136621475 0.976230263710022 
vn 0.191910058259964 -0.10072217136621475 0.976230263710022 
vn 0.191910058259964 -0.10072217136621475 0.976230263710022 
vn 0.191910058259964 -0.10072217136621475 0.976230263710022 
vn 0.4847384989261627 -0.8320382237434387 -0.26970529556274414 
vn 0.4864805340766907 -0.8375751376152039 -0.24860523641109467 
vn 0.0018883723532781005 -0.96294105052948 -0.26970529556274414 
vn 0.0037753775250166655 -0.9685975313186646 -0.24860523641109467 
vn -0.481471449136734 -0.8339329957962036 -0.26970529556274414 
vn -0.4864805340766907 -0.8375751376152039 -0.24860523641109467 
vn -0.8348755836486816 -0.4798351526260376 -0.26970529556274414 
vn -0.8394649624824524 -0.4832121729850769 -0.24860523641109467 
vn -0.9629355072975159 -0.003776737255975604 -0.26970529556274414 
vn -0.9686048626899719 -2.0032987855383988e-13 -0.24860523641109467 
vn -0.8348755836486816 0.4798351526260376 -0.26970529556274414 
vn -0.8394649624824524 0.4832121729850769 -0.24860523641109467 
vn -0.481471449136734 0.8339329957962036 -0.26970529556274414 
vn -0.4864805340766907 0.8375751376152039 -0.24860523641109467 
vn 0.0018883723532781005 0.96294105052948 -0.26970529556274414 
vn 0.0037753775250166655 0.9685975313186646 -0.24860523641109467 
vn 0.4847384989261627 0.8320382237434387 -0.26970529556274414 
vn 0.4864805340766907 0.8375751376152039 -0.24860523641109467 
vn 0.8329872488975525 0.4831058979034424 -0.26970529556274414 
vn 0.8394649624824524 0.4832121729850769 -0.24860523641109467 
vn 0.962942898273468 0 -0.26970529556274414 
vn 0.9686048626899719 0 -0.24860523641109467 
vn 0.8329872488975525 -0.4831058979034424 -0.26970529556274414 
vn 0.8394649624824524 -0.4832121729850769 -0.24860523641109467 
vn 0.4847384989261627 -0.8320382237434387 -0.26970529556274414 
vn 0.4864805340766907 -0.8375751376152039 -0.24860523641109467 
vn 0.49781718850135803 -0.8672792315483093 0.002184694167226553 
vn 3.097898456858039e-13 -0.999997615814209 0.002184694167226553 
vn -0.49781718850135803 -0.8672792315483093 0.002184694167226553 
vn -0.8672792315483093 -0.49781718850135803 0.002184694167226553 
vn -0.999997615814209 -2.0682260971124217e-13 0.002184694167226553 
vn -0.8672792315483093 0.49781718850135803 0.002184694167226553 
vn -0.49781718850135803 0.8672792315483093 0.002184694167226553 
vn -1.0341130485562108e-13 0.999997615814209 0.002184694167226553 
vn 0.49781718850135803 0.8672792315483093 0.002184694167226553 
vn 0.8672792315483093 0.49781718850135803 0.002184694167226553 
vn 0.999997615814209 0 0.002184694167226553 
vn 0.8672792315483093 -0.49781718850135803 0.002184694167226553 
vn 0.49781718850135803 -0.8672792315483093 0.002184694167226553 
vn 0 0 1 
vn 0 0 1 
vn 0 0 1 
vn 0 0 1 
vn 0 0 1 
vn 0 0 1 
vn 0 0 1 
vn 0 0 1 
vn 0 0 1 
vn 0 0 1 
vn 0 0 1 
vn 0.4704713821411133 -0.8224256038665771 0.3198012113571167 
vn 0.32234567403793335 -0.5608326196670532 0.762600839138031 
vn 0.0018863173900172114 -0.9474827647209167 0.3198012113571167 
vn -0.0018851550994440913 -0.6468666195869446 0.762600839138031 
vn -0.4737423360347748 -0.8205457925796509 0.3198012113571167 
vn -0.325609028339386 -0.5589443445205688 0.762600839138031 
vn -0.821487307548523 -0.47210779786109924 0.3198012113571167 
vn -0.5617696642875671 -0.32070988416671753 0.762600839138031 
vn -0.9474771618843079 0.003772627329453826 0.3198012113571167 
vn -0.6468583941459656 0.0037702941335737705 0.762600839138031 
vn -0.821487307548523 0.47210779786109924 0.3198012113571167 
vn -0.5617696642875671 0.32070988416671753 0.762600839138031 
vn -0.4737423360347748 0.8205457925796509 0.3198012113571167 
vn -0.325609028339386 0.5589443445205688 0.762600839138031 
vn 0.0018863173900172114 0.9474827647209167 0.3198012113571167 
vn -0.0018851550994440913 0.6468666195869446 0.762600839138031 
vn 0.4704713821411133 0.8224256038665771 0.3198012113571167 
vn 0.32234567403793335 0.5608326196670532 0.762600839138031 
vn 0.8196009993553162 0.4753749966621399 0.3198012113571167 
vn 0.559890866279602 0.3239787518978119 0.762600839138031 
vn 0.9474846720695496 0 0.3198012113571167 
vn 0.6468693614006042 0 0.762600839138031 
vn 0.8196009993553162 -0.4753749966621399 0.3198012113571167 
vn 0.559890866279602 -0.3239787518978119 0.762600839138031 
vn 0.4704713821411133 -0.8224256038665771 0.3198012113571167 
vn 0.32234567403793335 -0.5608326196670532 0.762600839138031 
vn 0.22814449667930603 -0.3976649045944214 0.888714075088501 
vn -0.001880282536149025 -0.4584580361843109 0.888714075088501 
vn -0.23139867186546326 -0.39578017592430115 0.888714075088501 
vn -0.39859724044799805 -0.2265116423368454 0.888714075088501 
vn -0.4584464430809021 0.003760533407330513 0.888714075088501 
vn -0.39859724044799805 0.2265116423368454 0.888714075088501 
vn -0.23139867186546326 0.39578017592430115 0.888714075088501 
vn -0.001880282536149025 0.4584580361843109 0.888714075088501 
vn 0.22814449667930603 0.3976649045944214 0.888714075088501 
vn 0.3967258930206299 0.22977352142333984 0.888714075088501 
vn 0.4584618806838989 0 0.888714075088501 
vn 0.3967258930206299 -0.22977352142333984 0.888714075088501 
vn 0.22814449667930603 -0.3976649045944214 0.888714075088501 
vn 0.08292311429977417 0 0.9965559244155884 
vn 0.08292311429977417 0 0.9965559244155884 
vn 0.08292311429977417 0 0.9965559244155884 
vn 0.08292311429977417 0 0.9965559244155884 
vn 0 0 1 
vn 0 0 1 
vn 0 0 1 
vn 0 0 1 
vn 0.25450462102890015 0.015032465569674969 0.9669547080993652 
vn 0.25450462102890015 0.015032465569674969 0.9669547080993652 
vn 0.25450462102890015 0.015032465569674969 0.9669547080993652 
vn 0.25450462102890015 0.015032465569674969 0.9669547080993652 
vn -2.0682311115474694e-13 0 -1 
vn -2.0682311115474694e-13 0 -1 
vn -2.0682311115474694e-13 0 -1 
vn -2.0682311115474694e-13 0 -1 
vn -2.0682311115474694e-13 0 -1 
vn -2.0682311115474694e-13 0 -1 
vn -2.0682311115474694e-13 0 -1 
vn -2.0682311115474694e-13 0 -1 
vn -2.0682311115474694e-13 0 -1 
vn -2.0682311115474694e-13 0 -1 
vn -2.0682311115474694e-13 0 -1 
vn -2.0682311115474694e-13 0 -1 
vn -0.021845221519470215 -4.518096610544014e-15 0.9997613430023193 
vn -0.021845221519470215 -4.518096610544014e-15 0.9997613430023193 
vn -0.021845221519470215 -4.518096610544014e-15 0.9997613430023193 
vn -0.021845221519470215 -4.518096610544014e-15 0.9997613430023193 
vn 0.1255030333995819 -0.014807558618485928 0.9919826984405518 
vn 0.1255030333995819 -0.014807558618485928 0.9919826984405518 
vn 0.1255030333995819 -0.014807558618485928 0.9919826984405518 
vn 0.1255030333995819 -0.014807558618485928 0.9919826984405518 
vn 0.49781718850135803 -0.8672792315483093 0.002184694167226553 
vn 0.4847384989261627 -0.8320382237434387 -0.26970529556274414 
vn 3.097898456858039e-13 -0.999997615814209 0.002184694167226553 
vn 0.0018883723532781005 -0.96294105052948 -0.26970529556274414 
vn -0.49781718850135803 -0.8672792315483093 0.002184694167226553 
vn -0.481471449136734 -0.8339329957962036 -0.26970529556274414 
vn -0.8672792315483093 -0.49781718850135803 0.002184694167226553 
vn -0.8348755836486816 -0.4798351526260376 -0.26970529556274414 
vn -0.999997615814209 -2.0682260971124217e-13 0.002184694167226553 
vn -0.9629355072975159 -0.003776737255975604 -0.26970529556274414 
vn -0.8672792315483093 0.49781718850135803 0.002184694167226553 
vn -0.8348755836486816 0.4798351526260376 -0.26970529556274414 
vn -0.49781718850135803 0.8672792315483093 0.002184694167226553 
vn -0.481471449136734 0.8339329957962036 -0.26970529556274414 
vn -1.0341130485562108e-13 0.999997615814209 0.002184694167226553 
vn 0.0018883723532781005 0.96294105052948 -0.26970529556274414 
vn 0.49781718850135803 0.8672792315483093 0.002184694167226553 
vn 0.4847384989261627 0.8320382237434387 -0.26970529556274414 
vn 0.8672792315483093 0.49781718850135803 0.002184694167226553 
vn 0.8329872488975525 0.4831058979034424 -0.26970529556274414 
vn 0.999997615814209 0 0.002184694167226553 
vn 0.962942898273468 0 -0.26970529556274414 
vn 0.8672792315483093 -0.49781718850135803 0.002184694167226553 
vn 0.8329872488975525 -0.4831058979034424 -0.26970529556274414 
vn 0.49781718850135803 -0.8672792315483093 0.002184694167226553 
vn 0.4847384989261627 -0.8320382237434387 -0.26970529556274414 
vn 0.49781718850135803 -0.8672792315483093 0.002184694167226553 
vn 0.4704713821411133 -0.8224256038665771 0.3198012113571167 
vn 3.097898456858039e-13 -0.999997615814209 0.002184694167226553 
vn 0.0018863173900172114 -0.9474827647209167 0.3198012113571167 
vn -0.49781718850135803 -0.8672792315483093 0.002184694167226553 
vn -0.4737423360347748 -0.8205457925796509 0.3198012113571167 
vn -0.8672792315483093 -0.49781718850135803 0.002184694167226553 
vn -0.821487307548523 -0.47210779786109924 0.3198012113571167 
vn -0.999997615814209 -2.0682260971124217e-13 0.002184694167226553 
vn -0.9474771618843079 0.003772627329453826 0.3198012113571167 
vn -0.8672792315483093 0.49781718850135803 0.002184694167226553 
vn -0.821487307548523 0.47210779786109924 0.3198012113571167 
vn -0.49781718850135803 0.8672792315483093 0.002184694167226553 
vn -0.4737423360347748 0.8205457925796509 0.3198012113571167 
vn -1.0341130485562108e-13 0.999997615814209 0.002184694167226553 
vn 0.0018863173900172114 0.9474827647209167 0.3198012113571167 
vn 0.49781718850135803 0.8672792315483093 0.002184694167226553 
vn 0.4704713821411133 0.8224256038665771 0.3198012113571167 
vn 0.8672792315483093 0.49781718850135803 0.002184694167226553 
vn 0.8196009993553162 0.4753749966621399 0.3198012113571167 
vn 0.999997615814209 0 0.002184694167226553 
vn 0.9474846720695496 0 0.3198012113571167 
vn 0.8672792315483093 -0.49781718850135803 0.002184694167226553 
vn 0.8196009993553162 -0.4753749966621399 0.3198012113571167 
vn 0.49781718850135803 -0.8672792315483093 0.002184694167226553 
vn 0.4704713821411133 -0.8224256038665771 0.3198012113571167 
vn 0.2464885413646698 0 0.9691457152366638 
vn 0.2464885413646698 0 0.9691457152366638 
vn 0.2464885413646698 0 0.9691457152366638 
vn 0.2464885413646698 0 0.9691457152366638 
vn -0.012840298935770988 -0.017673155292868614 0.9997613430023193 
vn -0.012840298935770988 -0.017673155292868614 0.9997613430023193 
vn -0.012840298935770988 -0.017673155292868614 0.9997613430023193 
vn -0.012840298935770988 -0.017673155292868614 0.9997613430023193 
vn 0 0 1 
vn 0 0 1 
vn 0 0 1 
vn 0 0 1 
vn 0 0 1 
vn 0 0 1 
vn 0 0 1 
vn 0 0 1 
vn 0 0 1 
vn 0 0 1 
vn 0 0 1 
vn -2.0682311115474694e-13 0 -1 
vn -2.0682311115474694e-13 0 -1 
vn -2.0682311115474694e-13 0 -1 
vn -2.0682311115474694e-13 0 -1 
vn -2.0682311115474694e-13 0 -1 
vn -2.0682311115474694e-13 0 -1 
vn -2.0682311115474694e-13 0 -1 
vn -2.0682311115474694e-13 0 -1 
vn -2.0682311115474694e-13 0 -1 
vn -2.0682311115474694e-13 0 -1 
vn -2.0682311115474694e-13 0 -1 
vn 0.0013502120273187757 0.0041555254720151424 0.9999904632568359 
vn 0.0013502120273187757 0.0041555254720151424 0.9999904632568359 
vn 0.0013502120273187757 0.0041555254720151424 0.9999904632568359 
vn 0.0013502120273187757 0.0041555254720151424 0.9999904632568359 
vn 0.006750544533133507 -0.020776038989424706 0.9997613430023193 
vn 0.006750544533133507 -0.020776038989424706 0.9997613430023193 
vn 0.006750544533133507 -0.020776038989424706 0.9997613430023193 
vn 0.006750544533133507 -0.020776038989424706 0.9997613430023193 
vn 0.49781718850135803 -0.8672792315483093 0.002184694167226553 
vn 0.4847384989261627 -0.8320382237434387 -0.26970529556274414 
vn 3.097898456858039e-13 -0.999997615814209 0.002184694167226553 
vn 0.0018883723532781005 -0.96294105052948 -0.26970529556274414 
vn -0.49781718850135803 -0.8672792315483093 0.002184694167226553 
vn -0.481471449136734 -0.8339329957962036 -0.26970529556274414 
vn -0.8672792315483093 -0.49781718850135803 0.002184694167226553 
vn -0.8348755836486816 -0.4798351526260376 -0.26970529556274414 
vn -0.999997615814209 -2.0682260971124217e-13 0.002184694167226553 
vn -0.9629355072975159 -0.003776737255975604 -0.26970529556274414 
vn -0.8672792315483093 0.49781718850135803 0.002184694167226553 
vn -0.8348755836486816 0.4798351526260376 -0.26970529556274414 
vn -0.49781718850135803 0.8672792315483093 0.002184694167226553 
vn -0.481471449136734 0.8339329957962036 -0.26970529556274414 
vn -1.0341130485562108e-13 0.999997615814209 0.002184694167226553 
vn 0.0018883723532781005 0.96294105052948 -0.26970529556274414 
vn 0.49781718850135803 0.8672792315483093 0.002184694167226553 
vn 0.4847384989261627 0.8320382237434387 -0.26970529556274414 
vn 0.8672792315483093 0.49781718850135803 0.002184694167226553 
vn 0.8329872488975525 0.4831058979034424 -0.26970529556274414 
vn 0.999997615814209 0 0.002184694167226553 
vn 0.962942898273468 0 -0.26970529556274414 
vn 0.8672792315483093 -0.49781718850135803 0.002184694167226553 
vn 0.8329872488975525 -0.4831058979034424 -0.26970529556274414 
vn 0.49781718850135803 -0.8672792315483093 0.002184694167226553 
vn 0.4847384989261627 -0.8320382237434387 -0.26970529556274414 
vn 0.49781718850135803 -0.8672792315483093 0.002184694167226553 
vn 0.4864805340766907 -0.8375751376152039 -0.24860523641109467 
vn 0.8672792315483093 -0.49781718850135803 0.002184694167226553 
vn 0.8394649624824524 -0.4832121729850769 -0.24860523641109467 
vn 0.999997615814209 0 0.002184694167226553 
vn 0.9686048626899719 0 -0.24860523641109467 
vn 0.8672792315483093 0.49781718850135803 0.002184694167226553 
vn 0.8394649624824524 0.4832121729850769 -0.24860523641109467 
vn 0.49781718850135803 0.8672792315483093 0.002184694167226553 
vn 0.4864805340766907 0.8375751376152039 -0.24860523641109467 
vn -1.0341130485562108e-13 0.999997615814209 0.002184694167226553 
vn 0.0037753775250166655 0.9685975313186646 -0.24860523641109467 
vn -0.49781718850135803 0.8672792315483093 0.002184694167226553 
vn -0.4864805340766907 0.8375751376152039 -0.24860523641109467 
vn -0.8672792315483093 0.49781718850135803 0.002184694167226553 
vn -0.8394649624824524 0.4832121729850769 -0.24860523641109467 
vn -0.999997615814209 -2.0682260971124217e-13 0.002184694167226553 
vn -0.9686048626899719 -2.0032987855383988e-13 -0.24860523641109467 
vn -0.8672792315483093 -0.49781718850135803 0.002184694167226553 
vn -0.8394649624824524 -0.4832121729850769 -0.24860523641109467 
vn -0.49781718850135803 -0.8672792315483093 0.002184694167226553 
vn -0.4864805340766907 -0.8375751376152039 -0.24860523641109467 
vn 3.097898456858039e-13 -0.999997615814209 0.002184694167226553 
vn 0.0037753775250166655 -0.9685975313186646 -0.24860523641109467 
vn 0.49781718850135803 -0.8672792315483093 0.002184694167226553 
vn 0.4864805340766907 -0.8375751376152039 -0.24860523641109467 
vn 0.4847384989261627 -0.8320382237434387 -0.26970529556274414 
vn 0.8329872488975525 -0.4831058979034424 -0.26970529556274414 
vn 0.962942898273468 0 -0.26970529556274414 
vn 0.8329872488975525 0.4831058979034424 -0.26970529556274414 
vn 0.4847384989261627 0.8320382237434387 -0.26970529556274414 
vn 0.0018883723532781005 0.96294105052948 -0.26970529556274414 
vn -0.481471449136734 0.8339329957962036 -0.26970529556274414 
vn -0.8348755836486816 0.4798351526260376 -0.26970529556274414 
vn -0.9629355072975159 -0.003776737255975604 -0.26970529556274414 
vn -0.8348755836486816 -0.4798351526260376 -0.26970529556274414 
vn -0.481471449136734 -0.8339329957962036 -0.26970529556274414 
vn 0.0018883723532781005 -0.96294105052948 -0.26970529556274414 
vn 0.4847384989261627 -0.8320382237434387 -0.26970529556274414 
vn -0.999997615814209 -2.0682260971124217e-13 0.002184694167226553 
vn -0.999997615814209 -2.0682260971124217e-13 0.002184694167226553 
vn -0.999997615814209 -2.0682260971124217e-13 0.002184694167226553 
vn -0.999997615814209 -2.0682260971124217e-13 0.002184694167226553 
vn 0.49781718850135803 -0.8672792315483093 0.002184694167226553 
vn 0.4704713821411133 -0.8224256038665771 0.3198012113571167 
vn 3.097898456858039e-13 -0.999997615814209 0.002184694167226553 
vn 0.0018863173900172114 -0.9474827647209167 0.3198012113571167 
vn -0.49781718850135803 -0.8672792315483093 0.002184694167226553 
vn -0.4737423360347748 -0.8205457925796509 0.3198012113571167 
vn -0.8672792315483093 -0.49781718850135803 0.002184694167226553 
vn -0.821487307548523 -0.47210779786109924 0.3198012113571167 
vn -0.999997615814209 -2.0682260971124217e-13 0.002184694167226553 
vn -0.9474771618843079 -0.003772627329453826 0.3198012113571167 
vn -0.8672792315483093 0.49781718850135803 0.002184694167226553 
vn -0.821487307548523 0.47210779786109924 0.3198012113571167 
vn -0.49781718850135803 0.8672792315483093 0.002184694167226553 
vn -0.4737423360347748 0.8205457925796509 0.3198012113571167 
vn -1.0341130485562108e-13 0.999997615814209 0.002184694167226553 
vn 0.0018863173900172114 0.9474827647209167 0.3198012113571167 
vn 0.49781718850135803 0.8672792315483093 0.002184694167226553 
vn 0.4704713821411133 0.8224256038665771 0.3198012113571167 
vn 0.8672792315483093 0.49781718850135803 0.002184694167226553 
vn 0.8196009993553162 0.4753749966621399 0.3198012113571167 
vn 0.999997615814209 0 0.002184694167226553 
vn 0.9474846720695496 0 0.3198012113571167 
vn 0.8672792315483093 -0.49781718850135803 0.002184694167226553 
vn 0.8196009993553162 -0.4753749966621399 0.3198012113571167 
vn 0.49781718850135803 -0.8672792315483093 0.002184694167226553 
vn 0.4704713821411133 -0.8224256038665771 0.3198012113571167 
vn 0.4847384989261627 -0.8320382237434387 -0.26970529556274414 
vn 0.4864805340766907 -0.8375751376152039 -0.24860523641109467 
vn 0.0018883723532781005 -0.96294105052948 -0.26970529556274414 
vn 0.0037753775250166655 -0.9685975313186646 -0.24860523641109467 
vn -0.481471449136734 -0.8339329957962036 -0.26970529556274414 
vn -0.4864805340766907 -0.8375751376152039 -0.24860523641109467 
vn -0.8348755836486816 -0.4798351526260376 -0.26970529556274414 
vn -0.8394649624824524 -0.4832121729850769 -0.24860523641109467 
vn -0.9629355072975159 -0.003776737255975604 -0.26970529556274414 
vn -0.9686048626899719 -2.0032987855383988e-13 -0.24860523641109467 
vn -0.8348755836486816 0.4798351526260376 -0.26970529556274414 
vn -0.8394649624824524 0.4832121729850769 -0.24860523641109467 
vn -0.481471449136734 0.8339329957962036 -0.26970529556274414 
vn -0.4864805340766907 0.8375751376152039 -0.24860523641109467 
vn 0.0018883723532781005 0.96294105052948 -0.26970529556274414 
vn 0.0037753775250166655 0.9685975313186646 -0.24860523641109467 
vn 0.4847384989261627 0.8320382237434387 -0.26970529556274414 
vn 0.4864805340766907 0.8375751376152039 -0.24860523641109467 
vn 0.8329872488975525 0.4831058979034424 -0.26970529556274414 
vn 0.8394649624824524 0.4832121729850769 -0.24860523641109467 
vn 0.962942898273468 0 -0.26970529556274414 
vn 0.9686048626899719 0 -0.24860523641109467 
vn 0.8329872488975525 -0.4831058979034424 -0.26970529556274414 
vn 0.8394649624824524 -0.4832121729850769 -0.24860523641109467 
vn 0.4847384989261627 -0.8320382237434387 -0.26970529556274414 
vn 0.4864805340766907 -0.8375751376152039 -0.24860523641109467 
vn 0.49781718850135803 -0.8672792315483093 0.002184694167226553 
vn 3.097898456858039e-13 -0.999997615814209 0.002184694167226553 
vn -0.49781718850135803 -0.8672792315483093 0.002184694167226553 
vn -0.8672792315483093 -0.49781718850135803 0.002184694167226553 
vn -0.999997615814209 -2.0682260971124217e-13 0.002184694167226553 
vn -0.8672792315483093 0.49781718850135803 0.002184694167226553 
vn -0.49781718850135803 0.8672792315483093 0.002184694167226553 
vn -1.0341130485562108e-13 0.999997615814209 0.002184694167226553 
vn 0.49781718850135803 0.8672792315483093 0.002184694167226553 
vn 0.8672792315483093 0.49781718850135803 0.002184694167226553 
vn 0.999997615814209 0 0.002184694167226553 
vn 0.8672792315483093 -0.49781718850135803 0.002184694167226553 
vn 0.49781718850135803 -0.8672792315483093 0.002184694167226553 
vn -0.0035349009558558464 0.002568255877122283 0.9999904632568359 
vn -0.0035349009558558464 0.002568255877122283 0.9999904632568359 
vn -0.0035349009558558464 0.002568255877122283 0.9999904632568359 
vn -0.0035349009558558464 0.002568255877122283 0.9999904632568359 
vn 0 0 1 
vn 0 0 1 
vn 0 0 1 
vn 0 0 1 
vn 0 0 1 
vn 0 0 1 
vn 0 0 1 
vn 0 0 1 
vn 0 0 1 
vn 0 0 1 
vn 0 0 1 
vn 0.2828151285648346 0.02997671626508236 0.9587059020996094 
vn 0.2828151285648346 0.02997671626508236 0.9587059020996094 
vn 0.2828151285648346 0.02997671626508236 0.9587059020996094 
vn 0.2828151285648346 0.02997671626508236 0.9587059020996094 
vn -2.0682311115474694e-13 0 -1 
vn -2.0682311115474694e-13 0 -1 
vn -2.0682311115474694e-13 0 -1 
vn -2.0682311115474694e-13 0 -1 
vn -2.0682311115474694e-13 0 -1 
vn -2.0682311115474694e-13 0 -1 
vn -2.0682311115474694e-13 0 -1 
vn -2.0682311115474694e-13 0 -1 
vn -2.0682311115474694e-13 0 -1 
vn -2.0682311115474694e-13 0 -1 
vn -2.0682311115474694e-13 0 -1 
vn 0.22814449667930603 -0.3976649045944214 0.888714075088501 
vn 0.32234567403793335 -0.5608326196670532 0.762600839138031 
vn 0.3967258930206299 -0.22977352142333984 0.888714075088501 
vn 0.559890866279602 -0.3239787518978119 0.762600839138031 
vn 0.4584618806838989 0 0.888714075088501 
vn 0.6468693614006042 0 0.762600839138031 
vn 0.3967258930206299 0.22977352142333984 0.888714075088501 
vn 0.559890866279602 0.3239787518978119 0.762600839138031 
vn 0.22814449667930603 0.3976649045944214 0.888714075088501 
vn 0.32234567403793335 0.5608326196670532 0.762600839138031 
vn -0.001880282536149025 0.4584580361843109 0.888714075088501 
vn -0.0018851550994440913 0.6468666195869446 0.762600839138031 
vn -0.23139867186546326 0.39578017592430115 0.888714075088501 
vn -0.325609028339386 0.5589443445205688 0.762600839138031 
vn -0.39859724044799805 0.2265116423368454 0.888714075088501 
vn -0.5617696642875671 0.32070988416671753 0.762600839138031 
vn -0.4584464430809021 0.003760533407330513 0.888714075088501 
vn -0.6468583941459656 0.0037702941335737705 0.762600839138031 
vn -0.39859724044799805 -0.2265116423368454 0.888714075088501 
vn -0.5617696642875671 -0.32070988416671753 0.762600839138031 
vn -0.23139867186546326 -0.39578017592430115 0.888714075088501 
vn -0.325609028339386 -0.5589443445205688 0.762600839138031 
vn -0.001880282536149025 -0.4584580361843109 0.888714075088501 
vn -0.0018851550994440913 -0.6468666195869446 0.762600839138031 
vn 0.22814449667930603 -0.3976649045944214 0.888714075088501 
vn 0.32234567403793335 -0.5608326196670532 0.762600839138031 
vn 0.4704713821411133 -0.8224256038665771 0.3198012113571167 
vn 0.8196009993553162 -0.4753749966621399 0.3198012113571167 
vn 0.9474846720695496 0 0.3198012113571167 
vn 0.8196009993553162 0.4753749966621399 0.3198012113571167 
vn 0.4704713821411133 0.8224256038665771 0.3198012113571167 
vn 0.0018863173900172114 0.9474827647209167 0.3198012113571167 
vn -0.4737423360347748 0.8205457925796509 0.3198012113571167 
vn -0.821487307548523 0.47210779786109924 0.3198012113571167 
vn -0.9474771618843079 0.003772627329453826 0.3198012113571167 
vn -0.821487307548523 -0.47210779786109924 0.3198012113571167 
vn -0.4737423360347748 -0.8205457925796509 0.3198012113571167 
vn 0.0018863173900172114 -0.9474827647209167 0.3198012113571167 
vn 0.4704713821411133 -0.8224256038665771 0.3198012113571167 
vn 0.30518195033073425 -0.007521188352257013 0.9522643685340881 
vn 0.30518195033073425 -0.007521188352257013 0.9522643685340881 
vn 0.30518195033073425 -0.007521188352257013 0.9522643685340881 
vn 0.30518195033073425 -0.007521188352257013 0.9522643685340881 
vn 0.21673583984375 0 0.976230263710022 
vn 0.21673583984375 0 0.976230263710022 
vn 0.21673583984375 0 0.976230263710022 
vn 0.21673583984375 0 0.976230263710022 
vn 0.4847384989261627 -0.8320382237434387 -0.26970529556274414 
vn 0.49781718850135803 -0.8672792315483093 0.002184694167226553 
vn 0.8329872488975525 -0.4831058979034424 -0.26970529556274414 
vn 0.8672792315483093 -0.49781718850135803 0.002184694167226553 
vn 0.962942898273468 0 -0.26970529556274414 
vn 0.999997615814209 0 0.002184694167226553 
vn 0.8329872488975525 0.4831058979034424 -0.26970529556274414 
vn 0.8672792315483093 0.49781718850135803 0.002184694167226553 
vn 0.4847384989261627 0.8320382237434387 -0.26970529556274414 
vn 0.49781718850135803 0.8672792315483093 0.002184694167226553 
vn 0.0018883723532781005 0.96294105052948 -0.26970529556274414 
vn -1.0341130485562108e-13 0.999997615814209 0.002184694167226553 
vn -0.481471449136734 0.8339329957962036 -0.26970529556274414 
vn -0.49781718850135803 0.8672792315483093 0.002184694167226553 
vn -0.8348755836486816 0.4798351526260376 -0.26970529556274414 
vn -0.8672792315483093 0.49781718850135803 0.002184694167226553 
vn -0.9629355072975159 -0.003776737255975604 -0.26970529556274414 
vn -0.999997615814209 -2.0682260971124217e-13 0.002184694167226553 
vn -0.8348755836486816 -0.4798351526260376 -0.26970529556274414 
vn -0.8672792315483093 -0.49781718850135803 0.002184694167226553 
vn -0.481471449136734 -0.8339329957962036 -0.26970529556274414 
vn -0.49781718850135803 -0.8672792315483093 0.002184694167226553 
vn 0.0018883723532781005 -0.96294105052948 -0.26970529556274414 
vn 3.097898456858039e-13 -0.999997615814209 0.002184694167226553 
vn 0.4847384989261627 -0.8320382237434387 -0.26970529556274414 
vn 0.49781718850135803 -0.8672792315483093 0.002184694167226553 
vn 0.4704713821411133 -0.8224256038665771 0.3198012113571167 
vn 0.32234567403793335 -0.5608326196670532 0.762600839138031 
vn 0.0018863173900172114 -0.9474827647209167 0.3198012113571167 
vn -0.0018851550994440913 -0.6468666195869446 0.762600839138031 
vn -0.4737423360347748 -0.8205457925796509 0.3198012113571167 
vn -0.325609028339386 -0.5589443445205688 0.762600839138031 
vn -0.821487307548523 -0.47210779786109924 0.3198012113571167 
vn -0.5617696642875671 -0.32070988416671753 0.762600839138031 
vn -0.9474771618843079 -0.003772627329453826 0.3198012113571167 
vn -0.6468583941459656 -0.0037702941335737705 0.762600839138031 
vn -0.821487307548523 0.47210779786109924 0.3198012113571167 
vn -0.5617696642875671 0.32070988416671753 0.762600839138031 
vn -0.4737423360347748 0.8205457925796509 0.3198012113571167 
vn -0.325609028339386 0.5589443445205688 0.762600839138031 
vn 0.0018863173900172114 0.9474827647209167 0.3198012113571167 
vn -0.0018851550994440913 0.6468666195869446 0.762600839138031 
vn 0.4704713821411133 0.8224256038665771 0.3198012113571167 
vn 0.32234567403793335 0.5608326196670532 0.762600839138031 
vn 0.8196009993553162 0.4753749966621399 0.3198012113571167 
vn 0.559890866279602 0.3239787518978119 0.762600839138031 
vn 0.9474846720695496 0 0.3198012113571167 
vn 0.6468693614006042 0 0.762600839138031 
vn 0.8196009993553162 -0.4753749966621399 0.3198012113571167 
vn 0.559890866279602 -0.3239787518978119 0.762600839138031 
vn 0.4704713821411133 -0.8224256038665771 0.3198012113571167 
vn 0.32234567403793335 -0.5608326196670532 0.762600839138031 
vn 0.22814449667930603 -0.3976649045944214 0.888714075088501 
vn -0.001880282536149025 -0.4584580361843109 0.888714075088501 
vn -0.23139867186546326 -0.39578017592430115 0.888714075088501 
vn -0.39859724044799805 -0.2265116423368454 0.888714075088501 
vn -0.4584464430809021 -0.003760533407330513 0.888714075088501 
vn -0.39859724044799805 0.2265116423368454 0.888714075088501 
vn -0.23139867186546326 0.39578017592430115 0.888714075088501 
vn -0.001880282536149025 0.4584580361843109 0.888714075088501 
vn 0.22814449667930603 0.3976649045944214 0.888714075088501 
vn 0.3967258930206299 0.22977352142333984 0.888714075088501 
vn 0.4584618806838989 0 0.888714075088501 
vn 0.3967258930206299 -0.22977352142333984 0.888714075088501 
vn 0.22814449667930603 -0.3976649045944214 0.888714075088501 
vn 0 0 1 
vn 0 0 1 
vn 0 0 1 
vn 0 0 1 
vn 0.4847384989261627 -0.8320382237434387 -0.26970529556274414 
vn 0.4864805340766907 -0.8375751376152039 -0.24860523641109467 
vn 0.0018883723532781005 -0.96294105052948 -0.26970529556274414 
vn 0.0037753775250166655 -0.9685975313186646 -0.24860523641109467 
vn -0.481471449136734 -0.8339329957962036 -0.26970529556274414 
vn -0.4864805340766907 -0.8375751376152039 -0.24860523641109467 
vn -0.8348755836486816 -0.4798351526260376 -0.26970529556274414 
vn -0.8394649624824524 -0.4832121729850769 -0.24860523641109467 
vn -0.9629355072975159 -0.003776737255975604 -0.26970529556274414 
vn -0.9686048626899719 -2.0032987855383988e-13 -0.24860523641109467 
vn -0.8348755836486816 0.4798351526260376 -0.26970529556274414 
vn -0.8394649624824524 0.4832121729850769 -0.24860523641109467 
vn -0.481471449136734 0.8339329957962036 -0.26970529556274414 
vn -0.4864805340766907 0.8375751376152039 -0.24860523641109467 
vn 0.0018883723532781005 0.96294105052948 -0.26970529556274414 
vn 0.0037753775250166655 0.9685975313186646 -0.24860523641109467 
vn 0.4847384989261627 0.8320382237434387 -0.26970529556274414 
vn 0.4864805340766907 0.8375751376152039 -0.24860523641109467 
vn 0.8329872488975525 0.4831058979034424 -0.26970529556274414 
vn 0.8394649624824524 0.4832121729850769 -0.24860523641109467 
vn 0.962942898273468 0 -0.26970529556274414 
vn 0.9686048626899719 0 -0.24860523641109467 
vn 0.8329872488975525 -0.4831058979034424 -0.26970529556274414 
vn 0.8394649624824524 -0.4832121729850769 -0.24860523641109467 
vn 0.4847384989261627 -0.8320382237434387 -0.26970529556274414 
vn 0.4864805340766907 -0.8375751376152039 -0.24860523641109467 
vn 0.49781718850135803 -0.8672792315483093 0.002184694167226553 
vn 3.097898456858039e-13 -0.999997615814209 0.002184694167226553 
vn -0.49781718850135803 -0.8672792315483093 0.002184694167226553 
vn -0.8672792315483093 -0.49781718850135803 0.002184694167226553 
vn -0.999997615814209 -2.0682260971124217e-13 0.002184694167226553 
vn -0.8672792315483093 0.49781718850135803 0.002184694167226553 
vn -0.49781718850135803 0.8672792315483093 0.002184694167226553 
vn -1.0341130485562108e-13 0.999997615814209 0.002184694167226553 
vn 0.49781718850135803 0.8672792315483093 0.002184694167226553 
vn 0.8672792315483093 0.49781718850135803 0.002184694167226553 
vn 0.999997615814209 0 0.002184694167226553 
vn 0.8672792315483093 -0.49781718850135803 0.002184694167226553 
vn 0.49781718850135803 -0.8672792315483093 0.002184694167226553 
vn 0.4704713821411133 -0.8224256038665771 0.3198012113571167 
vn 0.49781718850135803 -0.8672792315483093 0.002184694167226553 
vn 0.8196009993553162 -0.4753749966621399 0.3198012113571167 
vn 0.8672792315483093 -0.49781718850135803 0.002184694167226553 
vn 0.9474846720695496 0 0.3198012113571167 
vn 0.999997615814209 0 0.002184694167226553 
vn 0.8196009993553162 0.4753749966621399 0.3198012113571167 
vn 0.8672792315483093 0.49781718850135803 0.002184694167226553 
vn 0.4704713821411133 0.8224256038665771 0.3198012113571167 
vn 0.49781718850135803 0.8672792315483093 0.002184694167226553 
vn 0.0018863173900172114 0.9474827647209167 0.3198012113571167 
vn -1.0341130485562108e-13 0.999997615814209 0.002184694167226553 
vn -0.4737423360347748 0.8205457925796509 0.3198012113571167 
vn -0.49781718850135803 0.8672792315483093 0.002184694167226553 
vn -0.821487307548523 0.47210779786109924 0.3198012113571167 
vn -0.8672792315483093 0.49781718850135803 0.002184694167226553 
vn -0.9474771618843079 0.003772627329453826 0.3198012113571167 
vn -0.999997615814209 -2.0682260971124217e-13 0.002184694167226553 
vn -0.821487307548523 -0.47210779786109924 0.3198012113571167 
vn -0.8672792315483093 -0.49781718850135803 0.002184694167226553 
vn -0.4737423360347748 -0.8205457925796509 0.3198012113571167 
vn -0.49781718850135803 -0.8672792315483093 0.002184694167226553 
vn 0.0018863173900172114 -0.9474827647209167 0.3198012113571167 
vn 3.097898456858039e-13 -0.999997615814209 0.002184694167226553 
vn 0.4704713821411133 -0.8224256038665771 0.3198012113571167 
vn 0.49781718850135803 -0.8672792315483093 0.002184694167226553 
vn 0 0 1 
vn 0 0 1 
vn 0 0 1 
vn 0 0 1 
vn 0 0 1 
vn 0 0 1 
vn 0 0 1 
vn 0 0 1 
vn 0 0 1 
vn 0 0 1 
vn 0 0 1 
vn -2.0682311115474694e-13 0 -1 
vn -2.0682311115474694e-13 0 -1 
vn -2.0682311115474694e-13 0 -1 
vn -2.0682311115474694e-13 0 -1 
vn -2.0682311115474694e-13 0 -1 
vn -2.0682311115474694e-13 0 -1 
vn -2.0682311115474694e-13 0 -1 
vn -2.0682311115474694e-13 0 -1 
vn -2.0682311115474694e-13 0 -1 
vn -2.0682311115474694e-13 0 -1 
vn -2.0682311115474694e-13 0 -1 
vn 0.025957101956009865 0.1281033456325531 0.991421103477478 
vn 0.025957101956009865 0.1281033456325531 0.991421103477478 
vn 0.025957101956009865 0.1281033456325531 0.991421103477478 
vn 0.025957101956009865 0.1281033456325531 0.991421103477478 
vn 0.11557311564683914 0.022274892777204514 0.9930492043495178 
vn 0.11557311564683914 0.022274892777204514 0.9930492043495178 
vn 0.11557311564683914 0.022274892777204514 0.9930492043495178 
vn 0.11557311564683914 0.022274892777204514 0.9930492043495178 
vn -1.0341130485562108e-13 0.999997615814209 0.002184694167226553 
vn -1.0341130485562108e-13 0.999997615814209 0.002184694167226553 
vn -1.0341130485562108e-13 0.999997615814209 0.002184694167226553 
vn -1.0341130485562108e-13 0.999997615814209 0.002184694167226553 
vn 0.4704713821411133 -0.8224256038665771 0.3198012113571167 
vn 0.32234567403793335 -0.5608326196670532 0.762600839138031 
vn 0.0018863173900172114 -0.9474827647209167 0.3198012113571167 
vn -0.0018851550994440913 -0.6468666195869446 0.762600839138031 
vn -0.4737423360347748 -0.8205457925796509 0.3198012113571167 
vn -0.325609028339386 -0.5589443445205688 0.762600839138031 
vn -0.821487307548523 -0.47210779786109924 0.3198012113571167 
vn -0.5617696642875671 -0.32070988416671753 0.762600839138031 
vn -0.9474771618843079 -0.003772627329453826 0.3198012113571167 
vn -0.6468583941459656 -0.0037702941335737705 0.762600839138031 
vn -0.821487307548523 0.47210779786109924 0.3198012113571167 
vn -0.5617696642875671 0.32070988416671753 0.762600839138031 
vn -0.4737423360347748 0.8205457925796509 0.3198012113571167 
vn -0.325609028339386 0.5589443445205688 0.762600839138031 
vn 0.0018863173900172114 0.9474827647209167 0.3198012113571167 
vn -0.0018851550994440913 0.6468666195869446 0.762600839138031 
vn 0.4704713821411133 0.8224256038665771 0.3198012113571167 
vn 0.32234567403793335 0.5608326196670532 0.762600839138031 
vn 0.8196009993553162 0.4753749966621399 0.3198012113571167 
vn 0.559890866279602 0.3239787518978119 0.762600839138031 
vn 0.9474846720695496 0 0.3198012113571167 
vn 0.6468693614006042 0 0.762600839138031 
vn 0.8196009993553162 -0.4753749966621399 0.3198012113571167 
vn 0.559890866279602 -0.3239787518978119 0.762600839138031 
vn 0.4704713821411133 -0.8224256038665771 0.3198012113571167 
vn 0.32234567403793335 -0.5608326196670532 0.762600839138031 
vn 0.22814449667930603 -0.3976649045944214 0.888714075088501 
vn -0.001880282536149025 -0.4584580361843109 0.888714075088501 
vn -0.23139867186546326 -0.39578017592430115 0.888714075088501 
vn -0.39859724044799805 -0.2265116423368454 0.888714075088501 
vn -0.4584464430809021 -0.003760533407330513 0.888714075088501 
vn -0.39859724044799805 0.2265116423368454 0.888714075088501 
vn -0.23139867186546326 0.39578017592430115 0.888714075088501 
vn -0.001880282536149025 0.4584580361843109 0.888714075088501 
vn 0.22814449667930603 0.3976649045944214 0.888714075088501 
vn 0.3967258930206299 0.22977352142333984 0.888714075088501 
vn 0.4584618806838989 0 0.888714075088501 
vn 0.3967258930206299 -0.22977352142333984 0.888714075088501 
vn 0.22814449667930603 -0.3976649045944214 0.888714075088501 
vn 0.49781718850135803 -0.8672792315483093 0.002184694167226553 
vn 0.4847384989261627 -0.8320382237434387 -0.26970529556274414 
vn 3.097898456858039e-13 -0.999997615814209 0.002184694167226553 
vn 0.0018883723532781005 -0.96294105052948 -0.26970529556274414 
vn -0.49781718850135803 -0.8672792315483093 0.002184694167226553 
vn -0.481471449136734 -0.8339329957962036 -0.26970529556274414 
vn -0.8672792315483093 -0.49781718850135803 0.002184694167226553 
vn -0.8348755836486816 -0.4798351526260376 -0.26970529556274414 
vn -0.999997615814209 -2.0682260971124217e-13 0.002184694167226553 
vn -0.9629355072975159 -0.003776737255975604 -0.26970529556274414 
vn -0.8672792315483093 0.49781718850135803 0.002184694167226553 
vn -0.8348755836486816 0.4798351526260376 -0.26970529556274414 
vn -0.49781718850135803 0.8672792315483093 0.002184694167226553 
vn -0.481471449136734 0.8339329957962036 -0.26970529556274414 
vn -1.0341130485562108e-13 0.999997615814209 0.002184694167226553 
vn 0.0018883723532781005 0.96294105052948 -0.26970529556274414 
vn 0.49781718850135803 0.8672792315483093 0.002184694167226553 
vn 0.4847384989261627 0.8320382237434387 -0.26970529556274414 
vn 0.8672792315483093 0.49781718850135803 0.002184694167226553 
vn 0.8329872488975525 0.4831058979034424 -0.26970529556274414 
vn 0.999997615814209 0 0.002184694167226553 
vn 0.962942898273468 0 -0.26970529556274414 
vn 0.8672792315483093 -0.49781718850135803 0.002184694167226553 
vn 0.8329872488975525 -0.4831058979034424 -0.26970529556274414 
vn 0.49781718850135803 -0.8672792315483093 0.002184694167226553 
vn 0.4847384989261627 -0.8320382237434387 -0.26970529556274414 
vn 0 0 1 
vn 0 0 1 
vn 0 0 1 
vn 0 0 1 
vn 0.013107799924910069 0 0.9999141097068787 
vn 0.013107799924910069 0 0.9999141097068787 
vn 0.013107799924910069 0 0.9999141097068787 
vn 0.013107799924910069 0 0.9999141097068787 
vn 0.4847384989261627 -0.8320382237434387 -0.26970529556274414 
vn 0.4864805340766907 -0.8375751376152039 -0.24860523641109467 
vn 0.0018883723532781005 -0.96294105052948 -0.26970529556274414 
vn 0.0037753775250166655 -0.9685975313186646 -0.24860523641109467 
vn -0.481471449136734 -0.8339329957962036 -0.26970529556274414 
vn -0.4864805340766907 -0.8375751376152039 -0.24860523641109467 
vn -0.8348755836486816 -0.4798351526260376 -0.26970529556274414 
vn -0.8394649624824524 -0.4832121729850769 -0.24860523641109467 
vn -0.9629355072975159 -0.003776737255975604 -0.26970529556274414 
vn -0.9686048626899719 -2.0032987855383988e-13 -0.24860523641109467 
vn -0.8348755836486816 0.4798351526260376 -0.26970529556274414 
vn -0.8394649624824524 0.4832121729850769 -0.24860523641109467 
vn -0.481471449136734 0.8339329957962036 -0.26970529556274414 
vn -0.4864805340766907 0.8375751376152039 -0.24860523641109467 
vn 0.0018883723532781005 0.96294105052948 -0.26970529556274414 
vn 0.0037753775250166655 0.9685975313186646 -0.24860523641109467 
vn 0.4847384989261627 0.8320382237434387 -0.26970529556274414 
vn 0.4864805340766907 0.8375751376152039 -0.24860523641109467 
vn 0.8329872488975525 0.4831058979034424 -0.26970529556274414 
vn 0.8394649624824524 0.4832121729850769 -0.24860523641109467 
vn 0.962942898273468 0 -0.26970529556274414 
vn 0.9686048626899719 0 -0.24860523641109467 
vn 0.8329872488975525 -0.4831058979034424 -0.26970529556274414 
vn 0.8394649624824524 -0.4832121729850769 -0.24860523641109467 
vn 0.4847384989261627 -0.8320382237434387 -0.26970529556274414 
vn 0.4864805340766907 -0.8375751376152039 -0.24860523641109467 
vn 0.49781718850135803 -0.8672792315483093 0.002184694167226553 
vn 3.097898456858039e-13 -0.999997615814209 0.002184694167226553 
vn -0.49781718850135803 -0.8672792315483093 0.002184694167226553 
vn -0.8672792315483093 -0.49781718850135803 0.002184694167226553 
vn -0.999997615814209 -2.0682260971124217e-13 0.002184694167226553 
vn -0.8672792315483093 0.49781718850135803 0.002184694167226553 
vn -0.49781718850135803 0.8672792315483093 0.002184694167226553 
vn -1.0341130485562108e-13 0.999997615814209 0.002184694167226553 
vn 0.49781718850135803 0.8672792315483093 0.002184694167226553 
vn 0.8672792315483093 0.49781718850135803 0.002184694167226553 
vn 0.999997615814209 0 0.002184694167226553 
vn 0.8672792315483093 -0.49781718850135803 0.002184694167226553 
vn 0.49781718850135803 -0.8672792315483093 0.002184694167226553 
vn 0.4704713821411133 -0.8224256038665771 0.3198012113571167 
vn 0.32234567403793335 -0.5608326196670532 0.762600839138031 
vn 0.0018863173900172114 -0.9474827647209167 0.3198012113571167 
vn -0.0018851550994440913 -0.6468666195869446 0.762600839138031 
vn -0.4737423360347748 -0.8205457925796509 0.3198012113571167 
vn -0.325609028339386 -0.5589443445205688 0.762600839138031 
vn -0.821487307548523 -0.47210779786109924 0.3198012113571167 
vn -0.5617696642875671 -0.32070988416671753 0.762600839138031 
vn -0.9474771618843079 0.003772627329453826 0.3198012113571167 
vn -0.6468583941459656 0.0037702941335737705 0.762600839138031 
vn -0.821487307548523 0.47210779786109924 0.3198012113571167 
vn -0.5617696642875671 0.32070988416671753 0.762600839138031 
vn -0.4737423360347748 0.8205457925796509 0.3198012113571167 
vn -0.325609028339386 0.5589443445205688 0.762600839138031 
vn 0.0018863173900172114 0.9474827647209167 0.3198012113571167 
vn -0.0018851550994440913 0.6468666195869446 0.762600839138031 
vn 0.4704713821411133 0.8224256038665771 0.3198012113571167 
vn 0.32234567403793335 0.5608326196670532 0.762600839138031 
vn 0.8196009993553162 0.4753749966621399 0.3198012113571167 
vn 0.559890866279602 0.3239787518978119 0.762600839138031 
vn 0.9474846720695496 0 0.3198012113571167 
vn 0.6468693614006042 0 0.762600839138031 
vn 0.8196009993553162 -0.4753749966621399 0.3198012113571167 
vn 0.559890866279602 -0.3239787518978119 0.762600839138031 
vn 0.4704713821411133 -0.8224256038665771 0.3198012113571167 
vn 0.32234567403793335 -0.5608326196670532 0.762600839138031 
vn 0.22814449667930603 -0.3976649045944214 0.888714075088501 
vn -0.001880282536149025 -0.4584580361843109 0.888714075088501 
vn -0.23139867186546326 -0.39578017592430115 0.888714075088501 
vn -0.39859724044799805 -0.2265116423368454 0.888714075088501 
vn -0.4584464430809021 0.003760533407330513 0.888714075088501 
vn -0.39859724044799805 0.2265116423368454 0.888714075088501 
vn -0.23139867186546326 0.39578017592430115 0.888714075088501 
vn -0.001880282536149025 0.4584580361843109 0.888714075088501 
vn 0.22814449667930603 0.3976649045944214 0.888714075088501 
vn 0.3967258930206299 0.22977352142333984 0.888714075088501 
vn 0.4584618806838989 0 0.888714075088501 
vn 0.3967258930206299 -0.22977352142333984 0.888714075088501 
vn 0.22814449667930603 -0.3976649045944214 0.888714075088501 
vn 0.082589291036129 -0.007433170452713966 0.9965559244155884 
vn 0.082589291036129 -0.007433170452713966 0.9965559244155884 
vn 0.082589291036129 -0.007433170452713966 0.9965559244155884 
vn 0.082589291036129 -0.007433170452713966 0.9965559244155884 
vn -2.0682311115474694e-13 0 -1 
vn -2.0682311115474694e-13 0 -1 
vn -2.0682311115474694e-13 0 -1 
vn -2.0682311115474694e-13 0 -1 
vn -2.0682311115474694e-13 0 -1 
vn -2.0682311115474694e-13 0 -1 
vn -2.0682311115474694e-13 0 -1 
vn -2.0682311115474694e-13 0 -1 
vn -2.0682311115474694e-13 0 -1 
vn -2.0682311115474694e-13 0 -1 
vn -2.0682311115474694e-13 0 -1 
vn 0 0 1 
vn 0 0 1 
vn 0 0 1 
vn 0 0 1 
vn 0.06945759803056717 -0.007424954324960709 0.9975572824478149 
vn 0.06945759803056717 -0.007424954324960709 0.9975572824478149 
vn 0.06945759803056717 -0.007424954324960709 0.9975572824478149 
vn 0.06945759803056717 -0.007424954324960709 0.9975572824478149 
vn 0.49781718850135803 -0.8672792315483093 0.002184694167226553 
vn 0.4847384989261627 -0.8320382237434387 -0.26970529556274414 
vn 3.097898456858039e-13 -0.999997615814209 0.002184694167226553 
vn 0.0018883723532781005 -0.96294105052948 -0.26970529556274414 
vn -0.49781718850135803 -0.8672792315483093 0.002184694167226553 
vn -0.481471449136734 -0.8339329957962036 -0.26970529556274414 
vn -0.8672792315483093 -0.49781718850135803 0.002184694167226553 
vn -0.8348755836486816 -0.4798351526260376 -0.26970529556274414 
vn -0.999997615814209 -2.0682260971124217e-13 0.002184694167226553 
vn -0.9629355072975159 -0.003776737255975604 -0.26970529556274414 
vn -0.8672792315483093 0.49781718850135803 0.002184694167226553 
vn -0.8348755836486816 0.4798351526260376 -0.26970529556274414 
vn -0.49781718850135803 0.8672792315483093 0.002184694167226553 
vn -0.481471449136734 0.8339329957962036 -0.26970529556274414 
vn -1.0341130485562108e-13 0.999997615814209 0.002184694167226553 
vn 0.0018883723532781005 0.96294105052948 -0.26970529556274414 
vn 0.49781718850135803 0.8672792315483093 0.002184694167226553 
vn 0.4847384989261627 0.8320382237434387 -0.26970529556274414 
vn 0.8672792315483093 0.49781718850135803 0.002184694167226553 
vn 0.8329872488975525 0.4831058979034424 -0.26970529556274414 
vn 0.999997615814209 0 0.002184694167226553 
vn 0.962942898273468 0 -0.26970529556274414 
vn 0.8672792315483093 -0.49781718850135803 0.002184694167226553 
vn 0.8329872488975525 -0.4831058979034424 -0.26970529556274414 
vn 0.49781718850135803 -0.8672792315483093 0.002184694167226553 
vn 0.4847384989261627 -0.8320382237434387 -0.26970529556274414 
vn 0.0018196178134530783 0.056742385029792786 0.9983872175216675 
vn 0.0018196178134530783 0.056742385029792786 0.9983872175216675 
vn 0.0018196178134530783 0.056742385029792786 0.9983872175216675 
vn 0.0018196178134530783 0.056742385029792786 0.9983872175216675 
vn 0.09482593089342117 0.014830504544079304 0.9953833818435669 
vn 0.09482593089342117 0.014830504544079304 0.9953833818435669 
vn 0.09482593089342117 0.014830504544079304 0.9953833818435669 
vn 0.09482593089342117 0.014830504544079304 0.9953833818435669 
vn 0.49781718850135803 -0.8672792315483093 0.002184694167226553 
vn 0.4704713821411133 -0.8224256038665771 0.3198012113571167 
vn 3.097898456858039e-13 -0.999997615814209 0.002184694167226553 
vn 0.0018863173900172114 -0.9474827647209167 0.3198012113571167 
vn -0.49781718850135803 -0.8672792315483093 0.002184694167226553 
vn -0.4737423360347748 -0.8205457925796509 0.3198012113571167 
vn -0.8672792315483093 -0.49781718850135803 0.002184694167226553 
vn -0.821487307548523 -0.47210779786109924 0.3198012113571167 
vn -0.999997615814209 -2.0682260971124217e-13 0.002184694167226553 
vn -0.9474771618843079 0.003772627329453826 0.3198012113571167 
vn -0.8672792315483093 0.49781718850135803 0.002184694167226553 
vn -0.821487307548523 0.47210779786109924 0.3198012113571167 
vn -0.49781718850135803 0.8672792315483093 0.002184694167226553 
vn -0.4737423360347748 0.8205457925796509 0.3198012113571167 
vn -1.0341130485562108e-13 0.999997615814209 0.002184694167226553 
vn 0.0018863173900172114 0.9474827647209167 0.3198012113571167 
vn 0.49781718850135803 0.8672792315483093 0.002184694167226553 
vn 0.4704713821411133 0.8224256038665771 0.3198012113571167 
vn 0.8672792315483093 0.49781718850135803 0.002184694167226553 
vn 0.8196009993553162 0.4753749966621399 0.3198012113571167 
vn 0.999997615814209 0 0.002184694167226553 
vn 0.9474846720695496 0 0.3198012113571167 
vn 0.8672792315483093 -0.49781718850135803 0.002184694167226553 
vn 0.8196009993553162 -0.4753749966621399 0.3198012113571167 
vn 0.49781718850135803 -0.8672792315483093 0.002184694167226553 
vn 0.4704713821411133 -0.8224256038665771 0.3198012113571167 
vn 0.4847384989261627 -0.8320382237434387 -0.26970529556274414 
vn 0.4864805340766907 -0.8375751376152039 -0.24860523641109467 
vn 0.0018883723532781005 -0.96294105052948 -0.26970529556274414 
vn 0.0037753775250166655 -0.9685975313186646 -0.24860523641109467 
vn -0.481471449136734 -0.8339329957962036 -0.26970529556274414 
vn -0.4864805340766907 -0.8375751376152039 -0.24860523641109467 
vn -0.8348755836486816 -0.4798351526260376 -0.26970529556274414 
vn -0.8394649624824524 -0.4832121729850769 -0.24860523641109467 
vn -0.9629355072975159 -0.003776737255975604 -0.26970529556274414 
vn -0.9686048626899719 -2.0032987855383988e-13 -0.24860523641109467 
vn -0.8348755836486816 0.4798351526260376 -0.26970529556274414 
vn -0.8394649624824524 0.4832121729850769 -0.24860523641109467 
vn -0.481471449136734 0.8339329957962036 -0.26970529556274414 
vn -0.4864805340766907 0.8375751376152039 -0.24860523641109467 
vn 0.0018883723532781005 0.96294105052948 -0.26970529556274414 
vn 0.0037753775250166655 0.9685975313186646 -0.24860523641109467 
vn 0.4847384989261627 0.8320382237434387 -0.26970529556274414 
vn 0.4864805340766907 0.8375751376152039 -0.24860523641109467 
vn 0.8329872488975525 0.4831058979034424 -0.26970529556274414 
vn 0.8394649624824524 0.4832121729850769 -0.24860523641109467 
vn 0.962942898273468 0 -0.26970529556274414 
vn 0.9686048626899719 0 -0.24860523641109467 
vn 0.8329872488975525 -0.4831058979034424 -0.26970529556274414 
vn 0.8394649624824524 -0.4832121729850769 -0.24860523641109467 
vn 0.4847384989261627 -0.8320382237434387 -0.26970529556274414 
vn 0.4864805340766907 -0.8375751376152039 -0.24860523641109467 
vn 0.49781718850135803 -0.8672792315483093 0.002184694167226553 
vn 3.097898456858039e-13 -0.999997615814209 0.002184694167226553 
vn -0.49781718850135803 -0.8672792315483093 0.002184694167226553 
vn -0.8672792315483093 -0.49781718850135803 0.002184694167226553 
vn -0.999997615814209 -2.0682260971124217e-13 0.002184694167226553 
vn -0.8672792315483093 0.49781718850135803 0.002184694167226553 
vn -0.49781718850135803 0.8672792315483093 0.002184694167226553 
vn -1.0341130485562108e-13 0.999997615814209 0.002184694167226553 
vn 0.49781718850135803 0.8672792315483093 0.002184694167226553 
vn 0.8672792315483093 0.49781718850135803 0.002184694167226553 
vn 0.999997615814209 0 0.002184694167226553 
vn 0.8672792315483093 -0.49781718850135803 0.002184694167226553 
vn 0.49781718850135803 -0.8672792315483093 0.002184694167226553 
vn 0.1861824095249176 0.014934053644537926 0.9824016690254211 
vn 0.1861824095249176 0.014934053644537926 0.9824016690254211 
vn 0.1861824095249176 0.014934053644537926 0.9824016690254211 
vn 0.1861824095249176 0.014934053644537926 0.9824016690254211 
vn 3.097898456858039e-13 -0.999997615814209 0.002184694167226553 
vn 3.097898456858039e-13 -0.999997615814209 0.002184694167226553 
vn 3.097898456858039e-13 -0.999997615814209 0.002184694167226553 
vn 3.097898456858039e-13 -0.999997615814209 0.002184694167226553 
vn 0.0648091733455658 0.23342154920101166 0.9702134728431702 
vn 0.0648091733455658 0.23342154920101166 0.9702134728431702 
vn 0.0648091733455658 0.23342154920101166 0.9702134728431702 
vn 0.0648091733455658 0.23342154920101166 0.9702134728431702 
vn 0 0 1 
vn 0 0 1 
vn 0 0 1 
vn 0 0 1 
vn 0 0 1 
vn 0 0 1 
vn 0 0 1 
vn 0 0 1 
vn 0 0 1 
vn 0 0 1 
vn 0 0 1 
vn 0 0 1 
vn -2.0682311115474694e-13 0 -1 
vn -2.0682311115474694e-13 0 -1 
vn -2.0682311115474694e-13 0 -1 
vn -2.0682311115474694e-13 0 -1 
vn -2.0682311115474694e-13 0 -1 
vn -2.0682311115474694e-13 0 -1 
vn -2.0682311115474694e-13 0 -1 
vn -2.0682311115474694e-13 0 -1 
vn -2.0682311115474694e-13 0 -1 
vn -2.0682311115474694e-13 0 -1 
vn -2.0682311115474694e-13 0 -1 
vn -2.0682311115474694e-13 0 -1 
vn -0.0035349009558558464 0.002568255877122283 0.9999904632568359 
vn -0.0035349009558558464 0.002568255877122283 0.9999904632568359 
vn -0.0035349009558558464 0.002568255877122283 0.9999904632568359 
vn -0.0035349009558558464 0.002568255877122283 0.9999904632568359 
vn 0.28400301933288574 -0.015009274706244469 0.9587059020996094 
vn 0.28400301933288574 -0.015009274706244469 0.9587059020996094 
vn 0.28400301933288574 -0.015009274706244469 0.9587059020996094 
vn 0.28400301933288574 -0.015009274706244469 0.9587059020996094 
vn 0.4847384989261627 -0.8320382237434387 -0.26970529556274414 
vn 0.49781718850135803 -0.8672792315483093 0.002184694167226553 
vn 0.8329872488975525 -0.4831058979034424 -0.26970529556274414 
vn 0.8672792315483093 -0.49781718850135803 0.002184694167226553 
vn 0.962942898273468 0 -0.26970529556274414 
vn 0.999997615814209 0 0.002184694167226553 
vn 0.8329872488975525 0.4831058979034424 -0.26970529556274414 
vn 0.8672792315483093 0.49781718850135803 0.002184694167226553 
vn 0.4847384989261627 0.8320382237434387 -0.26970529556274414 
vn 0.49781718850135803 0.8672792315483093 0.002184694167226553 
vn 0.0018883723532781005 0.96294105052948 -0.26970529556274414 
vn -1.0341130485562108e-13 0.999997615814209 0.002184694167226553 
vn -0.481471449136734 0.8339329957962036 -0.26970529556274414 
vn -0.49781718850135803 0.8672792315483093 0.002184694167226553 
vn -0.8348755836486816 0.4798351526260376 -0.26970529556274414 
vn -0.8672792315483093 0.49781718850135803 0.002184694167226553 
vn -0.9629355072975159 -0.003776737255975604 -0.26970529556274414 
vn -0.999997615814209 -2.0682260971124217e-13 0.002184694167226553 
vn -0.8348755836486816 -0.4798351526260376 -0.26970529556274414 
vn -0.8672792315483093 -0.49781718850135803 0.002184694167226553 
vn -0.481471449136734 -0.8339329957962036 -0.26970529556274414 
vn -0.49781718850135803 -0.8672792315483093 0.002184694167226553 
vn 0.0018883723532781005 -0.96294105052948 -0.26970529556274414 
vn 3.097898456858039e-13 -0.999997615814209 0.002184694167226553 
vn 0.4847384989261627 -0.8320382237434387 -0.26970529556274414 
vn 0.49781718850135803 -0.8672792315483093 0.002184694167226553 
vn 0.4704713821411133 -0.8224256038665771 0.3198012113571167 
vn 0.32234567403793335 -0.5608326196670532 0.762600839138031 
vn 0.0018863173900172114 -0.9474827647209167 0.3198012113571167 
vn -0.0018851550994440913 -0.6468666195869446 0.762600839138031 
vn -0.4737423360347748 -0.8205457925796509 0.3198012113571167 
vn -0.325609028339386 -0.5589443445205688 0.762600839138031 
vn -0.821487307548523 -0.47210779786109924 0.3198012113571167 
vn -0.5617696642875671 -0.32070988416671753 0.762600839138031 
vn -0.9474771618843079 0.003772627329453826 0.3198012113571167 
vn -0.6468583941459656 0.0037702941335737705 0.762600839138031 
vn -0.821487307548523 0.47210779786109924 0.3198012113571167 
vn -0.5617696642875671 0.32070988416671753 0.762600839138031 
vn -0.4737423360347748 0.8205457925796509 0.3198012113571167 
vn -0.325609028339386 0.5589443445205688 0.762600839138031 
vn 0.0018863173900172114 0.9474827647209167 0.3198012113571167 
vn -0.0018851550994440913 0.6468666195869446 0.762600839138031 
vn 0.4704713821411133 0.8224256038665771 0.3198012113571167 
vn 0.32234567403793335 0.5608326196670532 0.762600839138031 
vn 0.8196009993553162 0.4753749966621399 0.3198012113571167 
vn 0.559890866279602 0.3239787518978119 0.762600839138031 
vn 0.9474846720695496 0 0.3198012113571167 
vn 0.6468693614006042 0 0.762600839138031 
vn 0.8196009993553162 -0.4753749966621399 0.3198012113571167 
vn 0.559890866279602 -0.3239787518978119 0.762600839138031 
vn 0.4704713821411133 -0.8224256038665771 0.3198012113571167 
vn 0.32234567403793335 -0.5608326196670532 0.762600839138031 
vn 0.22814449667930603 -0.3976649045944214 0.888714075088501 
vn -0.001880282536149025 -0.4584580361843109 0.888714075088501 
vn -0.23139867186546326 -0.39578017592430115 0.888714075088501 
vn -0.39859724044799805 -0.2265116423368454 0.888714075088501 
vn -0.4584464430809021 0.003760533407330513 0.888714075088501 
vn -0.39859724044799805 0.2265116423368454 0.888714075088501 
vn -0.23139867186546326 0.39578017592430115 0.888714075088501 
vn -0.001880282536149025 0.4584580361843109 0.888714075088501 
vn 0.22814449667930603 0.3976649045944214 0.888714075088501 
vn 0.3967258930206299 0.22977352142333984 0.888714075088501 
vn 0.4584618806838989 0 0.888714075088501 
vn 0.3967258930206299 -0.22977352142333984 0.888714075088501 
vn 0.22814449667930603 -0.3976649045944214 0.888714075088501 
vn 0.4704713821411133 -0.8224256038665771 0.3198012113571167 
vn 0.49781718850135803 -0.8672792315483093 0.002184694167226553 
vn 0.8196009993553162 -0.4753749966621399 0.3198012113571167 
vn 0.8672792315483093 -0.49781718850135803 0.002184694167226553 
vn 0.9474846720695496 0 0.3198012113571167 
vn 0.999997615814209 0 0.002184694167226553 
vn 0.8196009993553162 0.4753749966621399 0.3198012113571167 
vn 0.8672792315483093 0.49781718850135803 0.002184694167226553 
vn 0.4704713821411133 0.8224256038665771 0.3198012113571167 
vn 0.49781718850135803 0.8672792315483093 0.002184694167226553 
vn 0.0018863173900172114 0.9474827647209167 0.3198012113571167 
vn -1.0341130485562108e-13 0.999997615814209 0.002184694167226553 
vn -0.4737423360347748 0.8205457925796509 0.3198012113571167 
vn -0.49781718850135803 0.8672792315483093 0.002184694167226553 
vn -0.821487307548523 0.47210779786109924 0.3198012113571167 
vn -0.8672792315483093 0.49781718850135803 0.002184694167226553 
vn -0.9474771618843079 -0.003772627329453826 0.3198012113571167 
vn -0.999997615814209 -2.0682260971124217e-13 0.002184694167226553 
vn -0.821487307548523 -0.47210779786109924 0.3198012113571167 
vn -0.8672792315483093 -0.49781718850135803 0.002184694167226553 
vn -0.4737423360347748 -0.8205457925796509 0.3198012113571167 
vn -0.49781718850135803 -0.8672792315483093 0.002184694167226553 
vn 0.0018863173900172114 -0.9474827647209167 0.3198012113571167 
vn 3.097898456858039e-13 -0.999997615814209 0.002184694167226553 
vn 0.4704713821411133 -0.8224256038665771 0.3198012113571167 
vn 0.49781718850135803 -0.8672792315483093 0.002184694167226553 
vn 0.013107799924910069 0 0.9999141097068787 
vn 0.013107799924910069 0 0.9999141097068787 
vn 0.013107799924910069 0 0.9999141097068787 
vn 0.013107799924910069 0 0.9999141097068787 
vn 0.21351492404937744 -0.03722634166479111 0.976230263710022 
vn 0.21351492404937744 -0.03722634166479111 0.976230263710022 
vn 0.21351492404937744 -0.03722634166479111 0.976230263710022 
vn 0.21351492404937744 -0.03722634166479111 0.976230263710022 
vn 0 0 1 
vn 0 0 1 
vn 0 0 1 
vn 0 0 1 
vn 0 0 1 
vn 0 0 1 
vn 0 0 1 
vn 0 0 1 
vn 0 0 1 
vn 0 0 1 
vn 0 0 1 
vn 0.49781718850135803 -0.8672792315483093 0.002184694167226553 
vn 0.4864805340766907 -0.8375751376152039 -0.24860523641109467 
vn 0.8672792315483093 -0.49781718850135803 0.002184694167226553 
vn 0.8394649624824524 -0.4832121729850769 -0.24860523641109467 
vn 0.999997615814209 0 0.002184694167226553 
vn 0.9686048626899719 0 -0.24860523641109467 
vn 0.8672792315483093 0.49781718850135803 0.002184694167226553 
vn 0.8394649624824524 0.4832121729850769 -0.24860523641109467 
vn 0.49781718850135803 0.8672792315483093 0.002184694167226553 
vn 0.4864805340766907 0.8375751376152039 -0.24860523641109467 
vn -1.0341130485562108e-13 0.999997615814209 0.002184694167226553 
vn 0.0037753775250166655 0.9685975313186646 -0.24860523641109467 
vn -0.49781718850135803 0.8672792315483093 0.002184694167226553 
vn -0.4864805340766907 0.8375751376152039 -0.24860523641109467 
vn -0.8672792315483093 0.49781718850135803 0.002184694167226553 
vn -0.8394649624824524 0.4832121729850769 -0.24860523641109467 
vn -0.999997615814209 -2.0682260971124217e-13 0.002184694167226553 
vn -0.9686048626899719 -2.0032987855383988e-13 -0.24860523641109467 
vn -0.8672792315483093 -0.49781718850135803 0.002184694167226553 
vn -0.8394649624824524 -0.4832121729850769 -0.24860523641109467 
vn -0.49781718850135803 -0.8672792315483093 0.002184694167226553 
vn -0.4864805340766907 -0.8375751376152039 -0.24860523641109467 
vn 3.097898456858039e-13 -0.999997615814209 0.002184694167226553 
vn 0.0037753775250166655 -0.9685975313186646 -0.24860523641109467 
vn 0.49781718850135803 -0.8672792315483093 0.002184694167226553 
vn 0.4864805340766907 -0.8375751376152039 -0.24860523641109467 
vn 0.4847384989261627 -0.8320382237434387 -0.26970529556274414 
vn 0.8329872488975525 -0.4831058979034424 -0.26970529556274414 
vn 0.962942898273468 0 -0.26970529556274414 
vn 0.8329872488975525 0.4831058979034424 -0.26970529556274414 
vn 0.4847384989261627 0.8320382237434387 -0.26970529556274414 
vn 0.0018883723532781005 0.96294105052948 -0.26970529556274414 
vn -0.481471449136734 0.8339329957962036 -0.26970529556274414 
vn -0.8348755836486816 0.4798351526260376 -0.26970529556274414 
vn -0.9629355072975159 -0.003776737255975604 -0.26970529556274414 
vn -0.8348755836486816 -0.4798351526260376 -0.26970529556274414 
vn -0.481471449136734 -0.8339329957962036 -0.26970529556274414 
vn 0.0018883723532781005 -0.96294105052948 -0.26970529556274414 
vn 0.4847384989261627 -0.8320382237434387 -0.26970529556274414 
vn -2.0682311115474694e-13 0 -1 
vn -2.0682311115474694e-13 0 -1 
vn -2.0682311115474694e-13 0 -1 
vn -2.0682311115474694e-13 0 -1 
vn -2.0682311115474694e-13 0 -1 
vn -2.0682311115474694e-13 0 -1 
vn -2.0682311115474694e-13 0 -1 
vn -2.0682311115474694e-13 0 -1 
vn -2.0682311115474694e-13 0 -1 
vn -2.0682311115474694e-13 0 -1 
vn -2.0682311115474694e-13 0 -1 
vn 0 0 1 
vn 0 0 1 
vn 0 0 1 
vn 0 0 1 
vn 0.23816697299480438 -0.10220550000667572 0.9658315181732178 
vn 0.23816697299480438 -0.10220550000667572 0.9658315181732178 
vn 0.23816697299480438 -0.10220550000667572 0.9658315181732178 
vn 0.23816697299480438 -0.10220550000667572 0.9658315181732178 
vn 0.49781718850135803 -0.8672792315483093 0.002184694167226553 
vn 0.4847384989261627 -0.8320382237434387 -0.26970529556274414 
vn 3.097898456858039e-13 -0.999997615814209 0.002184694167226553 
vn 0.0018883723532781005 -0.96294105052948 -0.26970529556274414 
vn -0.49781718850135803 -0.8672792315483093 0.002184694167226553 
vn -0.481471449136734 -0.8339329957962036 -0.26970529556274414 
vn -0.8672792315483093 -0.49781718850135803 0.002184694167226553 
vn -0.8348755836486816 -0.4798351526260376 -0.26970529556274414 
vn -0.999997615814209 -2.0682260971124217e-13 0.002184694167226553 
vn -0.9629355072975159 -0.003776737255975604 -0.26970529556274414 
vn -0.8672792315483093 0.49781718850135803 0.002184694167226553 
vn -0.8348755836486816 0.4798351526260376 -0.26970529556274414 
vn -0.49781718850135803 0.8672792315483093 0.002184694167226553 
vn -0.481471449136734 0.8339329957962036 -0.26970529556274414 
vn -1.0341130485562108e-13 0.999997615814209 0.002184694167226553 
vn 0.0018883723532781005 0.96294105052948 -0.26970529556274414 
vn 0.49781718850135803 0.8672792315483093 0.002184694167226553 
vn 0.4847384989261627 0.8320382237434387 -0.26970529556274414 
vn 0.8672792315483093 0.49781718850135803 0.002184694167226553 
vn 0.8329872488975525 0.4831058979034424 -0.26970529556274414 
vn 0.999997615814209 0 0.002184694167226553 
vn 0.962942898273468 0 -0.26970529556274414 
vn 0.8672792315483093 -0.49781718850135803 0.002184694167226553 
vn 0.8329872488975525 -0.4831058979034424 -0.26970529556274414 
vn 0.49781718850135803 -0.8672792315483093 0.002184694167226553 
vn 0.4847384989261627 -0.8320382237434387 -0.26970529556274414 
vn 0.082589291036129 0.007433170452713966 0.9965559244155884 
vn 0.082589291036129 0.007433170452713966 0.9965559244155884 
vn 0.082589291036129 0.007433170452713966 0.9965559244155884 
vn 0.082589291036129 0.007433170452713966 0.9965559244155884 
vn 0.045758962631225586 -0.04053890332579613 0.9981296062469482 
vn 0.045758962631225586 -0.04053890332579613 0.9981296062469482 
vn 0.045758962631225586 -0.04053890332579613 0.9981296062469482 
vn 0.045758962631225586 -0.04053890332579613 0.9981296062469482 
vn 0.49781718850135803 -0.8672792315483093 0.002184694167226553 
vn 0.4704713821411133 -0.8224256038665771 0.3198012113571167 
vn 3.097898456858039e-13 -0.999997615814209 0.002184694167226553 
vn 0.0018863173900172114 -0.9474827647209167 0.3198012113571167 
vn -0.49781718850135803 -0.8672792315483093 0.002184694167226553 
vn -0.4737423360347748 -0.8205457925796509 0.3198012113571167 
vn -0.8672792315483093 -0.49781718850135803 0.002184694167226553 
vn -0.821487307548523 -0.47210779786109924 0.3198012113571167 
vn -0.999997615814209 -2.0682260971124217e-13 0.002184694167226553 
vn -0.9474771618843079 -0.003772627329453826 0.3198012113571167 
vn -0.8672792315483093 0.49781718850135803 0.002184694167226553 
vn -0.821487307548523 0.47210779786109924 0.3198012113571167 
vn -0.49781718850135803 0.8672792315483093 0.002184694167226553 
vn -0.4737423360347748 0.8205457925796509 0.3198012113571167 
vn -1.0341130485562108e-13 0.999997615814209 0.002184694167226553 
vn 0.0018863173900172114 0.9474827647209167 0.3198012113571167 
vn 0.49781718850135803 0.8672792315483093 0.002184694167226553 
vn 0.4704713821411133 0.8224256038665771 0.3198012113571167 
vn 0.8672792315483093 0.49781718850135803 0.002184694167226553 
vn 0.8196009993553162 0.4753749966621399 0.3198012113571167 
vn 0.999997615814209 0 0.002184694167226553 
vn 0.9474846720695496 0 0.3198012113571167 
vn 0.8672792315483093 -0.49781718850135803 0.002184694167226553 
vn 0.8196009993553162 -0.4753749966621399 0.3198012113571167 
vn 0.49781718850135803 -0.8672792315483093 0.002184694167226553 
vn 0.4704713821411133 -0.8224256038665771 0.3198012113571167 
vn 0.4847384989261627 -0.8320382237434387 -0.26970529556274414 
vn 0.4864805340766907 -0.8375751376152039 -0.24860523641109467 
vn 0.0018883723532781005 -0.96294105052948 -0.26970529556274414 
vn 0.0037753775250166655 -0.9685975313186646 -0.24860523641109467 
vn -0.481471449136734 -0.8339329957962036 -0.26970529556274414 
vn -0.4864805340766907 -0.8375751376152039 -0.24860523641109467 
vn -0.8348755836486816 -0.4798351526260376 -0.26970529556274414 
vn -0.8394649624824524 -0.4832121729850769 -0.24860523641109467 
vn -0.9629355072975159 -0.003776737255975604 -0.26970529556274414 
vn -0.9686048626899719 -2.0032987855383988e-13 -0.24860523641109467 
vn -0.8348755836486816 0.4798351526260376 -0.26970529556274414 
vn -0.8394649624824524 0.4832121729850769 -0.24860523641109467 
vn -0.481471449136734 0.8339329957962036 -0.26970529556274414 
vn -0.4864805340766907 0.8375751376152039 -0.24860523641109467 
vn 0.0018883723532781005 0.96294105052948 -0.26970529556274414 
vn 0.0037753775250166655 0.9685975313186646 -0.24860523641109467 
vn 0.4847384989261627 0.8320382237434387 -0.26970529556274414 
vn 0.4864805340766907 0.8375751376152039 -0.24860523641109467 
vn 0.8329872488975525 0.4831058979034424 -0.26970529556274414 
vn 0.8394649624824524 0.4832121729850769 -0.24860523641109467 
vn 0.962942898273468 0 -0.26970529556274414 
vn 0.9686048626899719 0 -0.24860523641109467 
vn 0.8329872488975525 -0.4831058979034424 -0.26970529556274414 
vn 0.8394649624824524 -0.4832121729850769 -0.24860523641109467 
vn 0.4847384989261627 -0.8320382237434387 -0.26970529556274414 
vn 0.4864805340766907 -0.8375751376152039 -0.24860523641109467 
vn 0.49781718850135803 -0.8672792315483093 0.002184694167226553 
vn 3.097898456858039e-13 -0.999997615814209 0.002184694167226553 
vn -0.49781718850135803 -0.8672792315483093 0.002184694167226553 
vn -0.8672792315483093 -0.49781718850135803 0.002184694167226553 
vn -0.999997615814209 -2.0682260971124217e-13 0.002184694167226553 
vn -0.8672792315483093 0.49781718850135803 0.002184694167226553 
vn -0.49781718850135803 0.8672792315483093 0.002184694167226553 
vn -1.0341130485562108e-13 0.999997615814209 0.002184694167226553 
vn 0.49781718850135803 0.8672792315483093 0.002184694167226553 
vn 0.8672792315483093 0.49781718850135803 0.002184694167226553 
vn 0.999997615814209 0 0.002184694167226553 
vn 0.8672792315483093 -0.49781718850135803 0.002184694167226553 
vn 0.49781718850135803 -0.8672792315483093 0.002184694167226553 
vn 0 0 1 
vn 0 0 1 
vn 0 0 1 
vn 0 0 1 
vn 0 0 1 
vn 0 0 1 
vn 0 0 1 
vn 0 0 1 
vn 0 0 1 
vn 0 0 1 
vn 0 0 1 
vn 0.11557311564683914 -0.022274892777204514 0.9930492043495178 
vn 0.11557311564683914 -0.022274892777204514 0.9930492043495178 
vn 0.11557311564683914 -0.022274892777204514 0.9930492043495178 
vn 0.11557311564683914 -0.022274892777204514 0.9930492043495178 
vn -2.0682311115474694e-13 0 -1 
vn -2.0682311115474694e-13 0 -1 
vn -2.0682311115474694e-13 0 -1 
vn -2.0682311115474694e-13 0 -1 
vn -2.0682311115474694e-13 0 -1 
vn -2.0682311115474694e-13 0 -1 
vn -2.0682311115474694e-13 0 -1 
vn -2.0682311115474694e-13 0 -1 
vn -2.0682311115474694e-13 0 -1 
vn -2.0682311115474694e-13 0 -1 
vn -2.0682311115474694e-13 0 -1 
vn 0.49781718850135803 -0.8672792315483093 0.002184694167226553 
vn 0.4704713821411133 -0.8224256038665771 0.3198012113571167 
vn 3.097898456858039e-13 -0.999997615814209 0.002184694167226553 
vn 0.0018863173900172114 -0.9474827647209167 0.3198012113571167 
vn -0.49781718850135803 -0.8672792315483093 0.002184694167226553 
vn -0.4737423360347748 -0.8205457925796509 0.3198012113571167 
vn -0.8672792315483093 -0.49781718850135803 0.002184694167226553 
vn -0.821487307548523 -0.47210779786109924 0.3198012113571167 
vn -0.999997615814209 -2.0682260971124217e-13 0.002184694167226553 
vn -0.9474771618843079 -0.003772627329453826 0.3198012113571167 
vn -0.8672792315483093 0.49781718850135803 0.002184694167226553 
vn -0.821487307548523 0.47210779786109924 0.3198012113571167 
vn -0.49781718850135803 0.8672792315483093 0.002184694167226553 
vn -0.4737423360347748 0.8205457925796509 0.3198012113571167 
vn -1.0341130485562108e-13 0.999997615814209 0.002184694167226553 
vn 0.0018863173900172114 0.9474827647209167 0.3198012113571167 
vn 0.49781718850135803 0.8672792315483093 0.002184694167226553 
vn 0.4704713821411133 0.8224256038665771 0.3198012113571167 
vn 0.8672792315483093 0.49781718850135803 0.002184694167226553 
vn 0.8196009993553162 0.4753749966621399 0.3198012113571167 
vn 0.999997615814209 0 0.002184694167226553 
vn 0.9474846720695496 0 0.3198012113571167 
vn 0.8672792315483093 -0.49781718850135803 0.002184694167226553 
vn 0.8196009993553162 -0.4753749966621399 0.3198012113571167 
vn 0.49781718850135803 -0.8672792315483093 0.002184694167226553 
vn 0.4704713821411133 -0.8224256038665771 0.3198012113571167 
vn 0.06945759803056717 0.007424954324960709 0.9975572824478149 
vn 0.06945759803056717 0.007424954324960709 0.9975572824478149 
vn 0.06945759803056717 0.007424954324960709 0.9975572824478149 
vn 0.06945759803056717 0.007424954324960709 0.9975572824478149 
vn 0.49781718850135803 -0.8672792315483093 0.002184694167226553 
vn 0.4847384989261627 -0.8320382237434387 -0.26970529556274414 
vn 3.097898456858039e-13 -0.999997615814209 0.002184694167226553 
vn 0.0018883723532781005 -0.96294105052948 -0.26970529556274414 
vn -0.49781718850135803 -0.8672792315483093 0.002184694167226553 
vn -0.481471449136734 -0.8339329957962036 -0.26970529556274414 
vn -0.8672792315483093 -0.49781718850135803 0.002184694167226553 
vn -0.8348755836486816 -0.4798351526260376 -0.26970529556274414 
vn -0.999997615814209 -2.0682260971124217e-13 0.002184694167226553 
vn -0.9629355072975159 -0.003776737255975604 -0.26970529556274414 
vn -0.8672792315483093 0.49781718850135803 0.002184694167226553 
vn -0.8348755836486816 0.4798351526260376 -0.26970529556274414 
vn -0.49781718850135803 0.8672792315483093 0.002184694167226553 
vn -0.481471449136734 0.8339329957962036 -0.26970529556274414 
vn -1.0341130485562108e-13 0.999997615814209 0.002184694167226553 
vn 0.0018883723532781005 0.96294105052948 -0.26970529556274414 
vn 0.49781718850135803 0.8672792315483093 0.002184694167226553 
vn 0.4847384989261627 0.8320382237434387 -0.26970529556274414 
vn 0.8672792315483093 0.49781718850135803 0.002184694167226553 
vn 0.8329872488975525 0.4831058979034424 -0.26970529556274414 
vn 0.999997615814209 0 0.002184694167226553 
vn 0.962942898273468 0 -0.26970529556274414 
vn 0.8672792315483093 -0.49781718850135803 0.002184694167226553 
vn 0.8329872488975525 -0.4831058979034424 -0.26970529556274414 
vn 0.49781718850135803 -0.8672792315483093 0.002184694167226553 
vn 0.4847384989261627 -0.8320382237434387 -0.26970529556274414 
vn 0.4704713821411133 -0.8224256038665771 0.3198012113571167 
vn 0.32234567403793335 -0.5608326196670532 0.762600839138031 
vn 0.0018863173900172114 -0.9474827647209167 0.3198012113571167 
vn -0.0018851550994440913 -0.6468666195869446 0.762600839138031 
vn -0.4737423360347748 -0.8205457925796509 0.3198012113571167 
vn -0.325609028339386 -0.5589443445205688 0.762600839138031 
vn -0.821487307548523 -0.47210779786109924 0.3198012113571167 
vn -0.5617696642875671 -0.32070988416671753 0.762600839138031 
vn -0.9474771618843079 -0.003772627329453826 0.3198012113571167 
vn -0.6468583941459656 -0.0037702941335737705 0.762600839138031 
vn -0.821487307548523 0.47210779786109924 0.3198012113571167 
vn -0.5617696642875671 0.32070988416671753 0.762600839138031 
vn -0.4737423360347748 0.8205457925796509 0.3198012113571167 
vn -0.325609028339386 0.5589443445205688 0.762600839138031 
vn 0.0018863173900172114 0.9474827647209167 0.3198012113571167 
vn -0.0018851550994440913 0.6468666195869446 0.762600839138031 
vn 0.4704713821411133 0.8224256038665771 0.3198012113571167 
vn 0.32234567403793335 0.5608326196670532 0.762600839138031 
vn 0.8196009993553162 0.4753749966621399 0.3198012113571167 
vn 0.559890866279602 0.3239787518978119 0.762600839138031 
vn 0.9474846720695496 0 0.3198012113571167 
vn 0.6468693614006042 0 0.762600839138031 
vn 0.8196009993553162 -0.4753749966621399 0.3198012113571167 
vn 0.559890866279602 -0.3239787518978119 0.762600839138031 
vn 0.4704713821411133 -0.8224256038665771 0.3198012113571167 
vn 0.32234567403793335 -0.5608326196670532 0.762600839138031 
vn 0.22814449667930603 -0.3976649045944214 0.888714075088501 
vn -0.001880282536149025 -0.4584580361843109 0.888714075088501 
vn -0.23139867186546326 -0.39578017592430115 0.888714075088501 
vn -0.39859724044799805 -0.2265116423368454 0.888714075088501 
vn -0.4584464430809021 0.003760533407330513 0.888714075088501 
vn -0.39859724044799805 0.2265116423368454 0.888714075088501 
vn -0.23139867186546326 0.39578017592430115 0.888714075088501 
vn -0.001880282536149025 0.4584580361843109 0.888714075088501 
vn 0.22814449667930603 0.3976649045944214 0.888714075088501 
vn 0.3967258930206299 0.22977352142333984 0.888714075088501 
vn 0.4584618806838989 0 0.888714075088501 
vn 0.3967258930206299 -0.22977352142333984 0.888714075088501 
vn 0.22814449667930603 -0.3976649045944214 0.888714075088501 
vn 0.4847384989261627 -0.8320382237434387 -0.26970529556274414 
vn 0.4864805340766907 -0.8375751376152039 -0.24860523641109467 
vn 0.0018883723532781005 -0.96294105052948 -0.26970529556274414 
vn 0.0037753775250166655 -0.9685975313186646 -0.24860523641109467 
vn -0.481471449136734 -0.8339329957962036 -0.26970529556274414 
vn -0.4864805340766907 -0.8375751376152039 -0.24860523641109467 
vn -0.8348755836486816 -0.4798351526260376 -0.26970529556274414 
vn -0.8394649624824524 -0.4832121729850769 -0.24860523641109467 
vn -0.9629355072975159 -0.003776737255975604 -0.26970529556274414 
vn -0.9686048626899719 -2.0032987855383988e-13 -0.24860523641109467 
vn -0.8348755836486816 0.4798351526260376 -0.26970529556274414 
vn -0.8394649624824524 0.4832121729850769 -0.24860523641109467 
vn -0.481471449136734 0.8339329957962036 -0.26970529556274414 
vn -0.4864805340766907 0.8375751376152039 -0.24860523641109467 
vn 0.0018883723532781005 0.96294105052948 -0.26970529556274414 
vn 0.0037753775250166655 0.9685975313186646 -0.24860523641109467 
vn 0.4847384989261627 0.8320382237434387 -0.26970529556274414 
vn 0.4864805340766907 0.8375751376152039 -0.24860523641109467 
vn 0.8329872488975525 0.4831058979034424 -0.26970529556274414 
vn 0.8394649624824524 0.4832121729850769 -0.24860523641109467 
vn 0.962942898273468 0 -0.26970529556274414 
vn 0.9686048626899719 0 -0.24860523641109467 
vn 0.8329872488975525 -0.4831058979034424 -0.26970529556274414 
vn 0.8394649624824524 -0.4832121729850769 -0.24860523641109467 
vn 0.4847384989261627 -0.8320382237434387 -0.26970529556274414 
vn 0.4864805340766907 -0.8375751376152039 -0.24860523641109467 
vn 0.49781718850135803 -0.8672792315483093 0.002184694167226553 
vn 3.097898456858039e-13 -0.999997615814209 0.002184694167226553 
vn -0.49781718850135803 -0.8672792315483093 0.002184694167226553 
vn -0.8672792315483093 -0.49781718850135803 0.002184694167226553 
vn -0.999997615814209 -2.0682260971124217e-13 0.002184694167226553 
vn -0.8672792315483093 0.49781718850135803 0.002184694167226553 
vn -0.49781718850135803 0.8672792315483093 0.002184694167226553 
vn -1.0341130485562108e-13 0.999997615814209 0.002184694167226553 
vn 0.49781718850135803 0.8672792315483093 0.002184694167226553 
vn 0.8672792315483093 0.49781718850135803 0.002184694167226553 
vn 0.999997615814209 0 0.002184694167226553 
vn 0.8672792315483093 -0.49781718850135803 0.002184694167226553 
vn 0.49781718850135803 -0.8672792315483093 0.002184694167226553 
vn 0.4704713821411133 -0.8224256038665771 0.3198012113571167 
vn 0.32234567403793335 -0.5608326196670532 0.762600839138031 
vn 0.0018863173900172114 -0.9474827647209167 0.3198012113571167 
vn -0.0018851550994440913 -0.6468666195869446 0.762600839138031 
vn -0.4737423360347748 -0.8205457925796509 0.3198012113571167 
vn -0.325609028339386 -0.5589443445205688 0.762600839138031 
vn -0.821487307548523 -0.47210779786109924 0.3198012113571167 
vn -0.5617696642875671 -0.32070988416671753 0.762600839138031 
vn -0.9474771618843079 -0.003772627329453826 0.3198012113571167 
vn -0.6468583941459656 -0.0037702941335737705 0.762600839138031 
vn -0.821487307548523 0.47210779786109924 0.3198012113571167 
vn -0.5617696642875671 0.32070988416671753 0.762600839138031 
vn -0.4737423360347748 0.8205457925796509 0.3198012113571167 
vn -0.325609028339386 0.5589443445205688 0.762600839138031 
vn 0.0018863173900172114 0.9474827647209167 0.3198012113571167 
vn -0.0018851550994440913 0.6468666195869446 0.762600839138031 
vn 0.4704713821411133 0.8224256038665771 0.3198012113571167 
vn 0.32234567403793335 0.5608326196670532 0.762600839138031 
vn 0.8196009993553162 0.4753749966621399 0.3198012113571167 
vn 0.559890866279602 0.3239787518978119 0.762600839138031 
vn 0.9474846720695496 0 0.3198012113571167 
vn 0.6468693614006042 0 0.762600839138031 
vn 0.8196009993553162 -0.4753749966621399 0.3198012113571167 
vn 0.559890866279602 -0.3239787518978119 0.762600839138031 
vn 0.4704713821411133 -0.8224256038665771 0.3198012113571167 
vn 0.32234567403793335 -0.5608326196670532 0.762600839138031 
vn 0.22814449667930603 -0.3976649045944214 0.888714075088501 
vn -0.001880282536149025 -0.4584580361843109 0.888714075088501 
vn -0.23139867186546326 -0.39578017592430115 0.888714075088501 
vn -0.39859724044799805 -0.2265116423368454 0.888714075088501 
vn -0.4584464430809021 -0.003760533407330513 0.888714075088501 
vn -0.39859724044799805 0.2265116423368454 0.888714075088501 
vn -0.23139867186546326 0.39578017592430115 0.888714075088501 
vn -0.001880282536149025 0.4584580361843109 0.888714075088501 
vn 0.22814449667930603 0.3976649045944214 0.888714075088501 
vn 0.3967258930206299 0.22977352142333984 0.888714075088501 
vn 0.4584618806838989 0 0.888714075088501 
vn 0.3967258930206299 -0.22977352142333984 0.888714075088501 
vn 0.22814449667930603 -0.3976649045944214 0.888714075088501 
vn 0.999997615814209 0 0.002184694167226553 
vn 0.999997615814209 0 0.002184694167226553 
vn 0.999997615814209 0 0.002184694167226553 
vn 0.999997615814209 0 0.002184694167226553 
vn -2.0682311115474694e-13 0 -1 
vn -2.0682311115474694e-13 0 -1 
vn -2.0682311115474694e-13 0 -1 
vn -2.0682311115474694e-13 0 -1 
vn -2.0682311115474694e-13 0 -1 
vn -2.0682311115474694e-13 0 -1 
vn -2.0682311115474694e-13 0 -1 
vn -2.0682311115474694e-13 0 -1 
vn -2.0682311115474694e-13 0 -1 
vn -2.0682311115474694e-13 0 -1 
vn -2.0682311115474694e-13 0 -1 
vn 0.18142148852348328 0.044420275837183 0.9824016690254211 
vn 0.18142148852348328 0.044420275837183 0.9824016690254211 
vn 0.18142148852348328 0.044420275837183 0.9824016690254211 
vn 0.18142148852348328 0.044420275837183 0.9824016690254211 
vn 0.49781718850135803 -0.8672792315483093 0.002184694167226553 
vn 0.4847384989261627 -0.8320382237434387 -0.26970529556274414 
vn 3.097898456858039e-13 -0.999997615814209 0.002184694167226553 
vn 0.0018883723532781005 -0.96294105052948 -0.26970529556274414 
vn -0.49781718850135803 -0.8672792315483093 0.002184694167226553 
vn -0.481471449136734 -0.8339329957962036 -0.26970529556274414 
vn -0.8672792315483093 -0.49781718850135803 0.002184694167226553 
vn -0.8348755836486816 -0.4798351526260376 -0.26970529556274414 
vn -0.999997615814209 -2.0682260971124217e-13 0.002184694167226553 
vn -0.9629355072975159 -0.003776737255975604 -0.26970529556274414 
vn -0.8672792315483093 0.49781718850135803 0.002184694167226553 
vn -0.8348755836486816 0.4798351526260376 -0.26970529556274414 
vn -0.49781718850135803 0.8672792315483093 0.002184694167226553 
vn -0.481471449136734 0.8339329957962036 -0.26970529556274414 
vn -1.0341130485562108e-13 0.999997615814209 0.002184694167226553 
vn 0.0018883723532781005 0.96294105052948 -0.26970529556274414 
vn 0.49781718850135803 0.8672792315483093 0.002184694167226553 
vn 0.4847384989261627 0.8320382237434387 -0.26970529556274414 
vn 0.8672792315483093 0.49781718850135803 0.002184694167226553 
vn 0.8329872488975525 0.4831058979034424 -0.26970529556274414 
vn 0.999997615814209 0 0.002184694167226553 
vn 0.962942898273468 0 -0.26970529556274414 
vn 0.8672792315483093 -0.49781718850135803 0.002184694167226553 
vn 0.8329872488975525 -0.4831058979034424 -0.26970529556274414 
vn 0.49781718850135803 -0.8672792315483093 0.002184694167226553 
vn 0.4847384989261627 -0.8320382237434387 -0.26970529556274414 
vn 0 0 1 
vn 0 0 1 
vn 0 0 1 
vn 0 0 1 
vn 0.49781718850135803 -0.8672792315483093 0.002184694167226553 
vn 0.4704713821411133 -0.8224256038665771 0.3198012113571167 
vn 3.097898456858039e-13 -0.999997615814209 0.002184694167226553 
vn 0.0018863173900172114 -0.9474827647209167 0.3198012113571167 
vn -0.49781718850135803 -0.8672792315483093 0.002184694167226553 
vn -0.4737423360347748 -0.8205457925796509 0.3198012113571167 
vn -0.8672792315483093 -0.49781718850135803 0.002184694167226553 
vn -0.821487307548523 -0.47210779786109924 0.3198012113571167 
vn -0.999997615814209 -2.0682260971124217e-13 0.002184694167226553 
vn -0.9474771618843079 -0.003772627329453826 0.3198012113571167 
vn -0.8672792315483093 0.49781718850135803 0.002184694167226553 
vn -0.821487307548523 0.47210779786109924 0.3198012113571167 
vn -0.49781718850135803 0.8672792315483093 0.002184694167226553 
vn -0.4737423360347748 0.8205457925796509 0.3198012113571167 
vn -1.0341130485562108e-13 0.999997615814209 0.002184694167226553 
vn 0.0018863173900172114 0.9474827647209167 0.3198012113571167 
vn 0.49781718850135803 0.8672792315483093 0.002184694167226553 
vn 0.4704713821411133 0.8224256038665771 0.3198012113571167 
vn 0.8672792315483093 0.49781718850135803 0.002184694167226553 
vn 0.8196009993553162 0.4753749966621399 0.3198012113571167 
vn 0.999997615814209 0 0.002184694167226553 
vn 0.9474846720695496 0 0.3198012113571167 
vn 0.8672792315483093 -0.49781718850135803 0.002184694167226553 
vn 0.8196009993553162 -0.4753749966621399 0.3198012113571167 
vn 0.49781718850135803 -0.8672792315483093 0.002184694167226553 
vn 0.4704713821411133 -0.8224256038665771 0.3198012113571167 
vn 0.4847384989261627 -0.8320382237434387 -0.26970529556274414 
vn 0.4864805340766907 -0.8375751376152039 -0.24860523641109467 
vn 0.0018883723532781005 -0.96294105052948 -0.26970529556274414 
vn 0.0037753775250166655 -0.9685975313186646 -0.24860523641109467 
vn -0.481471449136734 -0.8339329957962036 -0.26970529556274414 
vn -0.4864805340766907 -0.8375751376152039 -0.24860523641109467 
vn -0.8348755836486816 -0.4798351526260376 -0.26970529556274414 
vn -0.8394649624824524 -0.4832121729850769 -0.24860523641109467 
vn -0.9629355072975159 -0.003776737255975604 -0.26970529556274414 
vn -0.9686048626899719 -2.0032987855383988e-13 -0.24860523641109467 
vn -0.8348755836486816 0.4798351526260376 -0.26970529556274414 
vn -0.8394649624824524 0.4832121729850769 -0.24860523641109467 
vn -0.481471449136734 0.8339329957962036 -0.26970529556274414 
vn -0.4864805340766907 0.8375751376152039 -0.24860523641109467 
vn 0.0018883723532781005 0.96294105052948 -0.26970529556274414 
vn 0.0037753775250166655 0.9685975313186646 -0.24860523641109467 
vn 0.4847384989261627 0.8320382237434387 -0.26970529556274414 
vn 0.4864805340766907 0.8375751376152039 -0.24860523641109467 
vn 0.8329872488975525 0.4831058979034424 -0.26970529556274414 
vn 0.8394649624824524 0.4832121729850769 -0.24860523641109467 
vn 0.962942898273468 0 -0.26970529556274414 
vn 0.9686048626899719 0 -0.24860523641109467 
vn 0.8329872488975525 -0.4831058979034424 -0.26970529556274414 
vn 0.8394649624824524 -0.4832121729850769 -0.24860523641109467 
vn 0.4847384989261627 -0.8320382237434387 -0.26970529556274414 
vn 0.4864805340766907 -0.8375751376152039 -0.24860523641109467 
vn 0.49781718850135803 -0.8672792315483093 0.002184694167226553 
vn 3.097898456858039e-13 -0.999997615814209 0.002184694167226553 
vn -0.49781718850135803 -0.8672792315483093 0.002184694167226553 
vn -0.8672792315483093 -0.49781718850135803 0.002184694167226553 
vn -0.999997615814209 -2.0682260971124217e-13 0.002184694167226553 
vn -0.8672792315483093 0.49781718850135803 0.002184694167226553 
vn -0.49781718850135803 0.8672792315483093 0.002184694167226553 
vn -1.0341130485562108e-13 0.999997615814209 0.002184694167226553 
vn 0.49781718850135803 0.8672792315483093 0.002184694167226553 
vn 0.8672792315483093 0.49781718850135803 0.002184694167226553 
vn 0.999997615814209 0 0.002184694167226553 
vn 0.8672792315483093 -0.49781718850135803 0.002184694167226553 
vn 0.49781718850135803 -0.8672792315483093 0.002184694167226553 
vn 0 0 1 
vn 0 0 1 
vn 0 0 1 
vn 0 0 1 
vn 0 0 1 
vn 0 0 1 
vn 0 0 1 
vn 0 0 1 
vn 0 0 1 
vn 0 0 1 
vn 0 0 1 
vn 0.013107799924910069 0 0.9999141097068787 
vn 0.013107799924910069 0 0.9999141097068787 
vn 0.013107799924910069 0 0.9999141097068787 
vn 0.013107799924910069 0 0.9999141097068787 
vn 0.013107799924910069 0 0.9999141097068787 
vn -2.0682311115474694e-13 0 -1 
vn -2.0682311115474694e-13 0 -1 
vn -2.0682311115474694e-13 0 -1 
vn -2.0682311115474694e-13 0 -1 
vn -2.0682311115474694e-13 0 -1 
vn -2.0682311115474694e-13 0 -1 
vn -2.0682311115474694e-13 0 -1 
vn -2.0682311115474694e-13 0 -1 
vn -2.0682311115474694e-13 0 -1 
vn -2.0682311115474694e-13 0 -1 
vn -2.0682311115474694e-13 0 -1 
vn -2.0682311115474694e-13 0 -1 
vn 0 0 1 
vn 0 0 1 
vn 0 0 1 
vn 0 0 1 
vn 0 0 1 
vn 0 0 1 
vn 0 0 1 
vn 0 0 1 
vn 0 0 1 
vn 0 0 1 
vn 0 0 1 
vn 0 0 1 
vn 0.25526946783065796 -0.04479922726750374 0.9658315181732178 
vn 0.25526946783065796 -0.04479922726750374 0.9658315181732178 
vn 0.25526946783065796 -0.04479922726750374 0.9658315181732178 
vn 0.25526946783065796 -0.04479922726750374 0.9658315181732178 
vn 0.49781718850135803 -0.8672792315483093 0.002184694167226553 
vn 0.4847384989261627 -0.8320382237434387 -0.26970529556274414 
vn 3.097898456858039e-13 -0.999997615814209 0.002184694167226553 
vn 0.0018883723532781005 -0.96294105052948 -0.26970529556274414 
vn -0.49781718850135803 -0.8672792315483093 0.002184694167226553 
vn -0.481471449136734 -0.8339329957962036 -0.26970529556274414 
vn -0.8672792315483093 -0.49781718850135803 0.002184694167226553 
vn -0.8348755836486816 -0.4798351526260376 -0.26970529556274414 
vn -0.999997615814209 -2.0682260971124217e-13 0.002184694167226553 
vn -0.9629355072975159 -0.003776737255975604 -0.26970529556274414 
vn -0.8672792315483093 0.49781718850135803 0.002184694167226553 
vn -0.8348755836486816 0.4798351526260376 -0.26970529556274414 
vn -0.49781718850135803 0.8672792315483093 0.002184694167226553 
vn -0.481471449136734 0.8339329957962036 -0.26970529556274414 
vn -1.0341130485562108e-13 0.999997615814209 0.002184694167226553 
vn 0.0018883723532781005 0.96294105052948 -0.26970529556274414 
vn 0.49781718850135803 0.8672792315483093 0.002184694167226553 
vn 0.4847384989261627 0.8320382237434387 -0.26970529556274414 
vn 0.8672792315483093 0.49781718850135803 0.002184694167226553 
vn 0.8329872488975525 0.4831058979034424 -0.26970529556274414 
vn 0.999997615814209 0 0.002184694167226553 
vn 0.962942898273468 0 -0.26970529556274414 
vn 0.8672792315483093 -0.49781718850135803 0.002184694167226553 
vn 0.8329872488975525 -0.4831058979034424 -0.26970529556274414 
vn 0.49781718850135803 -0.8672792315483093 0.002184694167226553 
vn 0.4847384989261627 -0.8320382237434387 -0.26970529556274414 
vn 0.4704713821411133 -0.8224256038665771 0.3198012113571167 
vn 0.49781718850135803 -0.8672792315483093 0.002184694167226553 
vn 0.8196009993553162 -0.4753749966621399 0.3198012113571167 
vn 0.8672792315483093 -0.49781718850135803 0.002184694167226553 
vn 0.9474846720695496 0 0.3198012113571167 
vn 0.999997615814209 0 0.002184694167226553 
vn 0.8196009993553162 0.4753749966621399 0.3198012113571167 
vn 0.8672792315483093 0.49781718850135803 0.002184694167226553 
vn 0.4704713821411133 0.8224256038665771 0.3198012113571167 
vn 0.49781718850135803 0.8672792315483093 0.002184694167226553 
vn 0.0018863173900172114 0.9474827647209167 0.3198012113571167 
vn -1.0341130485562108e-13 0.999997615814209 0.002184694167226553 
vn -0.4737423360347748 0.8205457925796509 0.3198012113571167 
vn -0.49781718850135803 0.8672792315483093 0.002184694167226553 
vn -0.821487307548523 0.47210779786109924 0.3198012113571167 
vn -0.8672792315483093 0.49781718850135803 0.002184694167226553 
vn -0.9474771618843079 -0.003772627329453826 0.3198012113571167 
vn -0.999997615814209 -2.0682260971124217e-13 0.002184694167226553 
vn -0.821487307548523 -0.47210779786109924 0.3198012113571167 
vn -0.8672792315483093 -0.49781718850135803 0.002184694167226553 
vn -0.4737423360347748 -0.8205457925796509 0.3198012113571167 
vn -0.49781718850135803 -0.8672792315483093 0.002184694167226553 
vn 0.0018863173900172114 -0.9474827647209167 0.3198012113571167 
vn 3.097898456858039e-13 -0.999997615814209 0.002184694167226553 
vn 0.4704713821411133 -0.8224256038665771 0.3198012113571167 
vn 0.49781718850135803 -0.8672792315483093 0.002184694167226553 
vn 0.4704713821411133 -0.8224256038665771 0.3198012113571167 
vn 0.32234567403793335 -0.5608326196670532 0.762600839138031 
vn 0.0018863173900172114 -0.9474827647209167 0.3198012113571167 
vn -0.0018851550994440913 -0.6468666195869446 0.762600839138031 
vn -0.4737423360347748 -0.8205457925796509 0.3198012113571167 
vn -0.325609028339386 -0.5589443445205688 0.762600839138031 
vn -0.821487307548523 -0.47210779786109924 0.3198012113571167 
vn -0.5617696642875671 -0.32070988416671753 0.762600839138031 
vn -0.9474771618843079 -0.003772627329453826 0.3198012113571167 
vn -0.6468583941459656 -0.0037702941335737705 0.762600839138031 
vn -0.821487307548523 0.47210779786109924 0.3198012113571167 
vn -0.5617696642875671 0.32070988416671753 0.762600839138031 
vn -0.4737423360347748 0.8205457925796509 0.3198012113571167 
vn -0.325609028339386 0.5589443445205688 0.762600839138031 
vn 0.0018863173900172114 0.9474827647209167 0.3198012113571167 
vn -0.0018851550994440913 0.6468666195869446 0.762600839138031 
vn 0.4704713821411133 0.8224256038665771 0.3198012113571167 
vn 0.32234567403793335 0.5608326196670532 0.762600839138031 
vn 0.8196009993553162 0.4753749966621399 0.3198012113571167 
vn 0.559890866279602 0.3239787518978119 0.762600839138031 
vn 0.9474846720695496 0 0.3198012113571167 
vn 0.6468693614006042 0 0.762600839138031 
vn 0.8196009993553162 -0.4753749966621399 0.3198012113571167 
vn 0.559890866279602 -0.3239787518978119 0.762600839138031 
vn 0.4704713821411133 -0.8224256038665771 0.3198012113571167 
vn 0.32234567403793335 -0.5608326196670532 0.762600839138031 
vn 0.22814449667930603 -0.3976649045944214 0.888714075088501 
vn -0.001880282536149025 -0.4584580361843109 0.888714075088501 
vn -0.23139867186546326 -0.39578017592430115 0.888714075088501 
vn -0.39859724044799805 -0.2265116423368454 0.888714075088501 
vn -0.4584464430809021 0.003760533407330513 0.888714075088501 
vn -0.39859724044799805 0.2265116423368454 0.888714075088501 
vn -0.23139867186546326 0.39578017592430115 0.888714075088501 
vn -0.001880282536149025 0.4584580361843109 0.888714075088501 
vn 0.22814449667930603 0.3976649045944214 0.888714075088501 
vn 0.3967258930206299 0.22977352142333984 0.888714075088501 
vn 0.4584618806838989 0 0.888714075088501 
vn 0.3967258930206299 -0.22977352142333984 0.888714075088501 
vn 0.22814449667930603 -0.3976649045944214 0.888714075088501 
vn 0.4847384989261627 -0.8320382237434387 -0.26970529556274414 
vn 0.4864805340766907 -0.8375751376152039 -0.24860523641109467 
vn 0.0018883723532781005 -0.96294105052948 -0.26970529556274414 
vn 0.0037753775250166655 -0.9685975313186646 -0.24860523641109467 
vn -0.481471449136734 -0.8339329957962036 -0.26970529556274414 
vn -0.4864805340766907 -0.8375751376152039 -0.24860523641109467 
vn -0.8348755836486816 -0.4798351526260376 -0.26970529556274414 
vn -0.8394649624824524 -0.4832121729850769 -0.24860523641109467 
vn -0.9629355072975159 -0.003776737255975604 -0.26970529556274414 
vn -0.9686048626899719 -2.0032987855383988e-13 -0.24860523641109467 
vn -0.8348755836486816 0.4798351526260376 -0.26970529556274414 
vn -0.8394649624824524 0.4832121729850769 -0.24860523641109467 
vn -0.481471449136734 0.8339329957962036 -0.26970529556274414 
vn -0.4864805340766907 0.8375751376152039 -0.24860523641109467 
vn 0.0018883723532781005 0.96294105052948 -0.26970529556274414 
vn 0.0037753775250166655 0.9685975313186646 -0.24860523641109467 
vn 0.4847384989261627 0.8320382237434387 -0.26970529556274414 
vn 0.4864805340766907 0.8375751376152039 -0.24860523641109467 
vn 0.8329872488975525 0.4831058979034424 -0.26970529556274414 
vn 0.8394649624824524 0.4832121729850769 -0.24860523641109467 
vn 0.962942898273468 0 -0.26970529556274414 
vn 0.9686048626899719 0 -0.24860523641109467 
vn 0.8329872488975525 -0.4831058979034424 -0.26970529556274414 
vn 0.8394649624824524 -0.4832121729850769 -0.24860523641109467 
vn 0.4847384989261627 -0.8320382237434387 -0.26970529556274414 
vn 0.4864805340766907 -0.8375751376152039 -0.24860523641109467 
vn 0.49781718850135803 -0.8672792315483093 0.002184694167226553 
vn 3.097898456858039e-13 -0.999997615814209 0.002184694167226553 
vn -0.49781718850135803 -0.8672792315483093 0.002184694167226553 
vn -0.8672792315483093 -0.49781718850135803 0.002184694167226553 
vn -0.999997615814209 -2.0682260971124217e-13 0.002184694167226553 
vn -0.8672792315483093 0.49781718850135803 0.002184694167226553 
vn -0.49781718850135803 0.8672792315483093 0.002184694167226553 
vn -1.0341130485562108e-13 0.999997615814209 0.002184694167226553 
vn 0.49781718850135803 0.8672792315483093 0.002184694167226553 
vn 0.8672792315483093 0.49781718850135803 0.002184694167226553 
vn 0.999997615814209 0 0.002184694167226553 
vn 0.8672792315483093 -0.49781718850135803 0.002184694167226553 
vn 0.49781718850135803 -0.8672792315483093 0.002184694167226553 
vn 0 0 1 
vn 0 0 1 
vn 0 0 1 
vn 0 0 1 
vn 0 0 1 
vn 0 0 1 
vn 0 0 1 
vn 0 0 1 
vn 0 0 1 
vn 0 0 1 
vn 0 0 1 
vn -2.0682311115474694e-13 0 -1 
vn -2.0682311115474694e-13 0 -1 
vn -2.0682311115474694e-13 0 -1 
vn -2.0682311115474694e-13 0 -1 
vn -2.0682311115474694e-13 0 -1 
vn -2.0682311115474694e-13 0 -1 
vn -2.0682311115474694e-13 0 -1 
vn -2.0682311115474694e-13 0 -1 
vn -2.0682311115474694e-13 0 -1 
vn -2.0682311115474694e-13 0 -1 
vn -2.0682311115474694e-13 0 -1 
vn 0.02958367019891739 -0.03213643282651901 0.9990455508232117 
vn 0.02958367019891739 -0.03213643282651901 0.9990455508232117 
vn 0.02958367019891739 -0.03213643282651901 0.9990455508232117 
vn 0.02958367019891739 -0.03213643282651901 0.9990455508232117 
vn 0.082589291036129 -0.007433170452713966 0.9965559244155884 
vn 0.082589291036129 -0.007433170452713966 0.9965559244155884 
vn 0.082589291036129 -0.007433170452713966 0.9965559244155884 
vn 0.082589291036129 -0.007433170452713966 0.9965559244155884 
vn 0.49781718850135803 -0.8672792315483093 0.002184694167226553 
vn 0.4847384989261627 -0.8320382237434387 -0.26970529556274414 
vn 3.097898456858039e-13 -0.999997615814209 0.002184694167226553 
vn 0.0018883723532781005 -0.96294105052948 -0.26970529556274414 
vn -0.49781718850135803 -0.8672792315483093 0.002184694167226553 
vn -0.481471449136734 -0.8339329957962036 -0.26970529556274414 
vn -0.8672792315483093 -0.49781718850135803 0.002184694167226553 
vn -0.8348755836486816 -0.4798351526260376 -0.26970529556274414 
vn -0.999997615814209 -2.0682260971124217e-13 0.002184694167226553 
vn -0.9629355072975159 -0.003776737255975604 -0.26970529556274414 
vn -0.8672792315483093 0.49781718850135803 0.002184694167226553 
vn -0.8348755836486816 0.4798351526260376 -0.26970529556274414 
vn -0.49781718850135803 0.8672792315483093 0.002184694167226553 
vn -0.481471449136734 0.8339329957962036 -0.26970529556274414 
vn -1.0341130485562108e-13 0.999997615814209 0.002184694167226553 
vn 0.0018883723532781005 0.96294105052948 -0.26970529556274414 
vn 0.49781718850135803 0.8672792315483093 0.002184694167226553 
vn 0.4847384989261627 0.8320382237434387 -0.26970529556274414 
vn 0.8672792315483093 0.49781718850135803 0.002184694167226553 
vn 0.8329872488975525 0.4831058979034424 -0.26970529556274414 
vn 0.999997615814209 0 0.002184694167226553 
vn 0.962942898273468 0 -0.26970529556274414 
vn 0.8672792315483093 -0.49781718850135803 0.002184694167226553 
vn 0.8329872488975525 -0.4831058979034424 -0.26970529556274414 
vn 0.49781718850135803 -0.8672792315483093 0.002184694167226553 
vn 0.4847384989261627 -0.8320382237434387 -0.26970529556274414 
vn 0.49781718850135803 -0.8672792315483093 0.002184694167226553 
vn 0.4704713821411133 -0.8224256038665771 0.3198012113571167 
vn 3.097898456858039e-13 -0.999997615814209 0.002184694167226553 
vn 0.0018863173900172114 -0.9474827647209167 0.3198012113571167 
vn -0.49781718850135803 -0.8672792315483093 0.002184694167226553 
vn -0.4737423360347748 -0.8205457925796509 0.3198012113571167 
vn -0.8672792315483093 -0.49781718850135803 0.002184694167226553 
vn -0.821487307548523 -0.47210779786109924 0.3198012113571167 
vn -0.999997615814209 -2.0682260971124217e-13 0.002184694167226553 
vn -0.9474771618843079 -0.003772627329453826 0.3198012113571167 
vn -0.8672792315483093 0.49781718850135803 0.002184694167226553 
vn -0.821487307548523 0.47210779786109924 0.3198012113571167 
vn -0.49781718850135803 0.8672792315483093 0.002184694167226553 
vn -0.4737423360347748 0.8205457925796509 0.3198012113571167 
vn -1.0341130485562108e-13 0.999997615814209 0.002184694167226553 
vn 0.0018863173900172114 0.9474827647209167 0.3198012113571167 
vn 0.49781718850135803 0.8672792315483093 0.002184694167226553 
vn 0.4704713821411133 0.8224256038665771 0.3198012113571167 
vn 0.8672792315483093 0.49781718850135803 0.002184694167226553 
vn 0.8196009993553162 0.4753749966621399 0.3198012113571167 
vn 0.999997615814209 0 0.002184694167226553 
vn 0.9474846720695496 0 0.3198012113571167 
vn 0.8672792315483093 -0.49781718850135803 0.002184694167226553 
vn 0.8196009993553162 -0.4753749966621399 0.3198012113571167 
vn 0.49781718850135803 -0.8672792315483093 0.002184694167226553 
vn 0.4704713821411133 -0.8224256038665771 0.3198012113571167 
vn 0.49781718850135803 -0.8672792315483093 0.002184694167226553 
vn 0.4704713821411133 -0.8224256038665771 0.3198012113571167 
vn 3.097898456858039e-13 -0.999997615814209 0.002184694167226553 
vn 0.0018863173900172114 -0.9474827647209167 0.3198012113571167 
vn -0.49781718850135803 -0.8672792315483093 0.002184694167226553 
vn -0.4737423360347748 -0.8205457925796509 0.3198012113571167 
vn -0.8672792315483093 -0.49781718850135803 0.002184694167226553 
vn -0.821487307548523 -0.47210779786109924 0.3198012113571167 
vn -0.999997615814209 -2.0682260971124217e-13 0.002184694167226553 
vn -0.9474771618843079 -0.003772627329453826 0.3198012113571167 
vn -0.8672792315483093 0.49781718850135803 0.002184694167226553 
vn -0.821487307548523 0.47210779786109924 0.3198012113571167 
vn -0.49781718850135803 0.8672792315483093 0.002184694167226553 
vn -0.4737423360347748 0.8205457925796509 0.3198012113571167 
vn -1.0341130485562108e-13 0.999997615814209 0.002184694167226553 
vn 0.0018863173900172114 0.9474827647209167 0.3198012113571167 
vn 0.49781718850135803 0.8672792315483093 0.002184694167226553 
vn 0.4704713821411133 0.8224256038665771 0.3198012113571167 
vn 0.8672792315483093 0.49781718850135803 0.002184694167226553 
vn 0.8196009993553162 0.4753749966621399 0.3198012113571167 
vn 0.999997615814209 0 0.002184694167226553 
vn 0.9474846720695496 0 0.3198012113571167 
vn 0.8672792315483093 -0.49781718850135803 0.002184694167226553 
vn 0.8196009993553162 -0.4753749966621399 0.3198012113571167 
vn 0.49781718850135803 -0.8672792315483093 0.002184694167226553 
vn 0.4704713821411133 -0.8224256038665771 0.3198012113571167 
vn 0.4847384989261627 -0.8320382237434387 -0.26970529556274414 
vn 0.4864805340766907 -0.8375751376152039 -0.24860523641109467 
vn 0.0018883723532781005 -0.96294105052948 -0.26970529556274414 
vn 0.0037753775250166655 -0.9685975313186646 -0.24860523641109467 
vn -0.481471449136734 -0.8339329957962036 -0.26970529556274414 
vn -0.4864805340766907 -0.8375751376152039 -0.24860523641109467 
vn -0.8348755836486816 -0.4798351526260376 -0.26970529556274414 
vn -0.8394649624824524 -0.4832121729850769 -0.24860523641109467 
vn -0.9629355072975159 -0.003776737255975604 -0.26970529556274414 
vn -0.9686048626899719 -2.0032987855383988e-13 -0.24860523641109467 
vn -0.8348755836486816 0.4798351526260376 -0.26970529556274414 
vn -0.8394649624824524 0.4832121729850769 -0.24860523641109467 
vn -0.481471449136734 0.8339329957962036 -0.26970529556274414 
vn -0.4864805340766907 0.8375751376152039 -0.24860523641109467 
vn 0.0018883723532781005 0.96294105052948 -0.26970529556274414 
vn 0.0037753775250166655 0.9685975313186646 -0.24860523641109467 
vn 0.4847384989261627 0.8320382237434387 -0.26970529556274414 
vn 0.4864805340766907 0.8375751376152039 -0.24860523641109467 
vn 0.8329872488975525 0.4831058979034424 -0.26970529556274414 
vn 0.8394649624824524 0.4832121729850769 -0.24860523641109467 
vn 0.962942898273468 0 -0.26970529556274414 
vn 0.9686048626899719 0 -0.24860523641109467 
vn 0.8329872488975525 -0.4831058979034424 -0.26970529556274414 
vn 0.8394649624824524 -0.4832121729850769 -0.24860523641109467 
vn 0.4847384989261627 -0.8320382237434387 -0.26970529556274414 
vn 0.4864805340766907 -0.8375751376152039 -0.24860523641109467 
vn 0.49781718850135803 -0.8672792315483093 0.002184694167226553 
vn 3.097898456858039e-13 -0.999997615814209 0.002184694167226553 
vn -0.49781718850135803 -0.8672792315483093 0.002184694167226553 
vn -0.8672792315483093 -0.49781718850135803 0.002184694167226553 
vn -0.999997615814209 -2.0682260971124217e-13 0.002184694167226553 
vn -0.8672792315483093 0.49781718850135803 0.002184694167226553 
vn -0.49781718850135803 0.8672792315483093 0.002184694167226553 
vn -1.0341130485562108e-13 0.999997615814209 0.002184694167226553 
vn 0.49781718850135803 0.8672792315483093 0.002184694167226553 
vn 0.8672792315483093 0.49781718850135803 0.002184694167226553 
vn 0.999997615814209 0 0.002184694167226553 
vn 0.8672792315483093 -0.49781718850135803 0.002184694167226553 
vn 0.49781718850135803 -0.8672792315483093 0.002184694167226553 
vn 0 0 1 
vn 0 0 1 
vn 0 0 1 
vn 0 0 1 
vn 0 0 1 
vn 0 0 1 
vn 0 0 1 
vn 0 0 1 
vn 0 0 1 
vn 0 0 1 
vn 0 0 1 
vn 0.4704713821411133 -0.8224256038665771 0.3198012113571167 
vn 0.32234567403793335 -0.5608326196670532 0.762600839138031 
vn 0.0018863173900172114 -0.9474827647209167 0.3198012113571167 
vn -0.0018851550994440913 -0.6468666195869446 0.762600839138031 
vn -0.4737423360347748 -0.8205457925796509 0.3198012113571167 
vn -0.325609028339386 -0.5589443445205688 0.762600839138031 
vn -0.821487307548523 -0.47210779786109924 0.3198012113571167 
vn -0.5617696642875671 -0.32070988416671753 0.762600839138031 
vn -0.9474771618843079 -0.003772627329453826 0.3198012113571167 
vn -0.6468583941459656 -0.0037702941335737705 0.762600839138031 
vn -0.821487307548523 0.47210779786109924 0.3198012113571167 
vn -0.5617696642875671 0.32070988416671753 0.762600839138031 
vn -0.4737423360347748 0.8205457925796509 0.3198012113571167 
vn -0.325609028339386 0.5589443445205688 0.762600839138031 
vn 0.0018863173900172114 0.9474827647209167 0.3198012113571167 
vn -0.0018851550994440913 0.6468666195869446 0.762600839138031 
vn 0.4704713821411133 0.8224256038665771 0.3198012113571167 
vn 0.32234567403793335 0.5608326196670532 0.762600839138031 
vn 0.8196009993553162 0.4753749966621399 0.3198012113571167 
vn 0.559890866279602 0.3239787518978119 0.762600839138031 
vn 0.9474846720695496 0 0.3198012113571167 
vn 0.6468693614006042 0 0.762600839138031 
vn 0.8196009993553162 -0.4753749966621399 0.3198012113571167 
vn 0.559890866279602 -0.3239787518978119 0.762600839138031 
vn 0.4704713821411133 -0.8224256038665771 0.3198012113571167 
vn 0.32234567403793335 -0.5608326196670532 0.762600839138031 
vn 0.22814449667930603 -0.3976649045944214 0.888714075088501 
vn -0.001880282536149025 -0.4584580361843109 0.888714075088501 
vn -0.23139867186546326 -0.39578017592430115 0.888714075088501 
vn -0.39859724044799805 -0.2265116423368454 0.888714075088501 
vn -0.4584464430809021 -0.003760533407330513 0.888714075088501 
vn -0.39859724044799805 0.2265116423368454 0.888714075088501 
vn -0.23139867186546326 0.39578017592430115 0.888714075088501 
vn -0.001880282536149025 0.4584580361843109 0.888714075088501 
vn 0.22814449667930603 0.3976649045944214 0.888714075088501 
vn 0.3967258930206299 0.22977352142333984 0.888714075088501 
vn 0.4584618806838989 0 0.888714075088501 
vn 0.3967258930206299 -0.22977352142333984 0.888714075088501 
vn 0.22814449667930603 -0.3976649045944214 0.888714075088501 
vn 0.013107799924910069 0 0.9999141097068787 
vn 0.013107799924910069 0 0.9999141097068787 
vn 0.013107799924910069 0 0.9999141097068787 
vn 0.013107799924910069 0 0.9999141097068787 
vn -2.0682311115474694e-13 0 -1 
vn -2.0682311115474694e-13 0 -1 
vn -2.0682311115474694e-13 0 -1 
vn -2.0682311115474694e-13 0 -1 
vn -2.0682311115474694e-13 0 -1 
vn -2.0682311115474694e-13 0 -1 
vn -2.0682311115474694e-13 0 -1 
vn -2.0682311115474694e-13 0 -1 
vn -2.0682311115474694e-13 0 -1 
vn -2.0682311115474694e-13 0 -1 
vn -2.0682311115474694e-13 0 -1 
vn 0.06945759803056717 -0.007424954324960709 0.9975572824478149 
vn 0.06945759803056717 -0.007424954324960709 0.9975572824478149 
vn 0.06945759803056717 -0.007424954324960709 0.9975572824478149 
vn 0.06945759803056717 -0.007424954324960709 0.9975572824478149 
vn 0.49781718850135803 -0.8672792315483093 0.002184694167226553 
vn 0.4847384989261627 -0.8320382237434387 -0.26970529556274414 
vn 3.097898456858039e-13 -0.999997615814209 0.002184694167226553 
vn 0.0018883723532781005 -0.96294105052948 -0.26970529556274414 
vn -0.49781718850135803 -0.8672792315483093 0.002184694167226553 
vn -0.481471449136734 -0.8339329957962036 -0.26970529556274414 
vn -0.8672792315483093 -0.49781718850135803 0.002184694167226553 
vn -0.8348755836486816 -0.4798351526260376 -0.26970529556274414 
vn -0.999997615814209 -2.0682260971124217e-13 0.002184694167226553 
vn -0.9629355072975159 -0.003776737255975604 -0.26970529556274414 
vn -0.8672792315483093 0.49781718850135803 0.002184694167226553 
vn -0.8348755836486816 0.4798351526260376 -0.26970529556274414 
vn -0.49781718850135803 0.8672792315483093 0.002184694167226553 
vn -0.481471449136734 0.8339329957962036 -0.26970529556274414 
vn -1.0341130485562108e-13 0.999997615814209 0.002184694167226553 
vn 0.0018883723532781005 0.96294105052948 -0.26970529556274414 
vn 0.49781718850135803 0.8672792315483093 0.002184694167226553 
vn 0.4847384989261627 0.8320382237434387 -0.26970529556274414 
vn 0.8672792315483093 0.49781718850135803 0.002184694167226553 
vn 0.8329872488975525 0.4831058979034424 -0.26970529556274414 
vn 0.999997615814209 0 0.002184694167226553 
vn 0.962942898273468 0 -0.26970529556274414 
vn 0.8672792315483093 -0.49781718850135803 0.002184694167226553 
vn 0.8329872488975525 -0.4831058979034424 -0.26970529556274414 
vn 0.49781718850135803 -0.8672792315483093 0.002184694167226553 
vn 0.4847384989261627 -0.8320382237434387 -0.26970529556274414 
vn 0.4704713821411133 -0.8224256038665771 0.3198012113571167 
vn 0.32234567403793335 -0.5608326196670532 0.762600839138031 
vn 0.0018863173900172114 -0.9474827647209167 0.3198012113571167 
vn -0.0018851550994440913 -0.6468666195869446 0.762600839138031 
vn -0.4737423360347748 -0.8205457925796509 0.3198012113571167 
vn -0.325609028339386 -0.5589443445205688 0.762600839138031 
vn -0.821487307548523 -0.47210779786109924 0.3198012113571167 
vn -0.5617696642875671 -0.32070988416671753 0.762600839138031 
vn -0.9474771618843079 -0.003772627329453826 0.3198012113571167 
vn -0.6468583941459656 -0.0037702941335737705 0.762600839138031 
vn -0.821487307548523 0.47210779786109924 0.3198012113571167 
vn -0.5617696642875671 0.32070988416671753 0.762600839138031 
vn -0.4737423360347748 0.8205457925796509 0.3198012113571167 
vn -0.325609028339386 0.5589443445205688 0.762600839138031 
vn 0.0018863173900172114 0.9474827647209167 0.3198012113571167 
vn -0.0018851550994440913 0.6468666195869446 0.762600839138031 
vn 0.4704713821411133 0.8224256038665771 0.3198012113571167 
vn 0.32234567403793335 0.5608326196670532 0.762600839138031 
vn 0.8196009993553162 0.4753749966621399 0.3198012113571167 
vn 0.559890866279602 0.3239787518978119 0.762600839138031 
vn 0.9474846720695496 0 0.3198012113571167 
vn 0.6468693614006042 0 0.762600839138031 
vn 0.8196009993553162 -0.4753749966621399 0.3198012113571167 
vn 0.559890866279602 -0.3239787518978119 0.762600839138031 
vn 0.4704713821411133 -0.8224256038665771 0.3198012113571167 
vn 0.32234567403793335 -0.5608326196670532 0.762600839138031 
vn 0.22814449667930603 -0.3976649045944214 0.888714075088501 
vn -0.001880282536149025 -0.4584580361843109 0.888714075088501 
vn -0.23139867186546326 -0.39578017592430115 0.888714075088501 
vn -0.39859724044799805 -0.2265116423368454 0.888714075088501 
vn -0.4584464430809021 0.003760533407330513 0.888714075088501 
vn -0.39859724044799805 0.2265116423368454 0.888714075088501 
vn -0.23139867186546326 0.39578017592430115 0.888714075088501 
vn -0.001880282536149025 0.4584580361843109 0.888714075088501 
vn 0.22814449667930603 0.3976649045944214 0.888714075088501 
vn 0.3967258930206299 0.22977352142333984 0.888714075088501 
vn 0.4584618806838989 0 0.888714075088501 
vn 0.3967258930206299 -0.22977352142333984 0.888714075088501 
vn 0.22814449667930603 -0.3976649045944214 0.888714075088501 
vn 0 0 1 
vn 0 0 1 
vn 0 0 1 
vn 0 0 1 
vn 0.1861824095249176 0.014934053644537926 0.9824016690254211 
vn 0.1861824095249176 0.014934053644537926 0.9824016690254211 
vn 0.1861824095249176 0.014934053644537926 0.9824016690254211 
vn 0.1861824095249176 0.014934053644537926 0.9824016690254211 
vn 0.4847384989261627 -0.8320382237434387 -0.26970529556274414 
vn 0.4864805340766907 -0.8375751376152039 -0.24860523641109467 
vn 0.0018883723532781005 -0.96294105052948 -0.26970529556274414 
vn 0.0037753775250166655 -0.9685975313186646 -0.24860523641109467 
vn -0.481471449136734 -0.8339329957962036 -0.26970529556274414 
vn -0.4864805340766907 -0.8375751376152039 -0.24860523641109467 
vn -0.8348755836486816 -0.4798351526260376 -0.26970529556274414 
vn -0.8394649624824524 -0.4832121729850769 -0.24860523641109467 
vn -0.9629355072975159 -0.003776737255975604 -0.26970529556274414 
vn -0.9686048626899719 -2.0032987855383988e-13 -0.24860523641109467 
vn -0.8348755836486816 0.4798351526260376 -0.26970529556274414 
vn -0.8394649624824524 0.4832121729850769 -0.24860523641109467 
vn -0.481471449136734 0.8339329957962036 -0.26970529556274414 
vn -0.4864805340766907 0.8375751376152039 -0.24860523641109467 
vn 0.0018883723532781005 0.96294105052948 -0.26970529556274414 
vn 0.0037753775250166655 0.9685975313186646 -0.24860523641109467 
vn 0.4847384989261627 0.8320382237434387 -0.26970529556274414 
vn 0.4864805340766907 0.8375751376152039 -0.24860523641109467 
vn 0.8329872488975525 0.4831058979034424 -0.26970529556274414 
vn 0.8394649624824524 0.4832121729850769 -0.24860523641109467 
vn 0.962942898273468 0 -0.26970529556274414 
vn 0.9686048626899719 0 -0.24860523641109467 
vn 0.8329872488975525 -0.4831058979034424 -0.26970529556274414 
vn 0.8394649624824524 -0.4832121729850769 -0.24860523641109467 
vn 0.4847384989261627 -0.8320382237434387 -0.26970529556274414 
vn 0.4864805340766907 -0.8375751376152039 -0.24860523641109467 
vn 0.49781718850135803 -0.8672792315483093 0.002184694167226553 
vn 3.097898456858039e-13 -0.999997615814209 0.002184694167226553 
vn -0.49781718850135803 -0.8672792315483093 0.002184694167226553 
vn -0.8672792315483093 -0.49781718850135803 0.002184694167226553 
vn -0.999997615814209 -2.0682260971124217e-13 0.002184694167226553 
vn -0.8672792315483093 0.49781718850135803 0.002184694167226553 
vn -0.49781718850135803 0.8672792315483093 0.002184694167226553 
vn -1.0341130485562108e-13 0.999997615814209 0.002184694167226553 
vn 0.49781718850135803 0.8672792315483093 0.002184694167226553 
vn 0.8672792315483093 0.49781718850135803 0.002184694167226553 
vn 0.999997615814209 0 0.002184694167226553 
vn 0.8672792315483093 -0.49781718850135803 0.002184694167226553 
vn 0.49781718850135803 -0.8672792315483093 0.002184694167226553 
vn 0.22814449667930603 -0.3976649045944214 0.888714075088501 
vn 0.32234567403793335 -0.5608326196670532 0.762600839138031 
vn 0.3967258930206299 -0.22977352142333984 0.888714075088501 
vn 0.559890866279602 -0.3239787518978119 0.762600839138031 
vn 0.4584618806838989 0 0.888714075088501 
vn 0.6468693614006042 0 0.762600839138031 
vn 0.3967258930206299 0.22977352142333984 0.888714075088501 
vn 0.559890866279602 0.3239787518978119 0.762600839138031 
vn 0.22814449667930603 0.3976649045944214 0.888714075088501 
vn 0.32234567403793335 0.5608326196670532 0.762600839138031 
vn -0.001880282536149025 0.4584580361843109 0.888714075088501 
vn -0.0018851550994440913 0.6468666195869446 0.762600839138031 
vn -0.23139867186546326 0.39578017592430115 0.888714075088501 
vn -0.325609028339386 0.5589443445205688 0.762600839138031 
vn -0.39859724044799805 0.2265116423368454 0.888714075088501 
vn -0.5617696642875671 0.32070988416671753 0.762600839138031 
vn -0.4584464430809021 0.003760533407330513 0.888714075088501 
vn -0.6468583941459656 -0.0037702941335737705 0.762600839138031 
vn -0.39859724044799805 -0.2265116423368454 0.888714075088501 
vn -0.5617696642875671 -0.32070988416671753 0.762600839138031 
vn -0.23139867186546326 -0.39578017592430115 0.888714075088501 
vn -0.325609028339386 -0.5589443445205688 0.762600839138031 
vn -0.001880282536149025 -0.4584580361843109 0.888714075088501 
vn -0.0018851550994440913 -0.6468666195869446 0.762600839138031 
vn 0.22814449667930603 -0.3976649045944214 0.888714075088501 
vn 0.32234567403793335 -0.5608326196670532 0.762600839138031 
vn 0.4704713821411133 -0.8224256038665771 0.3198012113571167 
vn 0.8196009993553162 -0.4753749966621399 0.3198012113571167 
vn 0.9474846720695496 0 0.3198012113571167 
vn 0.8196009993553162 0.4753749966621399 0.3198012113571167 
vn 0.4704713821411133 0.8224256038665771 0.3198012113571167 
vn 0.0018863173900172114 0.9474827647209167 0.3198012113571167 
vn -0.4737423360347748 0.8205457925796509 0.3198012113571167 
vn -0.821487307548523 0.47210779786109924 0.3198012113571167 
vn -0.9474771618843079 -0.003772627329453826 0.3198012113571167 
vn -0.821487307548523 -0.47210779786109924 0.3198012113571167 
vn -0.4737423360347748 -0.8205457925796509 0.3198012113571167 
vn 0.0018863173900172114 -0.9474827647209167 0.3198012113571167 
vn 0.4704713821411133 -0.8224256038665771 0.3198012113571167 
vn 0 0 1 
vn 0 0 1 
vn 0 0 1 
vn 0 0 1 
vn 0 0 1 
vn 0 0 1 
vn 0 0 1 
vn 0 0 1 
vn 0 0 1 
vn 0 0 1 
vn 0 0 1 
vn 0.4704713821411133 -0.8224256038665771 0.3198012113571167 
vn 0.32234567403793335 -0.5608326196670532 0.762600839138031 
vn 0.0018863173900172114 -0.9474827647209167 0.3198012113571167 
vn -0.0018851550994440913 -0.6468666195869446 0.762600839138031 
vn -0.4737423360347748 -0.8205457925796509 0.3198012113571167 
vn -0.325609028339386 -0.5589443445205688 0.762600839138031 
vn -0.821487307548523 -0.47210779786109924 0.3198012113571167 
vn -0.5617696642875671 -0.32070988416671753 0.762600839138031 
vn -0.9474771618843079 -0.003772627329453826 0.3198012113571167 
vn -0.6468583941459656 -0.0037702941335737705 0.762600839138031 
vn -0.821487307548523 0.47210779786109924 0.3198012113571167 
vn -0.5617696642875671 0.32070988416671753 0.762600839138031 
vn -0.4737423360347748 0.8205457925796509 0.3198012113571167 
vn -0.325609028339386 0.5589443445205688 0.762600839138031 
vn 0.0018863173900172114 0.9474827647209167 0.3198012113571167 
vn -0.0018851550994440913 0.6468666195869446 0.762600839138031 
vn 0.4704713821411133 0.8224256038665771 0.3198012113571167 
vn 0.32234567403793335 0.5608326196670532 0.762600839138031 
vn 0.8196009993553162 0.4753749966621399 0.3198012113571167 
vn 0.559890866279602 0.3239787518978119 0.762600839138031 
vn 0.9474846720695496 0 0.3198012113571167 
vn 0.6468693614006042 0 0.762600839138031 
vn 0.8196009993553162 -0.4753749966621399 0.3198012113571167 
vn 0.559890866279602 -0.3239787518978119 0.762600839138031 
vn 0.4704713821411133 -0.8224256038665771 0.3198012113571167 
vn 0.32234567403793335 -0.5608326196670532 0.762600839138031 
vn 0.22814449667930603 -0.3976649045944214 0.888714075088501 
vn -0.001880282536149025 -0.4584580361843109 0.888714075088501 
vn -0.23139867186546326 -0.39578017592430115 0.888714075088501 
vn -0.39859724044799805 -0.2265116423368454 0.888714075088501 
vn -0.4584464430809021 -0.003760533407330513 0.888714075088501 
vn -0.39859724044799805 0.2265116423368454 0.888714075088501 
vn -0.23139867186546326 0.39578017592430115 0.888714075088501 
vn -0.001880282536149025 0.4584580361843109 0.888714075088501 
vn 0.22814449667930603 0.3976649045944214 0.888714075088501 
vn 0.3967258930206299 0.22977352142333984 0.888714075088501 
vn 0.4584618806838989 0 0.888714075088501 
vn 0.3967258930206299 -0.22977352142333984 0.888714075088501 
vn 0.22814449667930603 -0.3976649045944214 0.888714075088501 
vn 0 0 1 
vn 0 0 1 
vn 0 0 1 
vn 0 0 1 
vn 0.49781718850135803 -0.8672792315483093 0.002184694167226553 
vn 0.4704713821411133 -0.8224256038665771 0.3198012113571167 
vn 3.097898456858039e-13 -0.999997615814209 0.002184694167226553 
vn 0.0018863173900172114 -0.9474827647209167 0.3198012113571167 
vn -0.49781718850135803 -0.8672792315483093 0.002184694167226553 
vn -0.4737423360347748 -0.8205457925796509 0.3198012113571167 
vn -0.8672792315483093 -0.49781718850135803 0.002184694167226553 
vn -0.821487307548523 -0.47210779786109924 0.3198012113571167 
vn -0.999997615814209 -2.0682260971124217e-13 0.002184694167226553 
vn -0.9474771618843079 -0.003772627329453826 0.3198012113571167 
vn -0.8672792315483093 0.49781718850135803 0.002184694167226553 
vn -0.821487307548523 0.47210779786109924 0.3198012113571167 
vn -0.49781718850135803 0.8672792315483093 0.002184694167226553 
vn -0.4737423360347748 0.8205457925796509 0.3198012113571167 
vn -1.0341130485562108e-13 0.999997615814209 0.002184694167226553 
vn 0.0018863173900172114 0.9474827647209167 0.3198012113571167 
vn 0.49781718850135803 0.8672792315483093 0.002184694167226553 
vn 0.4704713821411133 0.8224256038665771 0.3198012113571167 
vn 0.8672792315483093 0.49781718850135803 0.002184694167226553 
vn 0.8196009993553162 0.4753749966621399 0.3198012113571167 
vn 0.999997615814209 0 0.002184694167226553 
vn 0.9474846720695496 0 0.3198012113571167 
vn 0.8672792315483093 -0.49781718850135803 0.002184694167226553 
vn 0.8196009993553162 -0.4753749966621399 0.3198012113571167 
vn 0.49781718850135803 -0.8672792315483093 0.002184694167226553 
vn 0.4704713821411133 -0.8224256038665771 0.3198012113571167 
vn -0.08326573669910431 0.09506361186504364 0.9919826984405518 
vn -0.08326573669910431 0.09506361186504364 0.9919826984405518 
vn -0.08326573669910431 0.09506361186504364 0.9919826984405518 
vn -0.08326573669910431 0.09506361186504364 0.9919826984405518 
vn 0 0 1 
vn 0 0 1 
vn 0 0 1 
vn 0 0 1 
vn 0.11182347685098648 0.036726370453834534 0.9930492043495178 
vn 0.11182347685098648 0.036726370453834534 0.9930492043495178 
vn 0.11182347685098648 0.036726370453834534 0.9930492043495178 
vn 0.11182347685098648 0.036726370453834534 0.9930492043495178 
vn 0 0 1 
vn 0 0 1 
vn 0 0 1 
vn 0 0 1 
vn 0.4704713821411133 -0.8224256038665771 0.3198012113571167 
vn 0.49781718850135803 -0.8672792315483093 0.002184694167226553 
vn 0.8196009993553162 -0.4753749966621399 0.3198012113571167 
vn 0.8672792315483093 -0.49781718850135803 0.002184694167226553 
vn 0.9474846720695496 0 0.3198012113571167 
vn 0.999997615814209 0 0.002184694167226553 
vn 0.8196009993553162 0.4753749966621399 0.3198012113571167 
vn 0.8672792315483093 0.49781718850135803 0.002184694167226553 
vn 0.4704713821411133 0.8224256038665771 0.3198012113571167 
vn 0.49781718850135803 0.8672792315483093 0.002184694167226553 
vn 0.0018863173900172114 0.9474827647209167 0.3198012113571167 
vn -1.0341130485562108e-13 0.999997615814209 0.002184694167226553 
vn -0.4737423360347748 0.8205457925796509 0.3198012113571167 
vn -0.49781718850135803 0.8672792315483093 0.002184694167226553 
vn -0.821487307548523 0.47210779786109924 0.3198012113571167 
vn -0.8672792315483093 0.49781718850135803 0.002184694167226553 
vn -0.9474771618843079 -0.003772627329453826 0.3198012113571167 
vn -0.999997615814209 -2.0682260971124217e-13 0.002184694167226553 
vn -0.821487307548523 -0.47210779786109924 0.3198012113571167 
vn -0.8672792315483093 -0.49781718850135803 0.002184694167226553 
vn -0.4737423360347748 -0.8205457925796509 0.3198012113571167 
vn -0.49781718850135803 -0.8672792315483093 0.002184694167226553 
vn 0.0018863173900172114 -0.9474827647209167 0.3198012113571167 
vn 3.097898456858039e-13 -0.999997615814209 0.002184694167226553 
vn 0.4704713821411133 -0.8224256038665771 0.3198012113571167 
vn 0.49781718850135803 -0.8672792315483093 0.002184694167226553 
vn 0 0 1 
vn 0 0 1 
vn 0 0 1 
vn 0 0 1 
vn 0 0 1 
vn 0 0 1 
vn 0 0 1 
vn 0 0 1 
vn 0 0 1 
vn 0 0 1 
vn 0 0 1 
vn 0.08292311429977417 0 0.9965559244155884 
vn 0.08292311429977417 0 0.9965559244155884 
vn 0.08292311429977417 0 0.9965559244155884 
vn 0.08292311429977417 0 0.9965559244155884 
vn -2.0682311115474694e-13 0 -1 
vn -2.0682311115474694e-13 0 -1 
vn -2.0682311115474694e-13 0 -1 
vn -2.0682311115474694e-13 0 -1 
vn -2.0682311115474694e-13 0 -1 
vn -2.0682311115474694e-13 0 -1 
vn -2.0682311115474694e-13 0 -1 
vn -2.0682311115474694e-13 0 -1 
vn -2.0682311115474694e-13 0 -1 
vn -2.0682311115474694e-13 0 -1 
vn -2.0682311115474694e-13 0 -1 
vn 0.017673155292868614 -0.012840298935770988 0.9997613430023193 
vn 0.017673155292868614 -0.012840298935770988 0.9997613430023193 
vn 0.017673155292868614 -0.012840298935770988 0.9997613430023193 
vn 0.017673155292868614 -0.012840298935770988 0.9997613430023193 
vn -0.0035349009558558464 0.002568255877122283 0.9999904632568359 
vn -0.0035349009558558464 0.002568255877122283 0.9999904632568359 
vn -0.0035349009558558464 0.002568255877122283 0.9999904632568359 
vn -0.0035349009558558464 0.002568255877122283 0.9999904632568359 
vn 0.4847384989261627 -0.8320382237434387 -0.26970529556274414 
vn 0.49781718850135803 -0.8672792315483093 0.002184694167226553 
vn 0.8329872488975525 -0.4831058979034424 -0.26970529556274414 
vn 0.8672792315483093 -0.49781718850135803 0.002184694167226553 
vn 0.962942898273468 0 -0.26970529556274414 
vn 0.999997615814209 0 0.002184694167226553 
vn 0.8329872488975525 0.4831058979034424 -0.26970529556274414 
vn 0.8672792315483093 0.49781718850135803 0.002184694167226553 
vn 0.4847384989261627 0.8320382237434387 -0.26970529556274414 
vn 0.49781718850135803 0.8672792315483093 0.002184694167226553 
vn 0.0018883723532781005 0.96294105052948 -0.26970529556274414 
vn -1.0341130485562108e-13 0.999997615814209 0.002184694167226553 
vn -0.481471449136734 0.8339329957962036 -0.26970529556274414 
vn -0.49781718850135803 0.8672792315483093 0.002184694167226553 
vn -0.8348755836486816 0.4798351526260376 -0.26970529556274414 
vn -0.8672792315483093 0.49781718850135803 0.002184694167226553 
vn -0.9629355072975159 -0.003776737255975604 -0.26970529556274414 
vn -0.999997615814209 -2.0682260971124217e-13 0.002184694167226553 
vn -0.8348755836486816 -0.4798351526260376 -0.26970529556274414 
vn -0.8672792315483093 -0.49781718850135803 0.002184694167226553 
vn -0.481471449136734 -0.8339329957962036 -0.26970529556274414 
vn -0.49781718850135803 -0.8672792315483093 0.002184694167226553 
vn 0.0018883723532781005 -0.96294105052948 -0.26970529556274414 
vn 3.097898456858039e-13 -0.999997615814209 0.002184694167226553 
vn 0.4847384989261627 -0.8320382237434387 -0.26970529556274414 
vn 0.49781718850135803 -0.8672792315483093 0.002184694167226553 
vn 0.49781718850135803 -0.8672792315483093 0.002184694167226553 
vn 0.4704713821411133 -0.8224256038665771 0.3198012113571167 
vn 3.097898456858039e-13 -0.999997615814209 0.002184694167226553 
vn 0.0018863173900172114 -0.9474827647209167 0.3198012113571167 
vn -0.49781718850135803 -0.8672792315483093 0.002184694167226553 
vn -0.4737423360347748 -0.8205457925796509 0.3198012113571167 
vn -0.8672792315483093 -0.49781718850135803 0.002184694167226553 
vn -0.821487307548523 -0.47210779786109924 0.3198012113571167 
vn -0.999997615814209 -2.0682260971124217e-13 0.002184694167226553 
vn -0.9474771618843079 -0.003772627329453826 0.3198012113571167 
vn -0.8672792315483093 0.49781718850135803 0.002184694167226553 
vn -0.821487307548523 0.47210779786109924 0.3198012113571167 
vn -0.49781718850135803 0.8672792315483093 0.002184694167226553 
vn -0.4737423360347748 0.8205457925796509 0.3198012113571167 
vn -1.0341130485562108e-13 0.999997615814209 0.002184694167226553 
vn 0.0018863173900172114 0.9474827647209167 0.3198012113571167 
vn 0.49781718850135803 0.8672792315483093 0.002184694167226553 
vn 0.4704713821411133 0.8224256038665771 0.3198012113571167 
vn 0.8672792315483093 0.49781718850135803 0.002184694167226553 
vn 0.8196009993553162 0.4753749966621399 0.3198012113571167 
vn 0.999997615814209 0 0.002184694167226553 
vn 0.9474846720695496 0 0.3198012113571167 
vn 0.8672792315483093 -0.49781718850135803 0.002184694167226553 
vn 0.8196009993553162 -0.4753749966621399 0.3198012113571167 
vn 0.49781718850135803 -0.8672792315483093 0.002184694167226553 
vn 0.4704713821411133 -0.8224256038665771 0.3198012113571167 
vn 0.4847384989261627 -0.8320382237434387 -0.26970529556274414 
vn 0.4864805340766907 -0.8375751376152039 -0.24860523641109467 
vn 0.0018883723532781005 -0.96294105052948 -0.26970529556274414 
vn 0.0037753775250166655 -0.9685975313186646 -0.24860523641109467 
vn -0.481471449136734 -0.8339329957962036 -0.26970529556274414 
vn -0.4864805340766907 -0.8375751376152039 -0.24860523641109467 
vn -0.8348755836486816 -0.4798351526260376 -0.26970529556274414 
vn -0.8394649624824524 -0.4832121729850769 -0.24860523641109467 
vn -0.9629355072975159 -0.003776737255975604 -0.26970529556274414 
vn -0.9686048626899719 -2.0032987855383988e-13 -0.24860523641109467 
vn -0.8348755836486816 0.4798351526260376 -0.26970529556274414 
vn -0.8394649624824524 0.4832121729850769 -0.24860523641109467 
vn -0.481471449136734 0.8339329957962036 -0.26970529556274414 
vn -0.4864805340766907 0.8375751376152039 -0.24860523641109467 
vn 0.0018883723532781005 0.96294105052948 -0.26970529556274414 
vn 0.0037753775250166655 0.9685975313186646 -0.24860523641109467 
vn 0.4847384989261627 0.8320382237434387 -0.26970529556274414 
vn 0.4864805340766907 0.8375751376152039 -0.24860523641109467 
vn 0.8329872488975525 0.4831058979034424 -0.26970529556274414 
vn 0.8394649624824524 0.4832121729850769 -0.24860523641109467 
vn 0.962942898273468 0 -0.26970529556274414 
vn 0.9686048626899719 0 -0.24860523641109467 
vn 0.8329872488975525 -0.4831058979034424 -0.26970529556274414 
vn 0.8394649624824524 -0.4832121729850769 -0.24860523641109467 
vn 0.4847384989261627 -0.8320382237434387 -0.26970529556274414 
vn 0.4864805340766907 -0.8375751376152039 -0.24860523641109467 
vn 0.49781718850135803 -0.8672792315483093 0.002184694167226553 
vn 3.097898456858039e-13 -0.999997615814209 0.002184694167226553 
vn -0.49781718850135803 -0.8672792315483093 0.002184694167226553 
vn -0.8672792315483093 -0.49781718850135803 0.002184694167226553 
vn -0.999997615814209 -2.0682260971124217e-13 0.002184694167226553 
vn -0.8672792315483093 0.49781718850135803 0.002184694167226553 
vn -0.49781718850135803 0.8672792315483093 0.002184694167226553 
vn -1.0341130485562108e-13 0.999997615814209 0.002184694167226553 
vn 0.49781718850135803 0.8672792315483093 0.002184694167226553 
vn 0.8672792315483093 0.49781718850135803 0.002184694167226553 
vn 0.999997615814209 0 0.002184694167226553 
vn 0.8672792315483093 -0.49781718850135803 0.002184694167226553 
vn 0.49781718850135803 -0.8672792315483093 0.002184694167226553 
vn 0.4847384989261627 -0.8320382237434387 -0.26970529556274414 
vn 0.49781718850135803 -0.8672792315483093 0.002184694167226553 
vn 0.8329872488975525 -0.4831058979034424 -0.26970529556274414 
vn 0.8672792315483093 -0.49781718850135803 0.002184694167226553 
vn 0.962942898273468 0 -0.26970529556274414 
vn 0.999997615814209 0 0.002184694167226553 
vn 0.8329872488975525 0.4831058979034424 -0.26970529556274414 
vn 0.8672792315483093 0.49781718850135803 0.002184694167226553 
vn 0.4847384989261627 0.8320382237434387 -0.26970529556274414 
vn 0.49781718850135803 0.8672792315483093 0.002184694167226553 
vn 0.0018883723532781005 0.96294105052948 -0.26970529556274414 
vn -1.0341130485562108e-13 0.999997615814209 0.002184694167226553 
vn -0.481471449136734 0.8339329957962036 -0.26970529556274414 
vn -0.49781718850135803 0.8672792315483093 0.002184694167226553 
vn -0.8348755836486816 0.4798351526260376 -0.26970529556274414 
vn -0.8672792315483093 0.49781718850135803 0.002184694167226553 
vn -0.9629355072975159 -0.003776737255975604 -0.26970529556274414 
vn -0.999997615814209 -2.0682260971124217e-13 0.002184694167226553 
vn -0.8348755836486816 -0.4798351526260376 -0.26970529556274414 
vn -0.8672792315483093 -0.49781718850135803 0.002184694167226553 
vn -0.481471449136734 -0.8339329957962036 -0.26970529556274414 
vn -0.49781718850135803 -0.8672792315483093 0.002184694167226553 
vn 0.0018883723532781005 -0.96294105052948 -0.26970529556274414 
vn 3.097898456858039e-13 -0.999997615814209 0.002184694167226553 
vn 0.4847384989261627 -0.8320382237434387 -0.26970529556274414 
vn 0.49781718850135803 -0.8672792315483093 0.002184694167226553 
vn 0.4847384989261627 -0.8320382237434387 -0.26970529556274414 
vn 0.4864805340766907 -0.8375751376152039 -0.24860523641109467 
vn 0.0018883723532781005 -0.96294105052948 -0.26970529556274414 
vn 0.0037753775250166655 -0.9685975313186646 -0.24860523641109467 
vn -0.481471449136734 -0.8339329957962036 -0.26970529556274414 
vn -0.4864805340766907 -0.8375751376152039 -0.24860523641109467 
vn -0.8348755836486816 -0.4798351526260376 -0.26970529556274414 
vn -0.8394649624824524 -0.4832121729850769 -0.24860523641109467 
vn -0.9629355072975159 -0.003776737255975604 -0.26970529556274414 
vn -0.9686048626899719 -2.0032987855383988e-13 -0.24860523641109467 
vn -0.8348755836486816 0.4798351526260376 -0.26970529556274414 
vn -0.8394649624824524 0.4832121729850769 -0.24860523641109467 
vn -0.481471449136734 0.8339329957962036 -0.26970529556274414 
vn -0.4864805340766907 0.8375751376152039 -0.24860523641109467 
vn 0.0018883723532781005 0.96294105052948 -0.26970529556274414 
vn 0.0037753775250166655 0.9685975313186646 -0.24860523641109467 
vn 0.4847384989261627 0.8320382237434387 -0.26970529556274414 
vn 0.4864805340766907 0.8375751376152039 -0.24860523641109467 
vn 0.8329872488975525 0.4831058979034424 -0.26970529556274414 
vn 0.8394649624824524 0.4832121729850769 -0.24860523641109467 
vn 0.962942898273468 0 -0.26970529556274414 
vn 0.9686048626899719 0 -0.24860523641109467 
vn 0.8329872488975525 -0.4831058979034424 -0.26970529556274414 
vn 0.8394649624824524 -0.4832121729850769 -0.24860523641109467 
vn 0.4847384989261627 -0.8320382237434387 -0.26970529556274414 
vn 0.4864805340766907 -0.8375751376152039 -0.24860523641109467 
vn 0.49781718850135803 -0.8672792315483093 0.002184694167226553 
vn 3.097898456858039e-13 -0.999997615814209 0.002184694167226553 
vn -0.49781718850135803 -0.8672792315483093 0.002184694167226553 
vn -0.8672792315483093 -0.49781718850135803 0.002184694167226553 
vn -0.999997615814209 -2.0682260971124217e-13 0.002184694167226553 
vn -0.8672792315483093 0.49781718850135803 0.002184694167226553 
vn -0.49781718850135803 0.8672792315483093 0.002184694167226553 
vn -1.0341130485562108e-13 0.999997615814209 0.002184694167226553 
vn 0.49781718850135803 0.8672792315483093 0.002184694167226553 
vn 0.8672792315483093 0.49781718850135803 0.002184694167226553 
vn 0.999997615814209 0 0.002184694167226553 
vn 0.8672792315483093 -0.49781718850135803 0.002184694167226553 
vn 0.49781718850135803 -0.8672792315483093 0.002184694167226553 
vn -2.0682311115474694e-13 0 -1 
vn -2.0682311115474694e-13 0 -1 
vn -2.0682311115474694e-13 0 -1 
vn -2.0682311115474694e-13 0 -1 
vn -2.0682311115474694e-13 0 -1 
vn -2.0682311115474694e-13 0 -1 
vn -2.0682311115474694e-13 0 -1 
vn -2.0682311115474694e-13 0 -1 
vn -2.0682311115474694e-13 0 -1 
vn -2.0682311115474694e-13 0 -1 
vn -2.0682311115474694e-13 0 -1 
vn -2.0682311115474694e-13 0 -1 
vn -2.0682311115474694e-13 0 -1 
vn -2.0682311115474694e-13 0 -1 
vn -2.0682311115474694e-13 0 -1 
vn -2.0682311115474694e-13 0 -1 
vn -2.0682311115474694e-13 0 -1 
vn -2.0682311115474694e-13 0 -1 
vn -2.0682311115474694e-13 0 -1 
vn -2.0682311115474694e-13 0 -1 
vn -2.0682311115474694e-13 0 -1 
vn -2.0682311115474694e-13 0 -1 
vn -2.0682311115474694e-13 0 -1 
vn -2.0682311115474694e-13 0 -1 
vn 0.4704713821411133 -0.8224256038665771 0.3198012113571167 
vn 0.49781718850135803 -0.8672792315483093 0.002184694167226553 
vn 0.8196009993553162 -0.4753749966621399 0.3198012113571167 
vn 0.8672792315483093 -0.49781718850135803 0.002184694167226553 
vn 0.9474846720695496 0 0.3198012113571167 
vn 0.999997615814209 0 0.002184694167226553 
vn 0.8196009993553162 0.4753749966621399 0.3198012113571167 
vn 0.8672792315483093 0.49781718850135803 0.002184694167226553 
vn 0.4704713821411133 0.8224256038665771 0.3198012113571167 
vn 0.49781718850135803 0.8672792315483093 0.002184694167226553 
vn 0.0018863173900172114 0.9474827647209167 0.3198012113571167 
vn -1.0341130485562108e-13 0.999997615814209 0.002184694167226553 
vn -0.4737423360347748 0.8205457925796509 0.3198012113571167 
vn -0.49781718850135803 0.8672792315483093 0.002184694167226553 
vn -0.821487307548523 0.47210779786109924 0.3198012113571167 
vn -0.8672792315483093 0.49781718850135803 0.002184694167226553 
vn -0.9474771618843079 0.003772627329453826 0.3198012113571167 
vn -0.999997615814209 -2.0682260971124217e-13 0.002184694167226553 
vn -0.821487307548523 -0.47210779786109924 0.3198012113571167 
vn -0.8672792315483093 -0.49781718850135803 0.002184694167226553 
vn -0.4737423360347748 -0.8205457925796509 0.3198012113571167 
vn -0.49781718850135803 -0.8672792315483093 0.002184694167226553 
vn 0.0018863173900172114 -0.9474827647209167 0.3198012113571167 
vn 3.097898456858039e-13 -0.999997615814209 0.002184694167226553 
vn 0.4704713821411133 -0.8224256038665771 0.3198012113571167 
vn 0.49781718850135803 -0.8672792315483093 0.002184694167226553 
vn 0.4847384989261627 -0.8320382237434387 -0.26970529556274414 
vn 0.49781718850135803 -0.8672792315483093 0.002184694167226553 
vn 0.8329872488975525 -0.4831058979034424 -0.26970529556274414 
vn 0.8672792315483093 -0.49781718850135803 0.002184694167226553 
vn 0.962942898273468 0 -0.26970529556274414 
vn 0.999997615814209 0 0.002184694167226553 
vn 0.8329872488975525 0.4831058979034424 -0.26970529556274414 
vn 0.8672792315483093 0.49781718850135803 0.002184694167226553 
vn 0.4847384989261627 0.8320382237434387 -0.26970529556274414 
vn 0.49781718850135803 0.8672792315483093 0.002184694167226553 
vn 0.0018883723532781005 0.96294105052948 -0.26970529556274414 
vn -1.0341130485562108e-13 0.999997615814209 0.002184694167226553 
vn -0.481471449136734 0.8339329957962036 -0.26970529556274414 
vn -0.49781718850135803 0.8672792315483093 0.002184694167226553 
vn -0.8348755836486816 0.4798351526260376 -0.26970529556274414 
vn -0.8672792315483093 0.49781718850135803 0.002184694167226553 
vn -0.9629355072975159 -0.003776737255975604 -0.26970529556274414 
vn -0.999997615814209 -2.0682260971124217e-13 0.002184694167226553 
vn -0.8348755836486816 -0.4798351526260376 -0.26970529556274414 
vn -0.8672792315483093 -0.49781718850135803 0.002184694167226553 
vn -0.481471449136734 -0.8339329957962036 -0.26970529556274414 
vn -0.49781718850135803 -0.8672792315483093 0.002184694167226553 
vn 0.0018883723532781005 -0.96294105052948 -0.26970529556274414 
vn 3.097898456858039e-13 -0.999997615814209 0.002184694167226553 
vn 0.4847384989261627 -0.8320382237434387 -0.26970529556274414 
vn 0.49781718850135803 -0.8672792315483093 0.002184694167226553 
vn 0.4847384989261627 -0.8320382237434387 -0.26970529556274414 
vn 0.49781718850135803 -0.8672792315483093 0.002184694167226553 
vn 0.8329872488975525 -0.4831058979034424 -0.26970529556274414 
vn 0.8672792315483093 -0.49781718850135803 0.002184694167226553 
vn 0.962942898273468 0 -0.26970529556274414 
vn 0.999997615814209 0 0.002184694167226553 
vn 0.8329872488975525 0.4831058979034424 -0.26970529556274414 
vn 0.8672792315483093 0.49781718850135803 0.002184694167226553 
vn 0.4847384989261627 0.8320382237434387 -0.26970529556274414 
vn 0.49781718850135803 0.8672792315483093 0.002184694167226553 
vn 0.0018883723532781005 0.96294105052948 -0.26970529556274414 
vn -1.0341130485562108e-13 0.999997615814209 0.002184694167226553 
vn -0.481471449136734 0.8339329957962036 -0.26970529556274414 
vn -0.49781718850135803 0.8672792315483093 0.002184694167226553 
vn -0.8348755836486816 0.4798351526260376 -0.26970529556274414 
vn -0.8672792315483093 0.49781718850135803 0.002184694167226553 
vn -0.9629355072975159 -0.003776737255975604 -0.26970529556274414 
vn -0.999997615814209 -2.0682260971124217e-13 0.002184694167226553 
vn -0.8348755836486816 -0.4798351526260376 -0.26970529556274414 
vn -0.8672792315483093 -0.49781718850135803 0.002184694167226553 
vn -0.481471449136734 -0.8339329957962036 -0.26970529556274414 
vn -0.49781718850135803 -0.8672792315483093 0.002184694167226553 
vn 0.0018883723532781005 -0.96294105052948 -0.26970529556274414 
vn 3.097898456858039e-13 -0.999997615814209 0.002184694167226553 
vn 0.4847384989261627 -0.8320382237434387 -0.26970529556274414 
vn 0.49781718850135803 -0.8672792315483093 0.002184694167226553 
vn 0 0 1 
vn 0 0 1 
vn 0 0 1 
vn 0 0 1 
vn 0 0 1 
vn 0 0 1 
vn 0 0 1 
vn 0 0 1 
vn 0 0 1 
vn 0 0 1 
vn 0 0 1 
vn 0.2828151285648346 0.02997671626508236 0.9587059020996094 
vn 0.2828151285648346 0.02997671626508236 0.9587059020996094 
vn 0.2828151285648346 0.02997671626508236 0.9587059020996094 
vn 0.2828151285648346 0.02997671626508236 0.9587059020996094 
vn -2.0682311115474694e-13 0 -1 
vn -2.0682311115474694e-13 0 -1 
vn -2.0682311115474694e-13 0 -1 
vn -2.0682311115474694e-13 0 -1 
vn -2.0682311115474694e-13 0 -1 
vn -2.0682311115474694e-13 0 -1 
vn -2.0682311115474694e-13 0 -1 
vn -2.0682311115474694e-13 0 -1 
vn -2.0682311115474694e-13 0 -1 
vn -2.0682311115474694e-13 0 -1 
vn -2.0682311115474694e-13 0 -1 
vn 0.21673583984375 0 0.976230263710022 
vn 0.21673583984375 0 0.976230263710022 
vn 0.21673583984375 0 0.976230263710022 
vn 0.21673583984375 0 0.976230263710022 
vn 0.22814449667930603 -0.3976649045944214 0.888714075088501 
vn 0.32234567403793335 -0.5608326196670532 0.762600839138031 
vn 0.3967258930206299 -0.22977352142333984 0.888714075088501 
vn 0.559890866279602 -0.3239787518978119 0.762600839138031 
vn 0.4584618806838989 0 0.888714075088501 
vn 0.6468693614006042 0 0.762600839138031 
vn 0.3967258930206299 0.22977352142333984 0.888714075088501 
vn 0.559890866279602 0.3239787518978119 0.762600839138031 
vn 0.22814449667930603 0.3976649045944214 0.888714075088501 
vn 0.32234567403793335 0.5608326196670532 0.762600839138031 
vn -0.001880282536149025 0.4584580361843109 0.888714075088501 
vn -0.0018851550994440913 0.6468666195869446 0.762600839138031 
vn -0.23139867186546326 0.39578017592430115 0.888714075088501 
vn -0.325609028339386 0.5589443445205688 0.762600839138031 
vn -0.39859724044799805 0.2265116423368454 0.888714075088501 
vn -0.5617696642875671 0.32070988416671753 0.762600839138031 
vn -0.4584464430809021 -0.003760533407330513 0.888714075088501 
vn -0.6468583941459656 -0.0037702941335737705 0.762600839138031 
vn -0.39859724044799805 -0.2265116423368454 0.888714075088501 
vn -0.5617696642875671 -0.32070988416671753 0.762600839138031 
vn -0.23139867186546326 -0.39578017592430115 0.888714075088501 
vn -0.325609028339386 -0.5589443445205688 0.762600839138031 
vn -0.001880282536149025 -0.4584580361843109 0.888714075088501 
vn -0.0018851550994440913 -0.6468666195869446 0.762600839138031 
vn 0.22814449667930603 -0.3976649045944214 0.888714075088501 
vn 0.32234567403793335 -0.5608326196670532 0.762600839138031 
vn 0.4704713821411133 -0.8224256038665771 0.3198012113571167 
vn 0.8196009993553162 -0.4753749966621399 0.3198012113571167 
vn 0.9474846720695496 0 0.3198012113571167 
vn 0.8196009993553162 0.4753749966621399 0.3198012113571167 
vn 0.4704713821411133 0.8224256038665771 0.3198012113571167 
vn 0.0018863173900172114 0.9474827647209167 0.3198012113571167 
vn -0.4737423360347748 0.8205457925796509 0.3198012113571167 
vn -0.821487307548523 0.47210779786109924 0.3198012113571167 
vn -0.9474771618843079 -0.003772627329453826 0.3198012113571167 
vn -0.821487307548523 -0.47210779786109924 0.3198012113571167 
vn -0.4737423360347748 -0.8205457925796509 0.3198012113571167 
vn 0.0018863173900172114 -0.9474827647209167 0.3198012113571167 
vn 0.4704713821411133 -0.8224256038665771 0.3198012113571167 
vn 0.4704713821411133 -0.8224256038665771 0.3198012113571167 
vn 0.49781718850135803 -0.8672792315483093 0.002184694167226553 
vn 0.8196009993553162 -0.4753749966621399 0.3198012113571167 
vn 0.8672792315483093 -0.49781718850135803 0.002184694167226553 
vn 0.9474846720695496 0 0.3198012113571167 
vn 0.999997615814209 0 0.002184694167226553 
vn 0.8196009993553162 0.4753749966621399 0.3198012113571167 
vn 0.8672792315483093 0.49781718850135803 0.002184694167226553 
vn 0.4704713821411133 0.8224256038665771 0.3198012113571167 
vn 0.49781718850135803 0.8672792315483093 0.002184694167226553 
vn 0.0018863173900172114 0.9474827647209167 0.3198012113571167 
vn -1.0341130485562108e-13 0.999997615814209 0.002184694167226553 
vn -0.4737423360347748 0.8205457925796509 0.3198012113571167 
vn -0.49781718850135803 0.8672792315483093 0.002184694167226553 
vn -0.821487307548523 0.47210779786109924 0.3198012113571167 
vn -0.8672792315483093 0.49781718850135803 0.002184694167226553 
vn -0.9474771618843079 0.003772627329453826 0.3198012113571167 
vn -0.999997615814209 -2.0682260971124217e-13 0.002184694167226553 
vn -0.821487307548523 -0.47210779786109924 0.3198012113571167 
vn -0.8672792315483093 -0.49781718850135803 0.002184694167226553 
vn -0.4737423360347748 -0.8205457925796509 0.3198012113571167 
vn -0.49781718850135803 -0.8672792315483093 0.002184694167226553 
vn 0.0018863173900172114 -0.9474827647209167 0.3198012113571167 
vn 3.097898456858039e-13 -0.999997615814209 0.002184694167226553 
vn 0.4704713821411133 -0.8224256038665771 0.3198012113571167 
vn 0.49781718850135803 -0.8672792315483093 0.002184694167226553 
vn 0.4704713821411133 -0.8224256038665771 0.3198012113571167 
vn 0.32234567403793335 -0.5608326196670532 0.762600839138031 
vn 0.0018863173900172114 -0.9474827647209167 0.3198012113571167 
vn -0.0018851550994440913 -0.6468666195869446 0.762600839138031 
vn -0.4737423360347748 -0.8205457925796509 0.3198012113571167 
vn -0.325609028339386 -0.5589443445205688 0.762600839138031 
vn -0.821487307548523 -0.47210779786109924 0.3198012113571167 
vn -0.5617696642875671 -0.32070988416671753 0.762600839138031 
vn -0.9474771618843079 0.003772627329453826 0.3198012113571167 
vn -0.6468583941459656 0.0037702941335737705 0.762600839138031 
vn -0.821487307548523 0.47210779786109924 0.3198012113571167 
vn -0.5617696642875671 0.32070988416671753 0.762600839138031 
vn -0.4737423360347748 0.8205457925796509 0.3198012113571167 
vn -0.325609028339386 0.5589443445205688 0.762600839138031 
vn 0.0018863173900172114 0.9474827647209167 0.3198012113571167 
vn -0.0018851550994440913 0.6468666195869446 0.762600839138031 
vn 0.4704713821411133 0.8224256038665771 0.3198012113571167 
vn 0.32234567403793335 0.5608326196670532 0.762600839138031 
vn 0.8196009993553162 0.4753749966621399 0.3198012113571167 
vn 0.559890866279602 0.3239787518978119 0.762600839138031 
vn 0.9474846720695496 0 0.3198012113571167 
vn 0.6468693614006042 0 0.762600839138031 
vn 0.8196009993553162 -0.4753749966621399 0.3198012113571167 
vn 0.559890866279602 -0.3239787518978119 0.762600839138031 
vn 0.4704713821411133 -0.8224256038665771 0.3198012113571167 
vn 0.32234567403793335 -0.5608326196670532 0.762600839138031 
vn 0.22814449667930603 -0.3976649045944214 0.888714075088501 
vn -0.001880282536149025 -0.4584580361843109 0.888714075088501 
vn -0.23139867186546326 -0.39578017592430115 0.888714075088501 
vn -0.39859724044799805 -0.2265116423368454 0.888714075088501 
vn -0.4584464430809021 0.003760533407330513 0.888714075088501 
vn -0.39859724044799805 0.2265116423368454 0.888714075088501 
vn -0.23139867186546326 0.39578017592430115 0.888714075088501 
vn -0.001880282536149025 0.4584580361843109 0.888714075088501 
vn 0.22814449667930603 0.3976649045944214 0.888714075088501 
vn 0.3967258930206299 0.22977352142333984 0.888714075088501 
vn 0.4584618806838989 0 0.888714075088501 
vn 0.3967258930206299 -0.22977352142333984 0.888714075088501 
vn 0.22814449667930603 -0.3976649045944214 0.888714075088501 
vn 0.4847384989261627 -0.8320382237434387 -0.26970529556274414 
vn 0.4864805340766907 -0.8375751376152039 -0.24860523641109467 
vn 0.0018883723532781005 -0.96294105052948 -0.26970529556274414 
vn 0.0037753775250166655 -0.9685975313186646 -0.24860523641109467 
vn -0.481471449136734 -0.8339329957962036 -0.26970529556274414 
vn -0.4864805340766907 -0.8375751376152039 -0.24860523641109467 
vn -0.8348755836486816 -0.4798351526260376 -0.26970529556274414 
vn -0.8394649624824524 -0.4832121729850769 -0.24860523641109467 
vn -0.9629355072975159 -0.003776737255975604 -0.26970529556274414 
vn -0.9686048626899719 -2.0032987855383988e-13 -0.24860523641109467 
vn -0.8348755836486816 0.4798351526260376 -0.26970529556274414 
vn -0.8394649624824524 0.4832121729850769 -0.24860523641109467 
vn -0.481471449136734 0.8339329957962036 -0.26970529556274414 
vn -0.4864805340766907 0.8375751376152039 -0.24860523641109467 
vn 0.0018883723532781005 0.96294105052948 -0.26970529556274414 
vn 0.0037753775250166655 0.9685975313186646 -0.24860523641109467 
vn 0.4847384989261627 0.8320382237434387 -0.26970529556274414 
vn 0.4864805340766907 0.8375751376152039 -0.24860523641109467 
vn 0.8329872488975525 0.4831058979034424 -0.26970529556274414 
vn 0.8394649624824524 0.4832121729850769 -0.24860523641109467 
vn 0.962942898273468 0 -0.26970529556274414 
vn 0.9686048626899719 0 -0.24860523641109467 
vn 0.8329872488975525 -0.4831058979034424 -0.26970529556274414 
vn 0.8394649624824524 -0.4832121729850769 -0.24860523641109467 
vn 0.4847384989261627 -0.8320382237434387 -0.26970529556274414 
vn 0.4864805340766907 -0.8375751376152039 -0.24860523641109467 
vn 0.49781718850135803 -0.8672792315483093 0.002184694167226553 
vn 3.097898456858039e-13 -0.999997615814209 0.002184694167226553 
vn -0.49781718850135803 -0.8672792315483093 0.002184694167226553 
vn -0.8672792315483093 -0.49781718850135803 0.002184694167226553 
vn -0.999997615814209 -2.0682260971124217e-13 0.002184694167226553 
vn -0.8672792315483093 0.49781718850135803 0.002184694167226553 
vn -0.49781718850135803 0.8672792315483093 0.002184694167226553 
vn -1.0341130485562108e-13 0.999997615814209 0.002184694167226553 
vn 0.49781718850135803 0.8672792315483093 0.002184694167226553 
vn 0.8672792315483093 0.49781718850135803 0.002184694167226553 
vn 0.999997615814209 0 0.002184694167226553 
vn 0.8672792315483093 -0.49781718850135803 0.002184694167226553 
vn 0.49781718850135803 -0.8672792315483093 0.002184694167226553 
vn 0.21673583984375 0 0.976230263710022 
vn 0.21673583984375 0 0.976230263710022 
vn 0.21673583984375 0 0.976230263710022 
vn 0.21673583984375 0 0.976230263710022 
vn 0.19107110798358917 0 0.9815762042999268 
vn 0.19107110798358917 0 0.9815762042999268 
vn 0.19107110798358917 0 0.9815762042999268 
vn 0.19107110798358917 0 0.9815762042999268 
vn 0 0 1 
vn 0 0 1 
vn 0 0 1 
vn 0 0 1 
vn 0.017673155292868614 -0.012840298935770988 0.9997613430023193 
vn 0.017673155292868614 -0.012840298935770988 0.9997613430023193 
vn 0.017673155292868614 -0.012840298935770988 0.9997613430023193 
vn 0.017673155292868614 -0.012840298935770988 0.9997613430023193 
vn 0.048044804483652115 0 0.9988451600074768 
vn 0.048044804483652115 0 0.9988451600074768 
vn 0.048044804483652115 0 0.9988451600074768 
vn 0.048044804483652115 0 0.9988451600074768 
vn -2.0682311115474694e-13 0 -1 
vn -2.0682311115474694e-13 0 -1 
vn -2.0682311115474694e-13 0 -1 
vn -2.0682311115474694e-13 0 -1 
vn -2.0682311115474694e-13 0 -1 
vn -2.0682311115474694e-13 0 -1 
vn -2.0682311115474694e-13 0 -1 
vn -2.0682311115474694e-13 0 -1 
vn -2.0682311115474694e-13 0 -1 
vn -2.0682311115474694e-13 0 -1 
vn -2.0682311115474694e-13 0 -1 
vn -2.0682311115474694e-13 0 -1 
vn 0 0 1 
vn 0 0 1 
vn 0 0 1 
vn 0 0 1 
vn 0 0 1 
vn 0 0 1 
vn 0 0 1 
vn 0 0 1 
vn 0 0 1 
vn 0 0 1 
vn 0 0 1 
vn 0 0 1 
vn 0.4704713821411133 -0.8224256038665771 0.3198012113571167 
vn 0.32234567403793335 -0.5608326196670532 0.762600839138031 
vn 0.0018863173900172114 -0.9474827647209167 0.3198012113571167 
vn -0.0018851550994440913 -0.6468666195869446 0.762600839138031 
vn -0.4737423360347748 -0.8205457925796509 0.3198012113571167 
vn -0.325609028339386 -0.5589443445205688 0.762600839138031 
vn -0.821487307548523 -0.47210779786109924 0.3198012113571167 
vn -0.5617696642875671 -0.32070988416671753 0.762600839138031 
vn -0.9474771618843079 -0.003772627329453826 0.3198012113571167 
vn -0.6468583941459656 -0.0037702941335737705 0.762600839138031 
vn -0.821487307548523 0.47210779786109924 0.3198012113571167 
vn -0.5617696642875671 0.32070988416671753 0.762600839138031 
vn -0.4737423360347748 0.8205457925796509 0.3198012113571167 
vn -0.325609028339386 0.5589443445205688 0.762600839138031 
vn 0.0018863173900172114 0.9474827647209167 0.3198012113571167 
vn -0.0018851550994440913 0.6468666195869446 0.762600839138031 
vn 0.4704713821411133 0.8224256038665771 0.3198012113571167 
vn 0.32234567403793335 0.5608326196670532 0.762600839138031 
vn 0.8196009993553162 0.4753749966621399 0.3198012113571167 
vn 0.559890866279602 0.3239787518978119 0.762600839138031 
vn 0.9474846720695496 0 0.3198012113571167 
vn 0.6468693614006042 0 0.762600839138031 
vn 0.8196009993553162 -0.4753749966621399 0.3198012113571167 
vn 0.559890866279602 -0.3239787518978119 0.762600839138031 
vn 0.4704713821411133 -0.8224256038665771 0.3198012113571167 
vn 0.32234567403793335 -0.5608326196670532 0.762600839138031 
vn 0.22814449667930603 -0.3976649045944214 0.888714075088501 
vn -0.001880282536149025 -0.4584580361843109 0.888714075088501 
vn -0.23139867186546326 -0.39578017592430115 0.888714075088501 
vn -0.39859724044799805 -0.2265116423368454 0.888714075088501 
vn -0.4584464430809021 -0.003760533407330513 0.888714075088501 
vn -0.39859724044799805 0.2265116423368454 0.888714075088501 
vn -0.23139867186546326 0.39578017592430115 0.888714075088501 
vn -0.001880282536149025 0.4584580361843109 0.888714075088501 
vn 0.22814449667930603 0.3976649045944214 0.888714075088501 
vn 0.3967258930206299 0.22977352142333984 0.888714075088501 
vn 0.4584618806838989 0 0.888714075088501 
vn 0.3967258930206299 -0.22977352142333984 0.888714075088501 
vn 0.22814449667930603 -0.3976649045944214 0.888714075088501 
vn -0.0035349009558558464 0.002568255877122283 0.9999904632568359 
vn -0.0035349009558558464 0.002568255877122283 0.9999904632568359 
vn -0.0035349009558558464 0.002568255877122283 0.9999904632568359 
vn -0.0035349009558558464 0.002568255877122283 0.9999904632568359 
vn 0.06985333561897278 0 0.9975572824478149 
vn 0.06985333561897278 0 0.9975572824478149 
vn 0.06985333561897278 0 0.9975572824478149 
vn 0.06985333561897278 0 0.9975572824478149 
vn 0.13483227789402008 -0.007438904605805874 0.990840494632721 
vn 0.13483227789402008 -0.007438904605805874 0.990840494632721 
vn 0.13483227789402008 -0.007438904605805874 0.990840494632721 
vn 0.13483227789402008 -0.007438904605805874 0.990840494632721 
vn 0.045759785920381546 -0.07431861013174057 0.9961841106414795 
vn 0.045759785920381546 -0.07431861013174057 0.9961841106414795 
vn 0.045759785920381546 -0.07431861013174057 0.9961841106414795 
vn 0.045759785920381546 -0.07431861013174057 0.9961841106414795 
vn 0 0 1 
vn 0 0 1 
vn 0 0 1 
vn 0 0 1 
vn 0 0 1 
vn 0 0 1 
vn 0 0 1 
vn 0 0 1 
vn 0 0 1 
vn 0 0 1 
vn 0 0 1 
vn 0.09482593089342117 0.014830504544079304 0.9953833818435669 
vn 0.09482593089342117 0.014830504544079304 0.9953833818435669 
vn 0.09482593089342117 0.014830504544079304 0.9953833818435669 
vn 0.09482593089342117 0.014830504544079304 0.9953833818435669 
vn 0.2828151285648346 0.02997671626508236 0.9587059020996094 
vn 0.2828151285648346 0.02997671626508236 0.9587059020996094 
vn 0.2828151285648346 0.02997671626508236 0.9587059020996094 
vn 0.2828151285648346 0.02997671626508236 0.9587059020996094 
vn 0.1843922883272171 0.029772482812404633 0.9824016690254211 
vn 0.1843922883272171 0.029772482812404633 0.9824016690254211 
vn 0.1843922883272171 0.029772482812404633 0.9824016690254211 
vn 0.1843922883272171 0.029772482812404633 0.9824016690254211 
vn 0 0 1 
vn 0.10519159585237503 0.1696804314851761 0.97986900806427 
vn 0.10519159585237503 0.1696804314851761 0.97986900806427 
vn 0.10519159585237503 0.1696804314851761 0.97986900806427 
vn -0.05189759284257889 0.07017017900943756 0.9961841106414795 
vn -0.05189759284257889 0.07017017900943756 0.9961841106414795 
vn -0.05189759284257889 0.07017017900943756 0.9961841106414795 
vn 0.3267214596271515 0.2002151608467102 0.9236704111099243 
vn 0.3267214596271515 0.2002151608467102 0.9236704111099243 
vn 0.3267214596271515 0.2002151608467102 0.9236704111099243 
vn 0 0 1 
vn 0 0 1 
vn 0 0 1 
vn 0 0 1 
vn 0 0 1 
vn 0 0 1 
vn 0 0 1 
vn 0 0 1 
vn 0 0 1 
vn 0 0 1 
vn 0 0 1 
vn 0 0 1 
vn 0 0 1 
vn 0 0 1 
vn 0 0 1 
vn -2.0682311115474694e-13 0 -1 
vn -2.0682311115474694e-13 0 -1 
vn -2.0682311115474694e-13 0 -1 
vn -2.0682311115474694e-13 0 -1 
vn -2.0682311115474694e-13 0 -1 
vn -2.0682311115474694e-13 0 -1 
vn -2.0682311115474694e-13 0 -1 
vn -2.0682311115474694e-13 0 -1 
vn -2.0682311115474694e-13 0 -1 
vn -2.0682311115474694e-13 0 -1 
vn -2.0682311115474694e-13 0 -1 
vn -2.0682311115474694e-13 0 -1 
vt 0.6592493057250977 0.5294535160064697 
vt 0.6390526294708252 0.5294535160064697 
vt 0.6592493057250977 0.0005000000237487257 
vt 0.6390526294708252 0.0005000000237487257 
vt 0.07971438765525818 0.0005000000237487257 
vt 0.10003197193145752 0.0005000000237487257 
vt 0.07971438765525818 0.7056900858879089 
vt 0.10003197193145752 0.7056900858879089 
vt 0.6840415596961975 0.9847413897514343 
vt 0.6109949946403503 0.9847413897514343 
vt 0.6917815804481506 0.9232720732688904 
vt 0.6109949946403503 0.9232720732688904 
vt 0.9644967913627625 0.14392848312854767 
vt 0.9638921022415161 0.14441634714603424 
vt 0.9636502265930176 0.1429527848958969 
vt 0.9631664752960205 0.1434406340122223 
vt 0.9628036618232727 0.14197708666324615 
vt 0.9623199105262756 0.14258690178394318 
vt 0.9617152214050293 0.1412453055381775 
vt 0.9613524079322815 0.1418551206588745 
vt 0.9605058431625366 0.1407574564218521 
vt 0.9601430296897888 0.14136727154254913 
vt 0.9591755270957947 0.14039155840873718 
vt 0.9590545892715454 0.14112333953380585 
vt 0.9578452110290527 0.14026959240436554 
vt 0.9578452110290527 0.1410013735294342 
vt 0.9566358327865601 0.14039155840873718 
vt 0.9567567706108093 0.14112333953380585 
vt 0.9553055167198181 0.1407574564218521 
vt 0.9555473923683167 0.14136727154254913 
vt 0.9540961384773254 0.1412453055381775 
vt 0.9544589519500732 0.1418551206588745 
vt 0.953007698059082 0.14197708666324615 
vt 0.9534914493560791 0.14246493577957153 
vt 0.9521611332893372 0.1429527848958969 
vt 0.9526448845863342 0.1434406340122223 
vt 0.9513145685195923 0.14392848312854767 
vt 0.9517983198165894 0.1442943811416626 
vt 0.9630455374717712 0.14490419626235962 
vt 0.9624408483505249 0.1440504491329193 
vt 0.9617152214050293 0.1434406340122223 
vt 0.9607477188110352 0.14283081889152527 
vt 0.9599011540412903 0.1423429697751999 
vt 0.9589336514472961 0.1420990377664566 
vt 0.9578452110290527 0.1420990377664566 
vt 0.9568777084350586 0.1420990377664566 
vt 0.9559102058410645 0.1423429697751999 
vt 0.9549427032470703 0.14283081889152527 
vt 0.9540961384773254 0.1434406340122223 
vt 0.9532495737075806 0.1440504491329193 
vt 0.9526448845863342 0.14478223025798798 
vt 0.9559102058410645 0.502133846282959 
vt 0.9553055167198181 0.5032314658164978 
vt 0.9559102058410645 0.5009142160415649 
vt 0.9553055167198181 0.49981650710105896 
vt 0.9542170763015747 0.4992067217826843 
vt 0.9528867602348328 0.4992067217826843 
vt 0.9519192576408386 0.49981650710105896 
vt 0.9513145685195923 0.5009142160415649 
vt 0.9513145685195923 0.5022557973861694 
vt 0.9519192576408386 0.5032314658164978 
vt 0.953007698059082 0.5038412809371948 
vt 0.954338014125824 0.5038412809371948 
vt 0.1562681496143341 0.946932852268219 
vt 0.15735659003257751 0.9470548629760742 
vt 0.1559053361415863 0.9477866291999817 
vt 0.15675190091133118 0.9483964443206787 
vt 0.15505877137184143 0.9483964443206787 
vt 0.1555425226688385 0.9492501616477966 
vt 0.1540912538766861 0.9486403465270996 
vt 0.15421219170093536 0.9497380256652832 
vt 0.15312375128269196 0.9486403465270996 
vt 0.15276093780994415 0.9494941234588623 
vt 0.15227718651294708 0.9480305314064026 
vt 0.15155155956745148 0.9487622976303101 
vt 0.15167249739170074 0.9471768140792847 
vt 0.15082593262195587 0.947542667388916 
vt 0.15155155956745148 0.9462010860443115 
vt 0.15046311914920807 0.9462010860443115 
vt 0.15167249739170074 0.9453473687171936 
vt 0.15082593262195587 0.944859504699707 
vt 0.15227718651294708 0.9443716406822205 
vt 0.15155155956745148 0.943639874458313 
vt 0.15312375128269196 0.9438837766647339 
vt 0.15276093780994415 0.9429081082344055 
vt 0.1540912538766861 0.9437618255615234 
vt 0.15421219170093536 0.9427861571311951 
vt 0.15505877137184143 0.9441277384757996 
vt 0.1555425226688385 0.9431520104408264 
vt 0.15808221697807312 0.9474207162857056 
vt 0.15735659003257751 0.9488843083381653 
vt 0.15602627396583557 0.9499819278717041 
vt 0.15433312952518463 0.9504697918891907 
vt 0.15251906216144562 0.9503478407859802 
vt 0.15094687044620514 0.9493721127510071 
vt 0.149979367852211 0.9480305314064026 
vt 0.1496165543794632 0.9462010860443115 
vt 0.149979367852211 0.9444935917854309 
vt 0.15094687044620514 0.9431520104408264 
vt 0.15251906216144562 0.942176342010498 
vt 0.15433312952518463 0.9419323801994324 
vt 0.1559053361415863 0.942420244216919 
vt 0.8654485940933228 0.7341074347496033 
vt 0.8067936301231384 0.7341074347496033 
vt 0.9651014804840088 0.6726381182670593 
vt 0.9651014804840088 0.5177450776100159 
vt 0.9513145685195923 0.15929582715034485 
vt 0.9513145685195923 0.15429534018039703 
vt 0.9521611332893372 0.15929582715034485 
vt 0.9521611332893372 0.15429534018039703 
vt 0.9532495737075806 0.15929582715034485 
vt 0.9532495737075806 0.15429534018039703 
vt 0.9542170763015747 0.15929582715034485 
vt 0.9542170763015747 0.15429534018039703 
vt 0.9551845788955688 0.15929582715034485 
vt 0.9551845788955688 0.15429534018039703 
vt 0.956152081489563 0.15929582715034485 
vt 0.956152081489563 0.15429534018039703 
vt 0.9571195840835571 0.15929582715034485 
vt 0.9571195840835571 0.15429534018039703 
vt 0.9580870866775513 0.15929582715034485 
vt 0.9580870866775513 0.15429534018039703 
vt 0.9590545892715454 0.15929582715034485 
vt 0.9590545892715454 0.15429534018039703 
vt 0.9601430296897888 0.15929582715034485 
vt 0.9601430296897888 0.15429534018039703 
vt 0.961110532283783 0.15929582715034485 
vt 0.961110532283783 0.15429534018039703 
vt 0.9619570970535278 0.15929582715034485 
vt 0.9619570970535278 0.15429534018039703 
vt 0.9630455374717712 0.15929582715034485 
vt 0.9630455374717712 0.15429534018039703 
vt 0.8719792366027832 0.885707437992096 
vt 0.8719792366027832 0.7369126081466675 
vt 0.9649805426597595 0.885707437992096 
vt 0.9649805426597595 0.7916739583015442 
vt 0.9911031723022461 0.021233709529042244 
vt 0.9885634779930115 0.021233709529042244 
vt 0.9911031723022461 0.019526228308677673 
vt 0.9885634779930115 0.019526228308677673 
vt 0.9911031723022461 0.01769678294658661 
vt 0.9885634779930115 0.01769678294658661 
vt 0.9911031723022461 0.01598930172622204 
vt 0.9885634779930115 0.01598930172622204 
vt 0.9911031723022461 0.014281818643212318 
vt 0.9885634779930115 0.014281818643212318 
vt 0.9911031723022461 0.012574337422847748 
vt 0.9885634779930115 0.012574337422847748 
vt 0.9911031723022461 0.010744892060756683 
vt 0.9885634779930115 0.010744892060756683 
vt 0.9911031723022461 0.009159373119473457 
vt 0.9885634779930115 0.009159373119473457 
vt 0.9911031723022461 0.007451890967786312 
vt 0.9885634779930115 0.007451890967786312 
vt 0.9911031723022461 0.005744408816099167 
vt 0.9885634779930115 0.005744408816099167 
vt 0.9911031723022461 0.00391496391966939 
vt 0.9885634779930115 0.00391496391966939 
vt 0.9911031723022461 0.002207482000812888 
vt 0.9885634779930115 0.002207482000812888 
vt 0.9911031723022461 0.0005000000237487257 
vt 0.9885634779930115 0.0005000000237487257 
vt 0.1559053361415863 0.942420244216919 
vt 0.1555425226688385 0.9431520104408264 
vt 0.15433312952518463 0.9419323801994324 
vt 0.15421219170093536 0.9427861571311951 
vt 0.15251906216144562 0.942176342010498 
vt 0.15276093780994415 0.9429081082344055 
vt 0.15094687044620514 0.9431520104408264 
vt 0.15155155956745148 0.943639874458313 
vt 0.149979367852211 0.9444935917854309 
vt 0.15082593262195587 0.944859504699707 
vt 0.1496165543794632 0.9462010860443115 
vt 0.15046311914920807 0.9462010860443115 
vt 0.149979367852211 0.9480305314064026 
vt 0.15082593262195587 0.947542667388916 
vt 0.15094687044620514 0.9493721127510071 
vt 0.15155155956745148 0.9487622976303101 
vt 0.15251906216144562 0.9503478407859802 
vt 0.15276093780994415 0.9494941234588623 
vt 0.15433312952518463 0.9504697918891907 
vt 0.15421219170093536 0.9497380256652832 
vt 0.15602627396583557 0.9499819278717041 
vt 0.1555425226688385 0.9492501616477966 
vt 0.15735659003257751 0.9488843083381653 
vt 0.15675190091133118 0.9483964443206787 
vt 0.15808221697807312 0.9474207162857056 
vt 0.15735659003257751 0.9470548629760742 
vt 0.15505877137184143 0.9441277384757996 
vt 0.1540912538766861 0.9437618255615234 
vt 0.15312375128269196 0.9438837766647339 
vt 0.15227718651294708 0.9443716406822205 
vt 0.15167249739170074 0.9453473687171936 
vt 0.15155155956745148 0.9462010860443115 
vt 0.15167249739170074 0.9471768140792847 
vt 0.15227718651294708 0.9480305314064026 
vt 0.15312375128269196 0.9486403465270996 
vt 0.1540912538766861 0.9486403465270996 
vt 0.15505877137184143 0.9483964443206787 
vt 0.1559053361415863 0.9477866291999817 
vt 0.1562681496143341 0.946932852268219 
vt 0.0005000000237487257 0.005256556905806065 
vt 0.020817583426833153 0.005256556905806065 
vt 0.0005000000237487257 0.7104465961456299 
vt 0.020817583426833153 0.7104465961456299 
vt 0.9526448845863342 0.14478223025798798 
vt 0.9517983198165894 0.1442943811416626 
vt 0.9532495737075806 0.1440504491329193 
vt 0.9526448845863342 0.1434406340122223 
vt 0.9540961384773254 0.1434406340122223 
vt 0.9534914493560791 0.14246493577957153 
vt 0.9549427032470703 0.14283081889152527 
vt 0.9544589519500732 0.1418551206588745 
vt 0.9559102058410645 0.1423429697751999 
vt 0.9555473923683167 0.14136727154254913 
vt 0.9568777084350586 0.1420990377664566 
vt 0.9567567706108093 0.14112333953380585 
vt 0.9578452110290527 0.1420990377664566 
vt 0.9578452110290527 0.1410013735294342 
vt 0.9589336514472961 0.1420990377664566 
vt 0.9590545892715454 0.14112333953380585 
vt 0.9599011540412903 0.1423429697751999 
vt 0.9601430296897888 0.14136727154254913 
vt 0.9607477188110352 0.14283081889152527 
vt 0.9613524079322815 0.1418551206588745 
vt 0.9617152214050293 0.1434406340122223 
vt 0.9623199105262756 0.14258690178394318 
vt 0.9624408483505249 0.1440504491329193 
vt 0.9631664752960205 0.1434406340122223 
vt 0.9630455374717712 0.14490419626235962 
vt 0.9638921022415161 0.14441634714603424 
vt 0.9513145685195923 0.14392848312854767 
vt 0.9521611332893372 0.1429527848958969 
vt 0.953007698059082 0.14197708666324615 
vt 0.9540961384773254 0.1412453055381775 
vt 0.9553055167198181 0.1407574564218521 
vt 0.9566358327865601 0.14039155840873718 
vt 0.9578452110290527 0.14026959240436554 
vt 0.9591755270957947 0.14039155840873718 
vt 0.9605058431625366 0.1407574564218521 
vt 0.9617152214050293 0.1412453055381775 
vt 0.9628036618232727 0.14197708666324615 
vt 0.9636502265930176 0.1429527848958969 
vt 0.9644967913627625 0.14392848312854767 
vt 0.8408981561660767 0.0005000000237487257 
vt 0.8408981561660767 0.15953975915908813 
vt 0.7321748733520508 0.0005000000237487257 
vt 0.7321748733520508 0.15953975915908813 
vt 0.954338014125824 0.5038412809371948 
vt 0.953007698059082 0.5038412809371948 
vt 0.9553055167198181 0.5032314658164978 
vt 0.9519192576408386 0.5032314658164978 
vt 0.9513145685195923 0.5022557973861694 
vt 0.9513145685195923 0.5009142160415649 
vt 0.9519192576408386 0.49981650710105896 
vt 0.9528867602348328 0.4992067217826843 
vt 0.9542170763015747 0.4992067217826843 
vt 0.9553055167198181 0.49981650710105896 
vt 0.9559102058410645 0.5009142160415649 
vt 0.8654485940933228 0.7341074347496033 
vt 0.9651014804840088 0.6726381182670593 
vt 0.9076559543609619 0.7341074347496033 
vt 0.9651014804840088 0.6997138857841492 
vt 0.9649805426597595 0.7916739583015442 
vt 0.8719792366027832 0.7369126081466675 
vt 0.9649805426597595 0.7648420929908752 
vt 0.9268850684165955 0.7369126081466675 
vt 0.9568777084350586 0.3322393596172333 
vt 0.9554264545440674 0.33321505784988403 
vt 0.9577242732048035 0.33077579736709595 
vt 0.9577242732048035 0.3290683329105377 
vt 0.9567567706108093 0.3276047706604004 
vt 0.9553055167198181 0.3267510235309601 
vt 0.9536123871803284 0.3267510235309601 
vt 0.9521611332893372 0.32772672176361084 
vt 0.9513145685195923 0.32919028401374817 
vt 0.9513145685195923 0.3308977782726288 
vt 0.9521611332893372 0.3323613107204437 
vt 0.9537333250045776 0.33321505784988403 
vt 0.7089548110961914 0.0005000000237487257 
vt 0.7291514277458191 0.0005000000237487257 
vt 0.7089548110961914 0.48164403438568115 
vt 0.7291514277458191 0.48164403438568115 
vt 0.0012256279587745667 0.8315559029579163 
vt 0.03387888893485069 0.8315559029579163 
vt 0.0013465660158544779 0.9401029348373413 
vt 0.030976375564932823 0.9401029348373413 
vt 0.9513145685195923 0.15929582715034485 
vt 0.9513145685195923 0.15429534018039703 
vt 0.9521611332893372 0.15929582715034485 
vt 0.9521611332893372 0.15429534018039703 
vt 0.9532495737075806 0.15929582715034485 
vt 0.9532495737075806 0.15429534018039703 
vt 0.9542170763015747 0.15929582715034485 
vt 0.9542170763015747 0.15429534018039703 
vt 0.9551845788955688 0.15929582715034485 
vt 0.9551845788955688 0.15429534018039703 
vt 0.956152081489563 0.15929582715034485 
vt 0.956152081489563 0.15429534018039703 
vt 0.9571195840835571 0.15929582715034485 
vt 0.9571195840835571 0.15429534018039703 
vt 0.9580870866775513 0.15929582715034485 
vt 0.9580870866775513 0.15429534018039703 
vt 0.9590545892715454 0.15929582715034485 
vt 0.9590545892715454 0.15429534018039703 
vt 0.9601430296897888 0.15929582715034485 
vt 0.9601430296897888 0.15429534018039703 
vt 0.961110532283783 0.15929582715034485 
vt 0.961110532283783 0.15429534018039703 
vt 0.9619570970535278 0.15929582715034485 
vt 0.9619570970535278 0.15429534018039703 
vt 0.9630455374717712 0.15929582715034485 
vt 0.9630455374717712 0.15429534018039703 
vt 0.9911031723022461 0.021233709529042244 
vt 0.9885634779930115 0.021233709529042244 
vt 0.9911031723022461 0.019526228308677673 
vt 0.9885634779930115 0.019526228308677673 
vt 0.9911031723022461 0.01769678294658661 
vt 0.9885634779930115 0.01769678294658661 
vt 0.9911031723022461 0.01598930172622204 
vt 0.9885634779930115 0.01598930172622204 
vt 0.9911031723022461 0.014281818643212318 
vt 0.9885634779930115 0.014281818643212318 
vt 0.9911031723022461 0.012574337422847748 
vt 0.9885634779930115 0.012574337422847748 
vt 0.9911031723022461 0.010744892060756683 
vt 0.9885634779930115 0.010744892060756683 
vt 0.9911031723022461 0.009159373119473457 
vt 0.9885634779930115 0.009159373119473457 
vt 0.9911031723022461 0.007451890967786312 
vt 0.9885634779930115 0.007451890967786312 
vt 0.9911031723022461 0.005744408816099167 
vt 0.9885634779930115 0.005744408816099167 
vt 0.9911031723022461 0.00391496391966939 
vt 0.9885634779930115 0.00391496391966939 
vt 0.9911031723022461 0.002207482000812888 
vt 0.9885634779930115 0.002207482000812888 
vt 0.9911031723022461 0.0005000000237487257 
vt 0.9885634779930115 0.0005000000237487257 
vt 0.9526448845863342 0.14478223025798798 
vt 0.9517983198165894 0.1442943811416626 
vt 0.9532495737075806 0.1440504491329193 
vt 0.9526448845863342 0.1434406340122223 
vt 0.9540961384773254 0.1434406340122223 
vt 0.9534914493560791 0.14246493577957153 
vt 0.9549427032470703 0.14283081889152527 
vt 0.9544589519500732 0.1418551206588745 
vt 0.9559102058410645 0.1423429697751999 
vt 0.9555473923683167 0.14136727154254913 
vt 0.9568777084350586 0.1420990377664566 
vt 0.9567567706108093 0.14112333953380585 
vt 0.9578452110290527 0.1420990377664566 
vt 0.9578452110290527 0.1410013735294342 
vt 0.9589336514472961 0.1420990377664566 
vt 0.9590545892715454 0.14112333953380585 
vt 0.9599011540412903 0.1423429697751999 
vt 0.9601430296897888 0.14136727154254913 
vt 0.9607477188110352 0.14283081889152527 
vt 0.9613524079322815 0.1418551206588745 
vt 0.9617152214050293 0.1434406340122223 
vt 0.9623199105262756 0.14258690178394318 
vt 0.9624408483505249 0.1440504491329193 
vt 0.9631664752960205 0.1434406340122223 
vt 0.9630455374717712 0.14490419626235962 
vt 0.9638921022415161 0.14441634714603424 
vt 0.9513145685195923 0.14392848312854767 
vt 0.9521611332893372 0.1429527848958969 
vt 0.953007698059082 0.14197708666324615 
vt 0.9540961384773254 0.1412453055381775 
vt 0.9553055167198181 0.1407574564218521 
vt 0.9566358327865601 0.14039155840873718 
vt 0.9578452110290527 0.14026959240436554 
vt 0.9591755270957947 0.14039155840873718 
vt 0.9605058431625366 0.1407574564218521 
vt 0.9617152214050293 0.1412453055381775 
vt 0.9628036618232727 0.14197708666324615 
vt 0.9636502265930176 0.1429527848958969 
vt 0.9644967913627625 0.14392848312854767 
vt 0.1030554249882698 0.0005000000237487257 
vt 0.5888633728027344 0.0005000000237487257 
vt 0.1030554249882698 0.6643446087837219 
vt 0.5888633728027344 0.6643446087837219 
vt 0.954338014125824 0.5038412809371948 
vt 0.953007698059082 0.5038412809371948 
vt 0.9553055167198181 0.5032314658164978 
vt 0.9519192576408386 0.5032314658164978 
vt 0.9513145685195923 0.5022557973861694 
vt 0.9513145685195923 0.5009142160415649 
vt 0.9519192576408386 0.49981650710105896 
vt 0.9528867602348328 0.4992067217826843 
vt 0.9542170763015747 0.4992067217826843 
vt 0.9553055167198181 0.49981650710105896 
vt 0.9559102058410645 0.5009142160415649 
vt 0.03387888893485069 0.8315559029579163 
vt 0.0012256279587745667 0.8315559029579163 
vt 0.04270736128091812 0.7774043083190918 
vt 0.000983751961030066 0.7772823572158813 
vt 0.9537333250045776 0.33321505784988403 
vt 0.9521611332893372 0.3323613107204437 
vt 0.9554264545440674 0.33321505784988403 
vt 0.9513145685195923 0.3308977782726288 
vt 0.9513145685195923 0.32919028401374817 
vt 0.9521611332893372 0.32772672176361084 
vt 0.9536123871803284 0.3267510235309601 
vt 0.9553055167198181 0.3267510235309601 
vt 0.9567567706108093 0.3276047706604004 
vt 0.9577242732048035 0.3290683329105377 
vt 0.9577242732048035 0.33077579736709595 
vt 0.0008628140203654766 0.7500845789909363 
vt 0.04669831693172455 0.7502065896987915 
vt 0.000983751961030066 0.7772823572158813 
vt 0.04270736128091812 0.7774043083190918 
vt 0.9911031723022461 0.021233709529042244 
vt 0.9885634779930115 0.021233709529042244 
vt 0.9911031723022461 0.019526228308677673 
vt 0.9885634779930115 0.019526228308677673 
vt 0.9911031723022461 0.01769678294658661 
vt 0.9885634779930115 0.01769678294658661 
vt 0.9911031723022461 0.01598930172622204 
vt 0.9885634779930115 0.01598930172622204 
vt 0.9911031723022461 0.014281818643212318 
vt 0.9885634779930115 0.014281818643212318 
vt 0.9911031723022461 0.012574337422847748 
vt 0.9885634779930115 0.012574337422847748 
vt 0.9911031723022461 0.010744892060756683 
vt 0.9885634779930115 0.010744892060756683 
vt 0.9911031723022461 0.009159373119473457 
vt 0.9885634779930115 0.009159373119473457 
vt 0.9911031723022461 0.007451890967786312 
vt 0.9885634779930115 0.007451890967786312 
vt 0.9911031723022461 0.005744408816099167 
vt 0.9885634779930115 0.005744408816099167 
vt 0.9911031723022461 0.00391496391966939 
vt 0.9885634779930115 0.00391496391966939 
vt 0.9911031723022461 0.002207482000812888 
vt 0.9885634779930115 0.002207482000812888 
vt 0.9911031723022461 0.0005000000237487257 
vt 0.9885634779930115 0.0005000000237487257 
vt 0.1559053361415863 0.942420244216919 
vt 0.1555425226688385 0.9431520104408264 
vt 0.15433312952518463 0.9419323801994324 
vt 0.15421219170093536 0.9427861571311951 
vt 0.15251906216144562 0.942176342010498 
vt 0.15276093780994415 0.9429081082344055 
vt 0.15094687044620514 0.9431520104408264 
vt 0.15155155956745148 0.943639874458313 
vt 0.149979367852211 0.9444935917854309 
vt 0.15082593262195587 0.944859504699707 
vt 0.1496165543794632 0.9462010860443115 
vt 0.15046311914920807 0.9462010860443115 
vt 0.149979367852211 0.9480305314064026 
vt 0.15082593262195587 0.947542667388916 
vt 0.15094687044620514 0.9493721127510071 
vt 0.15155155956745148 0.9487622976303101 
vt 0.15251906216144562 0.9503478407859802 
vt 0.15276093780994415 0.9494941234588623 
vt 0.15433312952518463 0.9504697918891907 
vt 0.15421219170093536 0.9497380256652832 
vt 0.15602627396583557 0.9499819278717041 
vt 0.1555425226688385 0.9492501616477966 
vt 0.15735659003257751 0.9488843083381653 
vt 0.15675190091133118 0.9483964443206787 
vt 0.15808221697807312 0.9474207162857056 
vt 0.15735659003257751 0.9470548629760742 
vt 0.15505877137184143 0.9441277384757996 
vt 0.1540912538766861 0.9437618255615234 
vt 0.15312375128269196 0.9438837766647339 
vt 0.15227718651294708 0.9443716406822205 
vt 0.15167249739170074 0.9453473687171936 
vt 0.15155155956745148 0.9462010860443115 
vt 0.15167249739170074 0.9471768140792847 
vt 0.15227718651294708 0.9480305314064026 
vt 0.15312375128269196 0.9486403465270996 
vt 0.1540912538766861 0.9486403465270996 
vt 0.15505877137184143 0.9483964443206787 
vt 0.1559053361415863 0.9477866291999817 
vt 0.1562681496143341 0.946932852268219 
vt 0.9513145685195923 0.15929582715034485 
vt 0.9513145685195923 0.15429534018039703 
vt 0.9521611332893372 0.15929582715034485 
vt 0.9521611332893372 0.15429534018039703 
vt 0.9532495737075806 0.15929582715034485 
vt 0.9532495737075806 0.15429534018039703 
vt 0.9542170763015747 0.15929582715034485 
vt 0.9542170763015747 0.15429534018039703 
vt 0.9551845788955688 0.15929582715034485 
vt 0.9551845788955688 0.15429534018039703 
vt 0.956152081489563 0.15929582715034485 
vt 0.956152081489563 0.15429534018039703 
vt 0.9571195840835571 0.15929582715034485 
vt 0.9571195840835571 0.15429534018039703 
vt 0.9580870866775513 0.15929582715034485 
vt 0.9580870866775513 0.15429534018039703 
vt 0.9590545892715454 0.15929582715034485 
vt 0.9590545892715454 0.15429534018039703 
vt 0.9601430296897888 0.15929582715034485 
vt 0.9601430296897888 0.15429534018039703 
vt 0.961110532283783 0.15929582715034485 
vt 0.961110532283783 0.15429534018039703 
vt 0.9619570970535278 0.15929582715034485 
vt 0.9619570970535278 0.15429534018039703 
vt 0.9630455374717712 0.15929582715034485 
vt 0.9630455374717712 0.15429534018039703 
vt 0.6436482667922974 0.6493431329727173 
vt 0.8019561171531677 0.6493431329727173 
vt 0.6436482667922974 0.7576463222503662 
vt 0.8019561171531677 0.7576463222503662 
vt 0.0005000000237487257 0.722886860370636 
vt 0.05105208232998848 0.7230088114738464 
vt 0.0008628140203654766 0.7500845789909363 
vt 0.04669831693172455 0.7502065896987915 
vt 0.9526448845863342 0.14478223025798798 
vt 0.9517983198165894 0.1442943811416626 
vt 0.9532495737075806 0.1440504491329193 
vt 0.9526448845863342 0.1434406340122223 
vt 0.9540961384773254 0.1434406340122223 
vt 0.9534914493560791 0.14246493577957153 
vt 0.9549427032470703 0.14283081889152527 
vt 0.9544589519500732 0.1418551206588745 
vt 0.9559102058410645 0.1423429697751999 
vt 0.9555473923683167 0.14136727154254913 
vt 0.9568777084350586 0.1420990377664566 
vt 0.9567567706108093 0.14112333953380585 
vt 0.9578452110290527 0.1420990377664566 
vt 0.9578452110290527 0.1410013735294342 
vt 0.9589336514472961 0.1420990377664566 
vt 0.9590545892715454 0.14112333953380585 
vt 0.9599011540412903 0.1423429697751999 
vt 0.9601430296897888 0.14136727154254913 
vt 0.9607477188110352 0.14283081889152527 
vt 0.9613524079322815 0.1418551206588745 
vt 0.9617152214050293 0.1434406340122223 
vt 0.9623199105262756 0.14258690178394318 
vt 0.9624408483505249 0.1440504491329193 
vt 0.9631664752960205 0.1434406340122223 
vt 0.9630455374717712 0.14490419626235962 
vt 0.9638921022415161 0.14441634714603424 
vt 0.9513145685195923 0.14392848312854767 
vt 0.9521611332893372 0.1429527848958969 
vt 0.953007698059082 0.14197708666324615 
vt 0.9540961384773254 0.1412453055381775 
vt 0.9553055167198181 0.1407574564218521 
vt 0.9566358327865601 0.14039155840873718 
vt 0.9578452110290527 0.14026959240436554 
vt 0.9591755270957947 0.14039155840873718 
vt 0.9605058431625366 0.1407574564218521 
vt 0.9617152214050293 0.1412453055381775 
vt 0.9628036618232727 0.14197708666324615 
vt 0.9636502265930176 0.1429527848958969 
vt 0.9644967913627625 0.14392848312854767 
vt 0.954338014125824 0.5038412809371948 
vt 0.953007698059082 0.5038412809371948 
vt 0.9553055167198181 0.5032314658164978 
vt 0.9519192576408386 0.5032314658164978 
vt 0.9513145685195923 0.5022557973861694 
vt 0.9513145685195923 0.5009142160415649 
vt 0.9519192576408386 0.49981650710105896 
vt 0.9528867602348328 0.4992067217826843 
vt 0.9542170763015747 0.4992067217826843 
vt 0.9553055167198181 0.49981650710105896 
vt 0.9559102058410645 0.5009142160415649 
vt 0.1559053361415863 0.942420244216919 
vt 0.1555425226688385 0.9431520104408264 
vt 0.15433312952518463 0.9419323801994324 
vt 0.15421219170093536 0.9427861571311951 
vt 0.15251906216144562 0.942176342010498 
vt 0.15276093780994415 0.9429081082344055 
vt 0.15094687044620514 0.9431520104408264 
vt 0.15155155956745148 0.943639874458313 
vt 0.149979367852211 0.9444935917854309 
vt 0.15082593262195587 0.944859504699707 
vt 0.1496165543794632 0.9462010860443115 
vt 0.15046311914920807 0.9462010860443115 
vt 0.149979367852211 0.9480305314064026 
vt 0.15082593262195587 0.947542667388916 
vt 0.15094687044620514 0.9493721127510071 
vt 0.15155155956745148 0.9487622976303101 
vt 0.15251906216144562 0.9503478407859802 
vt 0.15276093780994415 0.9494941234588623 
vt 0.15433312952518463 0.9504697918891907 
vt 0.15421219170093536 0.9497380256652832 
vt 0.15602627396583557 0.9499819278717041 
vt 0.1555425226688385 0.9492501616477966 
vt 0.15735659003257751 0.9488843083381653 
vt 0.15675190091133118 0.9483964443206787 
vt 0.15808221697807312 0.9474207162857056 
vt 0.15735659003257751 0.9470548629760742 
vt 0.15505877137184143 0.9441277384757996 
vt 0.1540912538766861 0.9437618255615234 
vt 0.15312375128269196 0.9438837766647339 
vt 0.15227718651294708 0.9443716406822205 
vt 0.15167249739170074 0.9453473687171936 
vt 0.15155155956745148 0.9462010860443115 
vt 0.15167249739170074 0.9471768140792847 
vt 0.15227718651294708 0.9480305314064026 
vt 0.15312375128269196 0.9486403465270996 
vt 0.1540912538766861 0.9486403465270996 
vt 0.15505877137184143 0.9483964443206787 
vt 0.1559053361415863 0.9477866291999817 
vt 0.1562681496143341 0.946932852268219 
vt 0.8953202366828918 0.0005000000237487257 
vt 0.8953202366828918 0.15953975915908813 
vt 0.8408981561660767 0.0005000000237487257 
vt 0.8408981561660767 0.15953975915908813 
vt 0.09845978021621704 0.7187401056289673 
vt 0.12216363102197647 0.6949573159217834 
vt 0.6273216605186462 0.7187401056289673 
vt 0.6033759117126465 0.6949573159217834 
vt 0.15880784392356873 0.722886860370636 
vt 0.1596544086933136 0.7500845789909363 
vt 0.05105208232998848 0.7230088114738464 
vt 0.04669831693172455 0.7502065896987915 
vt 0.9568777084350586 0.3322393596172333 
vt 0.9554264545440674 0.33321505784988403 
vt 0.9577242732048035 0.33077579736709595 
vt 0.9577242732048035 0.3290683329105377 
vt 0.9567567706108093 0.3276047706604004 
vt 0.9553055167198181 0.3267510235309601 
vt 0.9536123871803284 0.3267510235309601 
vt 0.9521611332893372 0.32772672176361084 
vt 0.9513145685195923 0.32919028401374817 
vt 0.9513145685195923 0.3308977782726288 
vt 0.9521611332893372 0.3323613107204437 
vt 0.9537333250045776 0.33321505784988403 
vt 0.6436482667922974 0.595313549041748 
vt 0.8019561171531677 0.595313549041748 
vt 0.6436482667922974 0.6493431329727173 
vt 0.8019561171531677 0.6493431329727173 
vt 0.1596544086933136 0.7500845789909363 
vt 0.1600172221660614 0.7772823572158813 
vt 0.04669831693172455 0.7502065896987915 
vt 0.04270736128091812 0.7774043083190918 
vt 0.9513145685195923 0.15929582715034485 
vt 0.9513145685195923 0.15429534018039703 
vt 0.9521611332893372 0.15929582715034485 
vt 0.9521611332893372 0.15429534018039703 
vt 0.9532495737075806 0.15929582715034485 
vt 0.9532495737075806 0.15429534018039703 
vt 0.9542170763015747 0.15929582715034485 
vt 0.9542170763015747 0.15429534018039703 
vt 0.9551845788955688 0.15929582715034485 
vt 0.9551845788955688 0.15429534018039703 
vt 0.956152081489563 0.15929582715034485 
vt 0.956152081489563 0.15429534018039703 
vt 0.9571195840835571 0.15929582715034485 
vt 0.9571195840835571 0.15429534018039703 
vt 0.9580870866775513 0.15929582715034485 
vt 0.9580870866775513 0.15429534018039703 
vt 0.9590545892715454 0.15929582715034485 
vt 0.9590545892715454 0.15429534018039703 
vt 0.9601430296897888 0.15929582715034485 
vt 0.9601430296897888 0.15429534018039703 
vt 0.961110532283783 0.15929582715034485 
vt 0.961110532283783 0.15429534018039703 
vt 0.9619570970535278 0.15929582715034485 
vt 0.9619570970535278 0.15429534018039703 
vt 0.9630455374717712 0.15929582715034485 
vt 0.9630455374717712 0.15429534018039703 
vt 0.9911031723022461 0.021233709529042244 
vt 0.9885634779930115 0.021233709529042244 
vt 0.9911031723022461 0.019526228308677673 
vt 0.9885634779930115 0.019526228308677673 
vt 0.9911031723022461 0.01769678294658661 
vt 0.9885634779930115 0.01769678294658661 
vt 0.9911031723022461 0.01598930172622204 
vt 0.9885634779930115 0.01598930172622204 
vt 0.9911031723022461 0.014281818643212318 
vt 0.9885634779930115 0.014281818643212318 
vt 0.9911031723022461 0.012574337422847748 
vt 0.9885634779930115 0.012574337422847748 
vt 0.9911031723022461 0.010744892060756683 
vt 0.9885634779930115 0.010744892060756683 
vt 0.9911031723022461 0.009159373119473457 
vt 0.9885634779930115 0.009159373119473457 
vt 0.9911031723022461 0.007451890967786312 
vt 0.9885634779930115 0.007451890967786312 
vt 0.9911031723022461 0.005744408816099167 
vt 0.9885634779930115 0.005744408816099167 
vt 0.9911031723022461 0.00391496391966939 
vt 0.9885634779930115 0.00391496391966939 
vt 0.9911031723022461 0.002207482000812888 
vt 0.9885634779930115 0.002207482000812888 
vt 0.9911031723022461 0.0005000000237487257 
vt 0.9885634779930115 0.0005000000237487257 
vt 0.9225313067436218 0.0005000000237487257 
vt 0.9226522445678711 0.15953975915908813 
vt 0.8953202366828918 0.0005000000237487257 
vt 0.8953202366828918 0.15953975915908813 
vt 0.1600172221660614 0.7772823572158813 
vt 0.15977534651756287 0.8315559029579163 
vt 0.04270736128091812 0.7774043083190918 
vt 0.03387888893485069 0.8315559029579163 
vt 0.954338014125824 0.5038412809371948 
vt 0.953007698059082 0.5038412809371948 
vt 0.9553055167198181 0.5032314658164978 
vt 0.9519192576408386 0.5032314658164978 
vt 0.9513145685195923 0.5022557973861694 
vt 0.9513145685195923 0.5009142160415649 
vt 0.9519192576408386 0.49981650710105896 
vt 0.9528867602348328 0.4992067217826843 
vt 0.9542170763015747 0.4992067217826843 
vt 0.9553055167198181 0.49981650710105896 
vt 0.9559102058410645 0.5009142160415649 
vt 0.9537333250045776 0.33321505784988403 
vt 0.9521611332893372 0.3323613107204437 
vt 0.9554264545440674 0.33321505784988403 
vt 0.9513145685195923 0.3308977782726288 
vt 0.9513145685195923 0.32919028401374817 
vt 0.9521611332893372 0.32772672176361084 
vt 0.9536123871803284 0.3267510235309601 
vt 0.9553055167198181 0.3267510235309601 
vt 0.9567567706108093 0.3276047706604004 
vt 0.9577242732048035 0.3290683329105377 
vt 0.9577242732048035 0.33077579736709595 
vt 0.6436482667922974 0.5683597326278687 
vt 0.8019561171531677 0.5683597326278687 
vt 0.6436482667922974 0.595313549041748 
vt 0.8019561171531677 0.595313549041748 
vt 0.15977534651756287 0.8315559029579163 
vt 0.15977534651756287 0.9401029348373413 
vt 0.03387888893485069 0.8315559029579163 
vt 0.030976375564932823 0.9401029348373413 
vt 0.9513145685195923 0.15929582715034485 
vt 0.9513145685195923 0.15429534018039703 
vt 0.9521611332893372 0.15929582715034485 
vt 0.9521611332893372 0.15429534018039703 
vt 0.9532495737075806 0.15929582715034485 
vt 0.9532495737075806 0.15429534018039703 
vt 0.9542170763015747 0.15929582715034485 
vt 0.9542170763015747 0.15429534018039703 
vt 0.9551845788955688 0.15929582715034485 
vt 0.9551845788955688 0.15429534018039703 
vt 0.956152081489563 0.15929582715034485 
vt 0.956152081489563 0.15429534018039703 
vt 0.9571195840835571 0.15929582715034485 
vt 0.9571195840835571 0.15429534018039703 
vt 0.9580870866775513 0.15929582715034485 
vt 0.9580870866775513 0.15429534018039703 
vt 0.9590545892715454 0.15929582715034485 
vt 0.9590545892715454 0.15429534018039703 
vt 0.9601430296897888 0.15929582715034485 
vt 0.9601430296897888 0.15429534018039703 
vt 0.961110532283783 0.15929582715034485 
vt 0.961110532283783 0.15429534018039703 
vt 0.9619570970535278 0.15929582715034485 
vt 0.9619570970535278 0.15429534018039703 
vt 0.9630455374717712 0.15929582715034485 
vt 0.9630455374717712 0.15429534018039703 
vt 0.9644967913627625 0.14392848312854767 
vt 0.9638921022415161 0.14441634714603424 
vt 0.9636502265930176 0.1429527848958969 
vt 0.9631664752960205 0.1434406340122223 
vt 0.9628036618232727 0.14197708666324615 
vt 0.9623199105262756 0.14258690178394318 
vt 0.9617152214050293 0.1412453055381775 
vt 0.9613524079322815 0.1418551206588745 
vt 0.9605058431625366 0.1407574564218521 
vt 0.9601430296897888 0.14136727154254913 
vt 0.9591755270957947 0.14039155840873718 
vt 0.9590545892715454 0.14112333953380585 
vt 0.9578452110290527 0.14026959240436554 
vt 0.9578452110290527 0.1410013735294342 
vt 0.9566358327865601 0.14039155840873718 
vt 0.9567567706108093 0.14112333953380585 
vt 0.9553055167198181 0.1407574564218521 
vt 0.9555473923683167 0.14136727154254913 
vt 0.9540961384773254 0.1412453055381775 
vt 0.9544589519500732 0.1418551206588745 
vt 0.953007698059082 0.14197708666324615 
vt 0.9534914493560791 0.14246493577957153 
vt 0.9521611332893372 0.1429527848958969 
vt 0.9526448845863342 0.1434406340122223 
vt 0.9513145685195923 0.14392848312854767 
vt 0.9517983198165894 0.1442943811416626 
vt 0.9630455374717712 0.14490419626235962 
vt 0.9624408483505249 0.1440504491329193 
vt 0.9617152214050293 0.1434406340122223 
vt 0.9607477188110352 0.14283081889152527 
vt 0.9599011540412903 0.1423429697751999 
vt 0.9589336514472961 0.1420990377664566 
vt 0.9578452110290527 0.1420990377664566 
vt 0.9568777084350586 0.1420990377664566 
vt 0.9559102058410645 0.1423429697751999 
vt 0.9549427032470703 0.14283081889152527 
vt 0.9540961384773254 0.1434406340122223 
vt 0.9532495737075806 0.1440504491329193 
vt 0.9526448845863342 0.14478223025798798 
vt 0.6157116293907166 0.0005000000237487257 
vt 0.6360291838645935 0.0005000000237487257 
vt 0.6157116293907166 0.6580025553703308 
vt 0.6360291838645935 0.6580025553703308 
vt 0.9911031723022461 0.021233709529042244 
vt 0.9885634779930115 0.021233709529042244 
vt 0.9911031723022461 0.019526228308677673 
vt 0.9885634779930115 0.019526228308677673 
vt 0.9911031723022461 0.01769678294658661 
vt 0.9885634779930115 0.01769678294658661 
vt 0.9911031723022461 0.01598930172622204 
vt 0.9885634779930115 0.01598930172622204 
vt 0.9911031723022461 0.014281818643212318 
vt 0.9885634779930115 0.014281818643212318 
vt 0.9911031723022461 0.012574337422847748 
vt 0.9885634779930115 0.012574337422847748 
vt 0.9911031723022461 0.010744892060756683 
vt 0.9885634779930115 0.010744892060756683 
vt 0.9911031723022461 0.009159373119473457 
vt 0.9885634779930115 0.009159373119473457 
vt 0.9911031723022461 0.007451890967786312 
vt 0.9885634779930115 0.007451890967786312 
vt 0.9911031723022461 0.005744408816099167 
vt 0.9885634779930115 0.005744408816099167 
vt 0.9911031723022461 0.00391496391966939 
vt 0.9885634779930115 0.00391496391966939 
vt 0.9911031723022461 0.002207482000812888 
vt 0.9885634779930115 0.002207482000812888 
vt 0.9911031723022461 0.0005000000237487257 
vt 0.9885634779930115 0.0005000000237487257 
vt 0.9526448845863342 0.14478223025798798 
vt 0.9517983198165894 0.1442943811416626 
vt 0.9532495737075806 0.1440504491329193 
vt 0.9526448845863342 0.1434406340122223 
vt 0.9540961384773254 0.1434406340122223 
vt 0.9534914493560791 0.14246493577957153 
vt 0.9549427032470703 0.14283081889152527 
vt 0.9544589519500732 0.1418551206588745 
vt 0.9559102058410645 0.1423429697751999 
vt 0.9555473923683167 0.14136727154254913 
vt 0.9568777084350586 0.1420990377664566 
vt 0.9567567706108093 0.14112333953380585 
vt 0.9578452110290527 0.1420990377664566 
vt 0.9578452110290527 0.1410013735294342 
vt 0.9589336514472961 0.1420990377664566 
vt 0.9590545892715454 0.14112333953380585 
vt 0.9599011540412903 0.1423429697751999 
vt 0.9601430296897888 0.14136727154254913 
vt 0.9607477188110352 0.14283081889152527 
vt 0.9613524079322815 0.1418551206588745 
vt 0.9617152214050293 0.1434406340122223 
vt 0.9623199105262756 0.14258690178394318 
vt 0.9624408483505249 0.1440504491329193 
vt 0.9631664752960205 0.1434406340122223 
vt 0.9630455374717712 0.14490419626235962 
vt 0.9638921022415161 0.14441634714603424 
vt 0.9513145685195923 0.14392848312854767 
vt 0.9521611332893372 0.1429527848958969 
vt 0.953007698059082 0.14197708666324615 
vt 0.9540961384773254 0.1412453055381775 
vt 0.9553055167198181 0.1407574564218521 
vt 0.9566358327865601 0.14039155840873718 
vt 0.9578452110290527 0.14026959240436554 
vt 0.9591755270957947 0.14039155840873718 
vt 0.9605058431625366 0.1407574564218521 
vt 0.9617152214050293 0.1412453055381775 
vt 0.9628036618232727 0.14197708666324615 
vt 0.9636502265930176 0.1429527848958969 
vt 0.9644967913627625 0.14392848312854767 
vt 0.17295758426189423 0.9407127499580383 
vt 0.17295758426189423 0.8859513998031616 
vt 0.23475690186023712 0.9407127499580383 
vt 0.23475690186023712 0.8859513998031616 
vt 0.954338014125824 0.5038412809371948 
vt 0.953007698059082 0.5038412809371948 
vt 0.9553055167198181 0.5032314658164978 
vt 0.9519192576408386 0.5032314658164978 
vt 0.9513145685195923 0.5022557973861694 
vt 0.9513145685195923 0.5009142160415649 
vt 0.9519192576408386 0.49981650710105896 
vt 0.9528867602348328 0.4992067217826843 
vt 0.9542170763015747 0.4992067217826843 
vt 0.9553055167198181 0.49981650710105896 
vt 0.9559102058410645 0.5009142160415649 
vt 0.23475690186023712 0.9848634004592896 
vt 0.17295758426189423 0.9848634004592896 
vt 0.23475690186023712 0.9655932188034058 
vt 0.17295758426189423 0.9655932188034058 
vt 0.9537333250045776 0.33321505784988403 
vt 0.9521611332893372 0.3323613107204437 
vt 0.9554264545440674 0.33321505784988403 
vt 0.9513145685195923 0.3308977782726288 
vt 0.9513145685195923 0.32919028401374817 
vt 0.9521611332893372 0.32772672176361084 
vt 0.9536123871803284 0.3267510235309601 
vt 0.9553055167198181 0.3267510235309601 
vt 0.9567567706108093 0.3276047706604004 
vt 0.9577242732048035 0.3290683329105377 
vt 0.9577242732048035 0.33077579736709595 
vt 0.1562681496143341 0.946932852268219 
vt 0.15735659003257751 0.9470548629760742 
vt 0.1559053361415863 0.9477866291999817 
vt 0.15675190091133118 0.9483964443206787 
vt 0.15505877137184143 0.9483964443206787 
vt 0.1555425226688385 0.9492501616477966 
vt 0.1540912538766861 0.9486403465270996 
vt 0.15421219170093536 0.9497380256652832 
vt 0.15312375128269196 0.9486403465270996 
vt 0.15276093780994415 0.9494941234588623 
vt 0.15227718651294708 0.9480305314064026 
vt 0.15155155956745148 0.9487622976303101 
vt 0.15167249739170074 0.9471768140792847 
vt 0.15082593262195587 0.947542667388916 
vt 0.15155155956745148 0.9462010860443115 
vt 0.15046311914920807 0.9462010860443115 
vt 0.15167249739170074 0.9453473687171936 
vt 0.15082593262195587 0.944859504699707 
vt 0.15227718651294708 0.9443716406822205 
vt 0.15155155956745148 0.943639874458313 
vt 0.15312375128269196 0.9438837766647339 
vt 0.15276093780994415 0.9429081082344055 
vt 0.1540912538766861 0.9437618255615234 
vt 0.15421219170093536 0.9427861571311951 
vt 0.15505877137184143 0.9441277384757996 
vt 0.1555425226688385 0.9431520104408264 
vt 0.15808221697807312 0.9474207162857056 
vt 0.15735659003257751 0.9488843083381653 
vt 0.15602627396583557 0.9499819278717041 
vt 0.15433312952518463 0.9504697918891907 
vt 0.15251906216144562 0.9503478407859802 
vt 0.15094687044620514 0.9493721127510071 
vt 0.149979367852211 0.9480305314064026 
vt 0.1496165543794632 0.9462010860443115 
vt 0.149979367852211 0.9444935917854309 
vt 0.15094687044620514 0.9431520104408264 
vt 0.15251906216144562 0.942176342010498 
vt 0.15433312952518463 0.9419323801994324 
vt 0.1559053361415863 0.942420244216919 
vt 0.9498633146286011 0.0005000000237487257 
vt 0.9498633146286011 0.15953975915908813 
vt 0.9225313067436218 0.0005000000237487257 
vt 0.9226522445678711 0.15953975915908813 
vt 0.23475690186023712 0.9655932188034058 
vt 0.17295758426189423 0.9655932188034058 
vt 0.23475690186023712 0.9407127499580383 
vt 0.17295758426189423 0.9407127499580383 
vt 0.9630455374717712 0.15429534018039703 
vt 0.9630455374717712 0.15929582715034485 
vt 0.9619570970535278 0.15429534018039703 
vt 0.9619570970535278 0.15929582715034485 
vt 0.961110532283783 0.15429534018039703 
vt 0.961110532283783 0.15929582715034485 
vt 0.9601430296897888 0.15429534018039703 
vt 0.9601430296897888 0.15929582715034485 
vt 0.9590545892715454 0.15429534018039703 
vt 0.9590545892715454 0.15929582715034485 
vt 0.9580870866775513 0.15429534018039703 
vt 0.9580870866775513 0.15929582715034485 
vt 0.9571195840835571 0.15429534018039703 
vt 0.9571195840835571 0.15929582715034485 
vt 0.956152081489563 0.15429534018039703 
vt 0.956152081489563 0.15929582715034485 
vt 0.9551845788955688 0.15429534018039703 
vt 0.9551845788955688 0.15929582715034485 
vt 0.9542170763015747 0.15429534018039703 
vt 0.9542170763015747 0.15929582715034485 
vt 0.9532495737075806 0.15429534018039703 
vt 0.9532495737075806 0.15929582715034485 
vt 0.9521611332893372 0.15429534018039703 
vt 0.9521611332893372 0.15929582715034485 
vt 0.9513145685195923 0.15429534018039703 
vt 0.9513145685195923 0.15929582715034485 
vt 0.1559053361415863 0.942420244216919 
vt 0.1555425226688385 0.9431520104408264 
vt 0.15433312952518463 0.9419323801994324 
vt 0.15421219170093536 0.9427861571311951 
vt 0.15251906216144562 0.942176342010498 
vt 0.15276093780994415 0.9429081082344055 
vt 0.15094687044620514 0.9431520104408264 
vt 0.15155155956745148 0.943639874458313 
vt 0.149979367852211 0.9444935917854309 
vt 0.15082593262195587 0.944859504699707 
vt 0.1496165543794632 0.9462010860443115 
vt 0.15046311914920807 0.9462010860443115 
vt 0.149979367852211 0.9480305314064026 
vt 0.15082593262195587 0.947542667388916 
vt 0.15094687044620514 0.9493721127510071 
vt 0.15155155956745148 0.9487622976303101 
vt 0.15251906216144562 0.9503478407859802 
vt 0.15276093780994415 0.9494941234588623 
vt 0.15433312952518463 0.9504697918891907 
vt 0.15421219170093536 0.9497380256652832 
vt 0.15602627396583557 0.9499819278717041 
vt 0.1555425226688385 0.9492501616477966 
vt 0.15735659003257751 0.9488843083381653 
vt 0.15675190091133118 0.9483964443206787 
vt 0.15808221697807312 0.9474207162857056 
vt 0.15735659003257751 0.9470548629760742 
vt 0.15505877137184143 0.9441277384757996 
vt 0.1540912538766861 0.9437618255615234 
vt 0.15312375128269196 0.9438837766647339 
vt 0.15227718651294708 0.9443716406822205 
vt 0.15167249739170074 0.9453473687171936 
vt 0.15155155956745148 0.9462010860443115 
vt 0.15167249739170074 0.9471768140792847 
vt 0.15227718651294708 0.9480305314064026 
vt 0.15312375128269196 0.9486403465270996 
vt 0.1540912538766861 0.9486403465270996 
vt 0.15505877137184143 0.9483964443206787 
vt 0.1559053361415863 0.9477866291999817 
vt 0.1562681496143341 0.946932852268219 
vt 0.5458094477653503 0.9842535853385925 
vt 0.5458094477653503 0.90351402759552 
vt 0.607245922088623 0.9842535853385925 
vt 0.607245922088623 0.9113196730613708 
vt 0.9526448845863342 0.14478223025798798 
vt 0.9517983198165894 0.1442943811416626 
vt 0.9532495737075806 0.1440504491329193 
vt 0.9526448845863342 0.1434406340122223 
vt 0.9540961384773254 0.1434406340122223 
vt 0.9534914493560791 0.14246493577957153 
vt 0.9549427032470703 0.14283081889152527 
vt 0.9544589519500732 0.1418551206588745 
vt 0.9559102058410645 0.1423429697751999 
vt 0.9555473923683167 0.14136727154254913 
vt 0.9568777084350586 0.1420990377664566 
vt 0.9567567706108093 0.14112333953380585 
vt 0.9578452110290527 0.1420990377664566 
vt 0.9578452110290527 0.1410013735294342 
vt 0.9589336514472961 0.1420990377664566 
vt 0.9590545892715454 0.14112333953380585 
vt 0.9599011540412903 0.1423429697751999 
vt 0.9601430296897888 0.14136727154254913 
vt 0.9607477188110352 0.14283081889152527 
vt 0.9613524079322815 0.1418551206588745 
vt 0.9617152214050293 0.1434406340122223 
vt 0.9623199105262756 0.14258690178394318 
vt 0.9624408483505249 0.1440504491329193 
vt 0.9631664752960205 0.1434406340122223 
vt 0.9630455374717712 0.14490419626235962 
vt 0.9638921022415161 0.14441634714603424 
vt 0.9513145685195923 0.14392848312854767 
vt 0.9521611332893372 0.1429527848958969 
vt 0.953007698059082 0.14197708666324615 
vt 0.9540961384773254 0.1412453055381775 
vt 0.9553055167198181 0.1407574564218521 
vt 0.9566358327865601 0.14039155840873718 
vt 0.9578452110290527 0.14026959240436554 
vt 0.9591755270957947 0.14039155840873718 
vt 0.9605058431625366 0.1407574564218521 
vt 0.9617152214050293 0.1412453055381775 
vt 0.9628036618232727 0.14197708666324615 
vt 0.9636502265930176 0.1429527848958969 
vt 0.9644967913627625 0.14392848312854767 
vt 0.9885634779930115 0.0005000000237487257 
vt 0.9911031723022461 0.0005000000237487257 
vt 0.9885634779930115 0.002207482000812888 
vt 0.9911031723022461 0.002207482000812888 
vt 0.9885634779930115 0.00391496391966939 
vt 0.9911031723022461 0.00391496391966939 
vt 0.9885634779930115 0.005744408816099167 
vt 0.9911031723022461 0.005744408816099167 
vt 0.9885634779930115 0.007451890967786312 
vt 0.9911031723022461 0.007451890967786312 
vt 0.9885634779930115 0.009159373119473457 
vt 0.9911031723022461 0.009159373119473457 
vt 0.9885634779930115 0.010744892060756683 
vt 0.9911031723022461 0.010744892060756683 
vt 0.9885634779930115 0.012574337422847748 
vt 0.9911031723022461 0.012574337422847748 
vt 0.9885634779930115 0.014281818643212318 
vt 0.9911031723022461 0.014281818643212318 
vt 0.9885634779930115 0.01598930172622204 
vt 0.9911031723022461 0.01598930172622204 
vt 0.9885634779930115 0.01769678294658661 
vt 0.9911031723022461 0.01769678294658661 
vt 0.9885634779930115 0.019526228308677673 
vt 0.9911031723022461 0.019526228308677673 
vt 0.9885634779930115 0.021233709529042244 
vt 0.9911031723022461 0.021233709529042244 
vt 0.954338014125824 0.5038412809371948 
vt 0.953007698059082 0.5038412809371948 
vt 0.9553055167198181 0.5032314658164978 
vt 0.9519192576408386 0.5032314658164978 
vt 0.9513145685195923 0.5022557973861694 
vt 0.9513145685195923 0.5009142160415649 
vt 0.9519192576408386 0.49981650710105896 
vt 0.9528867602348328 0.4992067217826843 
vt 0.9542170763015747 0.4992067217826843 
vt 0.9553055167198181 0.49981650710105896 
vt 0.9559102058410645 0.5009142160415649 
vt 0.9537333250045776 0.33321505784988403 
vt 0.9521611332893372 0.3323613107204437 
vt 0.9554264545440674 0.33321505784988403 
vt 0.9513145685195923 0.3308977782726288 
vt 0.9513145685195923 0.32919028401374817 
vt 0.9521611332893372 0.32772672176361084 
vt 0.9536123871803284 0.3267510235309601 
vt 0.9553055167198181 0.3267510235309601 
vt 0.9567567706108093 0.3276047706604004 
vt 0.9577242732048035 0.3290683329105377 
vt 0.9577242732048035 0.33077579736709595 
vt 0.8129614591598511 0.7602075338363647 
vt 0.8129614591598511 0.9066851139068604 
vt 0.7863551378250122 0.7602075338363647 
vt 0.7863551378250122 0.9066851139068604 
vt 0.6436482667922974 0.5411619544029236 
vt 0.8019561171531677 0.5410400032997131 
vt 0.6436482667922974 0.5683597326278687 
vt 0.8019561171531677 0.5683597326278687 
vt 0.6825903058052063 0.5294535160064697 
vt 0.6622727513313293 0.5294535160064697 
vt 0.6825903058052063 0.0005000000237487257 
vt 0.6622727513313293 0.0005000000237487257 
vt 0.1559053361415863 0.942420244216919 
vt 0.1555425226688385 0.9431520104408264 
vt 0.15433312952518463 0.9419323801994324 
vt 0.15421219170093536 0.9427861571311951 
vt 0.15251906216144562 0.942176342010498 
vt 0.15276093780994415 0.9429081082344055 
vt 0.15094687044620514 0.9431520104408264 
vt 0.15155155956745148 0.943639874458313 
vt 0.149979367852211 0.9444935917854309 
vt 0.15082593262195587 0.944859504699707 
vt 0.1496165543794632 0.9462010860443115 
vt 0.15046311914920807 0.9462010860443115 
vt 0.149979367852211 0.9480305314064026 
vt 0.15082593262195587 0.947542667388916 
vt 0.15094687044620514 0.9493721127510071 
vt 0.15155155956745148 0.9487622976303101 
vt 0.15251906216144562 0.9503478407859802 
vt 0.15276093780994415 0.9494941234588623 
vt 0.15433312952518463 0.9504697918891907 
vt 0.15421219170093536 0.9497380256652832 
vt 0.15602627396583557 0.9499819278717041 
vt 0.1555425226688385 0.9492501616477966 
vt 0.15735659003257751 0.9488843083381653 
vt 0.15675190091133118 0.9483964443206787 
vt 0.15808221697807312 0.9474207162857056 
vt 0.15735659003257751 0.9470548629760742 
vt 0.15505877137184143 0.9441277384757996 
vt 0.1540912538766861 0.9437618255615234 
vt 0.15312375128269196 0.9438837766647339 
vt 0.15227718651294708 0.9443716406822205 
vt 0.15167249739170074 0.9453473687171936 
vt 0.15155155956745148 0.9462010860443115 
vt 0.15167249739170074 0.9471768140792847 
vt 0.15227718651294708 0.9480305314064026 
vt 0.15312375128269196 0.9486403465270996 
vt 0.1540912538766861 0.9486403465270996 
vt 0.15505877137184143 0.9483964443206787 
vt 0.1559053361415863 0.9477866291999817 
vt 0.1562681496143341 0.946932852268219 
vt 0.9513145685195923 0.15929582715034485 
vt 0.9513145685195923 0.15429534018039703 
vt 0.9521611332893372 0.15929582715034485 
vt 0.9521611332893372 0.15429534018039703 
vt 0.9532495737075806 0.15929582715034485 
vt 0.9532495737075806 0.15429534018039703 
vt 0.9542170763015747 0.15929582715034485 
vt 0.9542170763015747 0.15429534018039703 
vt 0.9551845788955688 0.15929582715034485 
vt 0.9551845788955688 0.15429534018039703 
vt 0.956152081489563 0.15929582715034485 
vt 0.956152081489563 0.15429534018039703 
vt 0.9571195840835571 0.15929582715034485 
vt 0.9571195840835571 0.15429534018039703 
vt 0.9580870866775513 0.15929582715034485 
vt 0.9580870866775513 0.15429534018039703 
vt 0.9590545892715454 0.15929582715034485 
vt 0.9590545892715454 0.15429534018039703 
vt 0.9601430296897888 0.15929582715034485 
vt 0.9601430296897888 0.15429534018039703 
vt 0.961110532283783 0.15929582715034485 
vt 0.961110532283783 0.15429534018039703 
vt 0.9619570970535278 0.15929582715034485 
vt 0.9619570970535278 0.15429534018039703 
vt 0.9630455374717712 0.15929582715034485 
vt 0.9630455374717712 0.15429534018039703 
vt 0.8608529567718506 0.7602075338363647 
vt 0.8608529567718506 0.9066851139068604 
vt 0.8129614591598511 0.7602075338363647 
vt 0.8129614591598511 0.9066851139068604 
vt 0.8405353426933289 0.34541136026382446 
vt 0.8405353426933289 0.5038412809371948 
vt 0.7321748733520508 0.34541136026382446 
vt 0.7321748733520508 0.5038412809371948 
vt 0.9526448845863342 0.14478223025798798 
vt 0.9517983198165894 0.1442943811416626 
vt 0.9532495737075806 0.1440504491329193 
vt 0.9526448845863342 0.1434406340122223 
vt 0.9540961384773254 0.1434406340122223 
vt 0.9534914493560791 0.14246493577957153 
vt 0.9549427032470703 0.14283081889152527 
vt 0.9544589519500732 0.1418551206588745 
vt 0.9559102058410645 0.1423429697751999 
vt 0.9555473923683167 0.14136727154254913 
vt 0.9568777084350586 0.1420990377664566 
vt 0.9567567706108093 0.14112333953380585 
vt 0.9578452110290527 0.1420990377664566 
vt 0.9578452110290527 0.1410013735294342 
vt 0.9589336514472961 0.1420990377664566 
vt 0.9590545892715454 0.14112333953380585 
vt 0.9599011540412903 0.1423429697751999 
vt 0.9601430296897888 0.14136727154254913 
vt 0.9607477188110352 0.14283081889152527 
vt 0.9613524079322815 0.1418551206588745 
vt 0.9617152214050293 0.1434406340122223 
vt 0.9623199105262756 0.14258690178394318 
vt 0.9624408483505249 0.1440504491329193 
vt 0.9631664752960205 0.1434406340122223 
vt 0.9630455374717712 0.14490419626235962 
vt 0.9638921022415161 0.14441634714603424 
vt 0.9513145685195923 0.14392848312854767 
vt 0.9521611332893372 0.1429527848958969 
vt 0.953007698059082 0.14197708666324615 
vt 0.9540961384773254 0.1412453055381775 
vt 0.9553055167198181 0.1407574564218521 
vt 0.9566358327865601 0.14039155840873718 
vt 0.9578452110290527 0.14026959240436554 
vt 0.9591755270957947 0.14039155840873718 
vt 0.9605058431625366 0.1407574564218521 
vt 0.9617152214050293 0.1412453055381775 
vt 0.9628036618232727 0.14197708666324615 
vt 0.9636502265930176 0.1429527848958969 
vt 0.9644967913627625 0.14392848312854767 
vt 0.1559053361415863 0.942420244216919 
vt 0.1555425226688385 0.9431520104408264 
vt 0.15433312952518463 0.9419323801994324 
vt 0.15421219170093536 0.9427861571311951 
vt 0.15251906216144562 0.942176342010498 
vt 0.15276093780994415 0.9429081082344055 
vt 0.15094687044620514 0.9431520104408264 
vt 0.15155155956745148 0.943639874458313 
vt 0.149979367852211 0.9444935917854309 
vt 0.15082593262195587 0.944859504699707 
vt 0.1496165543794632 0.9462010860443115 
vt 0.15046311914920807 0.9462010860443115 
vt 0.149979367852211 0.9480305314064026 
vt 0.15082593262195587 0.947542667388916 
vt 0.15094687044620514 0.9493721127510071 
vt 0.15155155956745148 0.9487622976303101 
vt 0.15251906216144562 0.9503478407859802 
vt 0.15276093780994415 0.9494941234588623 
vt 0.15433312952518463 0.9504697918891907 
vt 0.15421219170093536 0.9497380256652832 
vt 0.15602627396583557 0.9499819278717041 
vt 0.1555425226688385 0.9492501616477966 
vt 0.15735659003257751 0.9488843083381653 
vt 0.15675190091133118 0.9483964443206787 
vt 0.15808221697807312 0.9474207162857056 
vt 0.15735659003257751 0.9470548629760742 
vt 0.15505877137184143 0.9441277384757996 
vt 0.1540912538766861 0.9437618255615234 
vt 0.15312375128269196 0.9438837766647339 
vt 0.15227718651294708 0.9443716406822205 
vt 0.15167249739170074 0.9453473687171936 
vt 0.15155155956745148 0.9462010860443115 
vt 0.15167249739170074 0.9471768140792847 
vt 0.15227718651294708 0.9480305314064026 
vt 0.15312375128269196 0.9486403465270996 
vt 0.1540912538766861 0.9486403465270996 
vt 0.15505877137184143 0.9483964443206787 
vt 0.1559053361415863 0.9477866291999817 
vt 0.1562681496143341 0.946932852268219 
vt 0.8947155475616455 0.34541136026382446 
vt 0.8947155475616455 0.5038412809371948 
vt 0.8405353426933289 0.34541136026382446 
vt 0.8405353426933289 0.5038412809371948 
vt 0.9537333250045776 0.33321505784988403 
vt 0.9521611332893372 0.3323613107204437 
vt 0.9554264545440674 0.33321505784988403 
vt 0.9513145685195923 0.3308977782726288 
vt 0.9513145685195923 0.32919028401374817 
vt 0.9521611332893372 0.32772672176361084 
vt 0.9536123871803284 0.3267510235309601 
vt 0.9553055167198181 0.3267510235309601 
vt 0.9567567706108093 0.3276047706604004 
vt 0.9577242732048035 0.3290683329105377 
vt 0.9577242732048035 0.33077579736709595 
vt 0.4711906909942627 0.9847413897514343 
vt 0.4711906909942627 0.9462010860443115 
vt 0.5328691005706787 0.9847413897514343 
vt 0.5328691005706787 0.9462010860443115 
vt 0.9218056797981262 0.34541136026382446 
vt 0.9218056797981262 0.5038412809371948 
vt 0.8947155475616455 0.34541136026382446 
vt 0.8947155475616455 0.5038412809371948 
vt 0.9513145685195923 0.15929582715034485 
vt 0.9513145685195923 0.15429534018039703 
vt 0.9521611332893372 0.15929582715034485 
vt 0.9521611332893372 0.15429534018039703 
vt 0.9532495737075806 0.15929582715034485 
vt 0.9532495737075806 0.15429534018039703 
vt 0.9542170763015747 0.15929582715034485 
vt 0.9542170763015747 0.15429534018039703 
vt 0.9551845788955688 0.15929582715034485 
vt 0.9551845788955688 0.15429534018039703 
vt 0.956152081489563 0.15929582715034485 
vt 0.956152081489563 0.15429534018039703 
vt 0.9571195840835571 0.15929582715034485 
vt 0.9571195840835571 0.15429534018039703 
vt 0.9580870866775513 0.15929582715034485 
vt 0.9580870866775513 0.15429534018039703 
vt 0.9590545892715454 0.15929582715034485 
vt 0.9590545892715454 0.15429534018039703 
vt 0.9601430296897888 0.15929582715034485 
vt 0.9601430296897888 0.15429534018039703 
vt 0.961110532283783 0.15929582715034485 
vt 0.961110532283783 0.15429534018039703 
vt 0.9619570970535278 0.15929582715034485 
vt 0.9619570970535278 0.15429534018039703 
vt 0.9630455374717712 0.15929582715034485 
vt 0.9630455374717712 0.15429534018039703 
vt 0.7863551378250122 0.9066851139068604 
vt 0.762651264667511 0.9066851139068604 
vt 0.7863551378250122 0.7602075338363647 
vt 0.7625303268432617 0.7602075338363647 
vt 0.607245922088623 0.9113196730613708 
vt 0.5458094477653503 0.90351402759552 
vt 0.607245922088623 0.8859513998031616 
vt 0.5458094477653503 0.8859513998031616 
vt 0.9911031723022461 0.021233709529042244 
vt 0.9885634779930115 0.021233709529042244 
vt 0.9911031723022461 0.019526228308677673 
vt 0.9885634779930115 0.019526228308677673 
vt 0.9911031723022461 0.01769678294658661 
vt 0.9885634779930115 0.01769678294658661 
vt 0.9911031723022461 0.01598930172622204 
vt 0.9885634779930115 0.01598930172622204 
vt 0.9911031723022461 0.014281818643212318 
vt 0.9885634779930115 0.014281818643212318 
vt 0.9911031723022461 0.012574337422847748 
vt 0.9885634779930115 0.012574337422847748 
vt 0.9911031723022461 0.010744892060756683 
vt 0.9885634779930115 0.010744892060756683 
vt 0.9911031723022461 0.009159373119473457 
vt 0.9885634779930115 0.009159373119473457 
vt 0.9911031723022461 0.007451890967786312 
vt 0.9885634779930115 0.007451890967786312 
vt 0.9911031723022461 0.005744408816099167 
vt 0.9885634779930115 0.005744408816099167 
vt 0.9911031723022461 0.00391496391966939 
vt 0.9885634779930115 0.00391496391966939 
vt 0.9911031723022461 0.002207482000812888 
vt 0.9885634779930115 0.002207482000812888 
vt 0.9911031723022461 0.0005000000237487257 
vt 0.9885634779930115 0.0005000000237487257 
vt 0.9526448845863342 0.14478223025798798 
vt 0.9517983198165894 0.1442943811416626 
vt 0.9532495737075806 0.1440504491329193 
vt 0.9526448845863342 0.1434406340122223 
vt 0.9540961384773254 0.1434406340122223 
vt 0.9534914493560791 0.14246493577957153 
vt 0.9549427032470703 0.14283081889152527 
vt 0.9544589519500732 0.1418551206588745 
vt 0.9559102058410645 0.1423429697751999 
vt 0.9555473923683167 0.14136727154254913 
vt 0.9568777084350586 0.1420990377664566 
vt 0.9567567706108093 0.14112333953380585 
vt 0.9578452110290527 0.1420990377664566 
vt 0.9578452110290527 0.1410013735294342 
vt 0.9589336514472961 0.1420990377664566 
vt 0.9590545892715454 0.14112333953380585 
vt 0.9599011540412903 0.1423429697751999 
vt 0.9601430296897888 0.14136727154254913 
vt 0.9607477188110352 0.14283081889152527 
vt 0.9613524079322815 0.1418551206588745 
vt 0.9617152214050293 0.1434406340122223 
vt 0.9623199105262756 0.14258690178394318 
vt 0.9624408483505249 0.1440504491329193 
vt 0.9631664752960205 0.1434406340122223 
vt 0.9630455374717712 0.14490419626235962 
vt 0.9638921022415161 0.14441634714603424 
vt 0.9513145685195923 0.14392848312854767 
vt 0.9521611332893372 0.1429527848958969 
vt 0.953007698059082 0.14197708666324615 
vt 0.9540961384773254 0.1412453055381775 
vt 0.9553055167198181 0.1407574564218521 
vt 0.9566358327865601 0.14039155840873718 
vt 0.9578452110290527 0.14026959240436554 
vt 0.9591755270957947 0.14039155840873718 
vt 0.9605058431625366 0.1407574564218521 
vt 0.9617152214050293 0.1412453055381775 
vt 0.9628036618232727 0.14197708666324615 
vt 0.9636502265930176 0.1429527848958969 
vt 0.9644967913627625 0.14392848312854767 
vt 0.9218056797981262 0.5038412809371948 
vt 0.9218056797981262 0.34541136026382446 
vt 0.9490167498588562 0.5038412809371948 
vt 0.9488958120346069 0.34541136026382446 
vt 0.685613751411438 0.0005000000237487257 
vt 0.7059313654899597 0.0005000000237487257 
vt 0.685613751411438 0.48164403438568115 
vt 0.7059313654899597 0.48164403438568115 
vt 0.762651264667511 0.9066851139068604 
vt 0.7321748733520508 0.9066851139068604 
vt 0.7625303268432617 0.7602075338363647 
vt 0.7332633137702942 0.7602075338363647 
vt 0.9559102058410645 0.502133846282959 
vt 0.9553055167198181 0.5032314658164978 
vt 0.9559102058410645 0.5009142160415649 
vt 0.9553055167198181 0.49981650710105896 
vt 0.9542170763015747 0.4992067217826843 
vt 0.9528867602348328 0.4992067217826843 
vt 0.9519192576408386 0.49981650710105896 
vt 0.9513145685195923 0.5009142160415649 
vt 0.9513145685195923 0.5022557973861694 
vt 0.9519192576408386 0.5032314658164978 
vt 0.953007698059082 0.5038412809371948 
vt 0.954338014125824 0.5038412809371948 
vt 0.9568777084350586 0.3322393596172333 
vt 0.9554264545440674 0.33321505784988403 
vt 0.9577242732048035 0.33077579736709595 
vt 0.9577242732048035 0.3290683329105377 
vt 0.9567567706108093 0.3276047706604004 
vt 0.9553055167198181 0.3267510235309601 
vt 0.9536123871803284 0.3267510235309601 
vt 0.9521611332893372 0.32772672176361084 
vt 0.9513145685195923 0.32919028401374817 
vt 0.9513145685195923 0.3308977782726288 
vt 0.9521611332893372 0.3323613107204437 
vt 0.9537333250045776 0.33321505784988403 
vt 0.2474554032087326 0.9407127499580383 
vt 0.2474554032087326 0.8859513998031616 
vt 0.3092547059059143 0.9407127499580383 
vt 0.3092547059059143 0.8859513998031616 
vt 0.3092547059059143 0.9848634004592896 
vt 0.2474554032087326 0.9848634004592896 
vt 0.3092547059059143 0.9655932188034058 
vt 0.2474554032087326 0.9655932188034058 
vt 0.9630455374717712 0.15429534018039703 
vt 0.9630455374717712 0.15929582715034485 
vt 0.9619570970535278 0.15429534018039703 
vt 0.9619570970535278 0.15929582715034485 
vt 0.961110532283783 0.15429534018039703 
vt 0.961110532283783 0.15929582715034485 
vt 0.9601430296897888 0.15429534018039703 
vt 0.9601430296897888 0.15929582715034485 
vt 0.9590545892715454 0.15429534018039703 
vt 0.9590545892715454 0.15929582715034485 
vt 0.9580870866775513 0.15429534018039703 
vt 0.9580870866775513 0.15929582715034485 
vt 0.9571195840835571 0.15429534018039703 
vt 0.9571195840835571 0.15929582715034485 
vt 0.956152081489563 0.15429534018039703 
vt 0.956152081489563 0.15929582715034485 
vt 0.9551845788955688 0.15429534018039703 
vt 0.9551845788955688 0.15929582715034485 
vt 0.9542170763015747 0.15429534018039703 
vt 0.9542170763015747 0.15929582715034485 
vt 0.9532495737075806 0.15429534018039703 
vt 0.9532495737075806 0.15929582715034485 
vt 0.9521611332893372 0.15429534018039703 
vt 0.9521611332893372 0.15929582715034485 
vt 0.9513145685195923 0.15429534018039703 
vt 0.9513145685195923 0.15929582715034485 
vt 0.1559053361415863 0.942420244216919 
vt 0.1555425226688385 0.9431520104408264 
vt 0.15433312952518463 0.9419323801994324 
vt 0.15421219170093536 0.9427861571311951 
vt 0.15251906216144562 0.942176342010498 
vt 0.15276093780994415 0.9429081082344055 
vt 0.15094687044620514 0.9431520104408264 
vt 0.15155155956745148 0.943639874458313 
vt 0.149979367852211 0.9444935917854309 
vt 0.15082593262195587 0.944859504699707 
vt 0.1496165543794632 0.9462010860443115 
vt 0.15046311914920807 0.9462010860443115 
vt 0.149979367852211 0.9480305314064026 
vt 0.15082593262195587 0.947542667388916 
vt 0.15094687044620514 0.9493721127510071 
vt 0.15155155956745148 0.9487622976303101 
vt 0.15251906216144562 0.9503478407859802 
vt 0.15276093780994415 0.9494941234588623 
vt 0.15433312952518463 0.9504697918891907 
vt 0.15421219170093536 0.9497380256652832 
vt 0.15602627396583557 0.9499819278717041 
vt 0.1555425226688385 0.9492501616477966 
vt 0.15735659003257751 0.9488843083381653 
vt 0.15675190091133118 0.9483964443206787 
vt 0.15808221697807312 0.9474207162857056 
vt 0.15735659003257751 0.9470548629760742 
vt 0.15505877137184143 0.9441277384757996 
vt 0.1540912538766861 0.9437618255615234 
vt 0.15312375128269196 0.9438837766647339 
vt 0.15227718651294708 0.9443716406822205 
vt 0.15167249739170074 0.9453473687171936 
vt 0.15155155956745148 0.9462010860443115 
vt 0.15167249739170074 0.9471768140792847 
vt 0.15227718651294708 0.9480305314064026 
vt 0.15312375128269196 0.9486403465270996 
vt 0.1540912538766861 0.9486403465270996 
vt 0.15505877137184143 0.9483964443206787 
vt 0.1559053361415863 0.9477866291999817 
vt 0.1562681496143341 0.946932852268219 
vt 0.9885634779930115 0.0005000000237487257 
vt 0.9911031723022461 0.0005000000237487257 
vt 0.9885634779930115 0.002207482000812888 
vt 0.9911031723022461 0.002207482000812888 
vt 0.9885634779930115 0.00391496391966939 
vt 0.9911031723022461 0.00391496391966939 
vt 0.9885634779930115 0.005744408816099167 
vt 0.9911031723022461 0.005744408816099167 
vt 0.9885634779930115 0.007451890967786312 
vt 0.9911031723022461 0.007451890967786312 
vt 0.9885634779930115 0.009159373119473457 
vt 0.9911031723022461 0.009159373119473457 
vt 0.9885634779930115 0.010744892060756683 
vt 0.9911031723022461 0.010744892060756683 
vt 0.9885634779930115 0.012574337422847748 
vt 0.9911031723022461 0.012574337422847748 
vt 0.9885634779930115 0.014281818643212318 
vt 0.9911031723022461 0.014281818643212318 
vt 0.9885634779930115 0.01598930172622204 
vt 0.9911031723022461 0.01598930172622204 
vt 0.9885634779930115 0.01769678294658661 
vt 0.9911031723022461 0.01769678294658661 
vt 0.9885634779930115 0.019526228308677673 
vt 0.9911031723022461 0.019526228308677673 
vt 0.9885634779930115 0.021233709529042244 
vt 0.9911031723022461 0.021233709529042244 
vt 0.8405353426933289 0.1729556769132614 
vt 0.8405353426933289 0.33138561248779297 
vt 0.7321748733520508 0.1729556769132614 
vt 0.7321748733520508 0.33138561248779297 
vt 0.3092547059059143 0.9655932188034058 
vt 0.2474554032087326 0.9655932188034058 
vt 0.3092547059059143 0.9407127499580383 
vt 0.2474554032087326 0.9407127499580383 
vt 0.954338014125824 0.5038412809371948 
vt 0.953007698059082 0.5038412809371948 
vt 0.9553055167198181 0.5032314658164978 
vt 0.9519192576408386 0.5032314658164978 
vt 0.9513145685195923 0.5022557973861694 
vt 0.9513145685195923 0.5009142160415649 
vt 0.9519192576408386 0.49981650710105896 
vt 0.9528867602348328 0.4992067217826843 
vt 0.9542170763015747 0.4992067217826843 
vt 0.9553055167198181 0.49981650710105896 
vt 0.9559102058410645 0.5009142160415649 
vt 0.9644967913627625 0.14392848312854767 
vt 0.9638921022415161 0.14441634714603424 
vt 0.9636502265930176 0.1429527848958969 
vt 0.9631664752960205 0.1434406340122223 
vt 0.9628036618232727 0.14197708666324615 
vt 0.9623199105262756 0.14258690178394318 
vt 0.9617152214050293 0.1412453055381775 
vt 0.9613524079322815 0.1418551206588745 
vt 0.9605058431625366 0.1407574564218521 
vt 0.9601430296897888 0.14136727154254913 
vt 0.9591755270957947 0.14039155840873718 
vt 0.9590545892715454 0.14112333953380585 
vt 0.9578452110290527 0.14026959240436554 
vt 0.9578452110290527 0.1410013735294342 
vt 0.9566358327865601 0.14039155840873718 
vt 0.9567567706108093 0.14112333953380585 
vt 0.9553055167198181 0.1407574564218521 
vt 0.9555473923683167 0.14136727154254913 
vt 0.9540961384773254 0.1412453055381775 
vt 0.9544589519500732 0.1418551206588745 
vt 0.953007698059082 0.14197708666324615 
vt 0.9534914493560791 0.14246493577957153 
vt 0.9521611332893372 0.1429527848958969 
vt 0.9526448845863342 0.1434406340122223 
vt 0.9513145685195923 0.14392848312854767 
vt 0.9517983198165894 0.1442943811416626 
vt 0.9630455374717712 0.14490419626235962 
vt 0.9624408483505249 0.1440504491329193 
vt 0.9617152214050293 0.1434406340122223 
vt 0.9607477188110352 0.14283081889152527 
vt 0.9599011540412903 0.1423429697751999 
vt 0.9589336514472961 0.1420990377664566 
vt 0.9578452110290527 0.1420990377664566 
vt 0.9568777084350586 0.1420990377664566 
vt 0.9559102058410645 0.1423429697751999 
vt 0.9549427032470703 0.14283081889152527 
vt 0.9540961384773254 0.1434406340122223 
vt 0.9532495737075806 0.1440504491329193 
vt 0.9526448845863342 0.14478223025798798 
vt 0.9537333250045776 0.33321505784988403 
vt 0.9521611332893372 0.3323613107204437 
vt 0.9554264545440674 0.33321505784988403 
vt 0.9513145685195923 0.3308977782726288 
vt 0.9513145685195923 0.32919028401374817 
vt 0.9521611332893372 0.32772672176361084 
vt 0.9536123871803284 0.3267510235309601 
vt 0.9553055167198181 0.3267510235309601 
vt 0.9567567706108093 0.3276047706604004 
vt 0.9577242732048035 0.3290683329105377 
vt 0.9577242732048035 0.33077579736709595 
vt 0.051777713000774384 0.0005000000237487257 
vt 0.07560250163078308 0.024404747411608696 
vt 0.051777713000774384 0.7056900858879089 
vt 0.07560250163078308 0.6817853450775146 
vt 0.8864917755126953 0.9101000428199768 
vt 0.8850405216217041 0.9685203433036804 
vt 0.8304975032806396 0.9098561406135559 
vt 0.8556525707244873 0.9686422944068909 
vt 0.9513145685195923 0.15929582715034485 
vt 0.9513145685195923 0.15429534018039703 
vt 0.9521611332893372 0.15929582715034485 
vt 0.9521611332893372 0.15429534018039703 
vt 0.9532495737075806 0.15929582715034485 
vt 0.9532495737075806 0.15429534018039703 
vt 0.9542170763015747 0.15929582715034485 
vt 0.9542170763015747 0.15429534018039703 
vt 0.9551845788955688 0.15929582715034485 
vt 0.9551845788955688 0.15429534018039703 
vt 0.956152081489563 0.15929582715034485 
vt 0.956152081489563 0.15429534018039703 
vt 0.9571195840835571 0.15929582715034485 
vt 0.9571195840835571 0.15429534018039703 
vt 0.9580870866775513 0.15929582715034485 
vt 0.9580870866775513 0.15429534018039703 
vt 0.9590545892715454 0.15929582715034485 
vt 0.9590545892715454 0.15429534018039703 
vt 0.9601430296897888 0.15929582715034485 
vt 0.9601430296897888 0.15429534018039703 
vt 0.961110532283783 0.15929582715034485 
vt 0.961110532283783 0.15429534018039703 
vt 0.9619570970535278 0.15929582715034485 
vt 0.9619570970535278 0.15429534018039703 
vt 0.9630455374717712 0.15929582715034485 
vt 0.9630455374717712 0.15429534018039703 
vt 0.8947155475616455 0.1729556769132614 
vt 0.8947155475616455 0.33138561248779297 
vt 0.8405353426933289 0.1729556769132614 
vt 0.8405353426933289 0.33138561248779297 
vt 0.7927648425102234 0.9666908979415894 
vt 0.7927648425102234 0.9092463254928589 
vt 0.8556525707244873 0.9686422944068909 
vt 0.8304975032806396 0.9098561406135559 
vt 0.9911031723022461 0.021233709529042244 
vt 0.9885634779930115 0.021233709529042244 
vt 0.9911031723022461 0.019526228308677673 
vt 0.9885634779930115 0.019526228308677673 
vt 0.9911031723022461 0.01769678294658661 
vt 0.9885634779930115 0.01769678294658661 
vt 0.9911031723022461 0.01598930172622204 
vt 0.9885634779930115 0.01598930172622204 
vt 0.9911031723022461 0.014281818643212318 
vt 0.9885634779930115 0.014281818643212318 
vt 0.9911031723022461 0.012574337422847748 
vt 0.9885634779930115 0.012574337422847748 
vt 0.9911031723022461 0.010744892060756683 
vt 0.9885634779930115 0.010744892060756683 
vt 0.9911031723022461 0.009159373119473457 
vt 0.9885634779930115 0.009159373119473457 
vt 0.9911031723022461 0.007451890967786312 
vt 0.9885634779930115 0.007451890967786312 
vt 0.9911031723022461 0.005744408816099167 
vt 0.9885634779930115 0.005744408816099167 
vt 0.9911031723022461 0.00391496391966939 
vt 0.9885634779930115 0.00391496391966939 
vt 0.9911031723022461 0.002207482000812888 
vt 0.9885634779930115 0.002207482000812888 
vt 0.9911031723022461 0.0005000000237487257 
vt 0.9885634779930115 0.0005000000237487257 
vt 0.9526448845863342 0.14478223025798798 
vt 0.9517983198165894 0.1442943811416626 
vt 0.9532495737075806 0.1440504491329193 
vt 0.9526448845863342 0.1434406340122223 
vt 0.9540961384773254 0.1434406340122223 
vt 0.9534914493560791 0.14246493577957153 
vt 0.9549427032470703 0.14283081889152527 
vt 0.9544589519500732 0.1418551206588745 
vt 0.9559102058410645 0.1423429697751999 
vt 0.9555473923683167 0.14136727154254913 
vt 0.9568777084350586 0.1420990377664566 
vt 0.9567567706108093 0.14112333953380585 
vt 0.9578452110290527 0.1420990377664566 
vt 0.9578452110290527 0.1410013735294342 
vt 0.9589336514472961 0.1420990377664566 
vt 0.9590545892715454 0.14112333953380585 
vt 0.9599011540412903 0.1423429697751999 
vt 0.9601430296897888 0.14136727154254913 
vt 0.9607477188110352 0.14283081889152527 
vt 0.9613524079322815 0.1418551206588745 
vt 0.9617152214050293 0.1434406340122223 
vt 0.9623199105262756 0.14258690178394318 
vt 0.9624408483505249 0.1440504491329193 
vt 0.9631664752960205 0.1434406340122223 
vt 0.9630455374717712 0.14490419626235962 
vt 0.9638921022415161 0.14441634714603424 
vt 0.9513145685195923 0.14392848312854767 
vt 0.9521611332893372 0.1429527848958969 
vt 0.953007698059082 0.14197708666324615 
vt 0.9540961384773254 0.1412453055381775 
vt 0.9553055167198181 0.1407574564218521 
vt 0.9566358327865601 0.14039155840873718 
vt 0.9578452110290527 0.14026959240436554 
vt 0.9591755270957947 0.14039155840873718 
vt 0.9605058431625366 0.1407574564218521 
vt 0.9617152214050293 0.1412453055381775 
vt 0.9628036618232727 0.14197708666324615 
vt 0.9636502265930176 0.1429527848958969 
vt 0.9644967913627625 0.14392848312854767 
vt 0.954338014125824 0.5038412809371948 
vt 0.953007698059082 0.5038412809371948 
vt 0.9553055167198181 0.5032314658164978 
vt 0.9519192576408386 0.5032314658164978 
vt 0.9513145685195923 0.5022557973861694 
vt 0.9513145685195923 0.5009142160415649 
vt 0.9519192576408386 0.49981650710105896 
vt 0.9528867602348328 0.4992067217826843 
vt 0.9542170763015747 0.4992067217826843 
vt 0.9553055167198181 0.49981650710105896 
vt 0.9559102058410645 0.5009142160415649 
vt 0.4711906909942627 0.9075388312339783 
vt 0.5328691005706787 0.9075388312339783 
vt 0.4711906909942627 0.9462010860443115 
vt 0.5328691005706787 0.9462010860443115 
vt 0.9537333250045776 0.33321505784988403 
vt 0.9521611332893372 0.3323613107204437 
vt 0.9554264545440674 0.33321505784988403 
vt 0.9513145685195923 0.3308977782726288 
vt 0.9513145685195923 0.32919028401374817 
vt 0.9521611332893372 0.32772672176361084 
vt 0.9536123871803284 0.3267510235309601 
vt 0.9553055167198181 0.3267510235309601 
vt 0.9567567706108093 0.3276047706604004 
vt 0.9577242732048035 0.3290683329105377 
vt 0.9577242732048035 0.33077579736709595 
vt 0.9911031723022461 0.021233709529042244 
vt 0.9885634779930115 0.021233709529042244 
vt 0.9911031723022461 0.019526228308677673 
vt 0.9885634779930115 0.019526228308677673 
vt 0.9911031723022461 0.01769678294658661 
vt 0.9885634779930115 0.01769678294658661 
vt 0.9911031723022461 0.01598930172622204 
vt 0.9885634779930115 0.01598930172622204 
vt 0.9911031723022461 0.014281818643212318 
vt 0.9885634779930115 0.014281818643212318 
vt 0.9911031723022461 0.012574337422847748 
vt 0.9885634779930115 0.012574337422847748 
vt 0.9911031723022461 0.010744892060756683 
vt 0.9885634779930115 0.010744892060756683 
vt 0.9911031723022461 0.009159373119473457 
vt 0.9885634779930115 0.009159373119473457 
vt 0.9911031723022461 0.007451890967786312 
vt 0.9885634779930115 0.007451890967786312 
vt 0.9911031723022461 0.005744408816099167 
vt 0.9885634779930115 0.005744408816099167 
vt 0.9911031723022461 0.00391496391966939 
vt 0.9885634779930115 0.00391496391966939 
vt 0.9911031723022461 0.002207482000812888 
vt 0.9885634779930115 0.002207482000812888 
vt 0.9911031723022461 0.0005000000237487257 
vt 0.9885634779930115 0.0005000000237487257 
vt 0.9218056797981262 0.1729556769132614 
vt 0.9218056797981262 0.33138561248779297 
vt 0.8947155475616455 0.1729556769132614 
vt 0.8947155475616455 0.33138561248779297 
vt 0.9513145685195923 0.15929582715034485 
vt 0.9513145685195923 0.15429534018039703 
vt 0.9521611332893372 0.15929582715034485 
vt 0.9521611332893372 0.15429534018039703 
vt 0.9532495737075806 0.15929582715034485 
vt 0.9532495737075806 0.15429534018039703 
vt 0.9542170763015747 0.15929582715034485 
vt 0.9542170763015747 0.15429534018039703 
vt 0.9551845788955688 0.15929582715034485 
vt 0.9551845788955688 0.15429534018039703 
vt 0.956152081489563 0.15929582715034485 
vt 0.956152081489563 0.15429534018039703 
vt 0.9571195840835571 0.15929582715034485 
vt 0.9571195840835571 0.15429534018039703 
vt 0.9580870866775513 0.15929582715034485 
vt 0.9580870866775513 0.15429534018039703 
vt 0.9590545892715454 0.15929582715034485 
vt 0.9590545892715454 0.15429534018039703 
vt 0.9601430296897888 0.15929582715034485 
vt 0.9601430296897888 0.15429534018039703 
vt 0.961110532283783 0.15929582715034485 
vt 0.961110532283783 0.15429534018039703 
vt 0.9619570970535278 0.15929582715034485 
vt 0.9619570970535278 0.15429534018039703 
vt 0.9630455374717712 0.15929582715034485 
vt 0.9630455374717712 0.15429534018039703 
vt 0.1559053361415863 0.942420244216919 
vt 0.1555425226688385 0.9431520104408264 
vt 0.15433312952518463 0.9419323801994324 
vt 0.15421219170093536 0.9427861571311951 
vt 0.15251906216144562 0.942176342010498 
vt 0.15276093780994415 0.9429081082344055 
vt 0.15094687044620514 0.9431520104408264 
vt 0.15155155956745148 0.943639874458313 
vt 0.149979367852211 0.9444935917854309 
vt 0.15082593262195587 0.944859504699707 
vt 0.1496165543794632 0.9462010860443115 
vt 0.15046311914920807 0.9462010860443115 
vt 0.149979367852211 0.9480305314064026 
vt 0.15082593262195587 0.947542667388916 
vt 0.15094687044620514 0.9493721127510071 
vt 0.15155155956745148 0.9487622976303101 
vt 0.15251906216144562 0.9503478407859802 
vt 0.15276093780994415 0.9494941234588623 
vt 0.15433312952518463 0.9504697918891907 
vt 0.15421219170093536 0.9497380256652832 
vt 0.15602627396583557 0.9499819278717041 
vt 0.1555425226688385 0.9492501616477966 
vt 0.15735659003257751 0.9488843083381653 
vt 0.15675190091133118 0.9483964443206787 
vt 0.15808221697807312 0.9474207162857056 
vt 0.15735659003257751 0.9470548629760742 
vt 0.15505877137184143 0.9441277384757996 
vt 0.1540912538766861 0.9437618255615234 
vt 0.15312375128269196 0.9438837766647339 
vt 0.15227718651294708 0.9443716406822205 
vt 0.15167249739170074 0.9453473687171936 
vt 0.15155155956745148 0.9462010860443115 
vt 0.15167249739170074 0.9471768140792847 
vt 0.15227718651294708 0.9480305314064026 
vt 0.15312375128269196 0.9486403465270996 
vt 0.1540912538766861 0.9486403465270996 
vt 0.15505877137184143 0.9483964443206787 
vt 0.1559053361415863 0.9477866291999817 
vt 0.1562681496143341 0.946932852268219 
vt 0.9526448845863342 0.14478223025798798 
vt 0.9517983198165894 0.1442943811416626 
vt 0.9532495737075806 0.1440504491329193 
vt 0.9526448845863342 0.1434406340122223 
vt 0.9540961384773254 0.1434406340122223 
vt 0.9534914493560791 0.14246493577957153 
vt 0.9549427032470703 0.14283081889152527 
vt 0.9544589519500732 0.1418551206588745 
vt 0.9559102058410645 0.1423429697751999 
vt 0.9555473923683167 0.14136727154254913 
vt 0.9568777084350586 0.1420990377664566 
vt 0.9567567706108093 0.14112333953380585 
vt 0.9578452110290527 0.1420990377664566 
vt 0.9578452110290527 0.1410013735294342 
vt 0.9589336514472961 0.1420990377664566 
vt 0.9590545892715454 0.14112333953380585 
vt 0.9599011540412903 0.1423429697751999 
vt 0.9601430296897888 0.14136727154254913 
vt 0.9607477188110352 0.14283081889152527 
vt 0.9613524079322815 0.1418551206588745 
vt 0.9617152214050293 0.1434406340122223 
vt 0.9623199105262756 0.14258690178394318 
vt 0.9624408483505249 0.1440504491329193 
vt 0.9631664752960205 0.1434406340122223 
vt 0.9630455374717712 0.14490419626235962 
vt 0.9638921022415161 0.14441634714603424 
vt 0.9513145685195923 0.14392848312854767 
vt 0.9521611332893372 0.1429527848958969 
vt 0.953007698059082 0.14197708666324615 
vt 0.9540961384773254 0.1412453055381775 
vt 0.9553055167198181 0.1407574564218521 
vt 0.9566358327865601 0.14039155840873718 
vt 0.9578452110290527 0.14026959240436554 
vt 0.9591755270957947 0.14039155840873718 
vt 0.9605058431625366 0.1407574564218521 
vt 0.9617152214050293 0.1412453055381775 
vt 0.9628036618232727 0.14197708666324615 
vt 0.9636502265930176 0.1429527848958969 
vt 0.9644967913627625 0.14392848312854767 
vt 0.1559053361415863 0.942420244216919 
vt 0.1555425226688385 0.9431520104408264 
vt 0.15433312952518463 0.9419323801994324 
vt 0.15421219170093536 0.9427861571311951 
vt 0.15251906216144562 0.942176342010498 
vt 0.15276093780994415 0.9429081082344055 
vt 0.15094687044620514 0.9431520104408264 
vt 0.15155155956745148 0.943639874458313 
vt 0.149979367852211 0.9444935917854309 
vt 0.15082593262195587 0.944859504699707 
vt 0.1496165543794632 0.9462010860443115 
vt 0.15046311914920807 0.9462010860443115 
vt 0.149979367852211 0.9480305314064026 
vt 0.15082593262195587 0.947542667388916 
vt 0.15094687044620514 0.9493721127510071 
vt 0.15155155956745148 0.9487622976303101 
vt 0.15251906216144562 0.9503478407859802 
vt 0.15276093780994415 0.9494941234588623 
vt 0.15433312952518463 0.9504697918891907 
vt 0.15421219170093536 0.9497380256652832 
vt 0.15602627396583557 0.9499819278717041 
vt 0.1555425226688385 0.9492501616477966 
vt 0.15735659003257751 0.9488843083381653 
vt 0.15675190091133118 0.9483964443206787 
vt 0.15808221697807312 0.9474207162857056 
vt 0.15735659003257751 0.9470548629760742 
vt 0.15505877137184143 0.9441277384757996 
vt 0.1540912538766861 0.9437618255615234 
vt 0.15312375128269196 0.9438837766647339 
vt 0.15227718651294708 0.9443716406822205 
vt 0.15167249739170074 0.9453473687171936 
vt 0.15155155956745148 0.9462010860443115 
vt 0.15167249739170074 0.9471768140792847 
vt 0.15227718651294708 0.9480305314064026 
vt 0.15312375128269196 0.9486403465270996 
vt 0.1540912538766861 0.9486403465270996 
vt 0.15505877137184143 0.9483964443206787 
vt 0.1559053361415863 0.9477866291999817 
vt 0.1562681496143341 0.946932852268219 
vt 0.5923705697059631 0.0005000000237487257 
vt 0.6126881837844849 0.0005000000237487257 
vt 0.5923705697059631 0.6580025553703308 
vt 0.6126881837844849 0.6580025553703308 
vt 0.9537333250045776 0.33321505784988403 
vt 0.9521611332893372 0.3323613107204437 
vt 0.9554264545440674 0.33321505784988403 
vt 0.9513145685195923 0.3308977782726288 
vt 0.9513145685195923 0.32919028401374817 
vt 0.9521611332893372 0.32772672176361084 
vt 0.9536123871803284 0.3267510235309601 
vt 0.9553055167198181 0.3267510235309601 
vt 0.9567567706108093 0.3276047706604004 
vt 0.9577242732048035 0.3290683329105377 
vt 0.9577242732048035 0.33077579736709595 
vt 0.9488958120346069 0.1729556769132614 
vt 0.9490167498588562 0.33138561248779297 
vt 0.9218056797981262 0.1729556769132614 
vt 0.9218056797981262 0.33138561248779297 
vt 0.9513145685195923 0.15929582715034485 
vt 0.9513145685195923 0.15429534018039703 
vt 0.9521611332893372 0.15929582715034485 
vt 0.9521611332893372 0.15429534018039703 
vt 0.9532495737075806 0.15929582715034485 
vt 0.9532495737075806 0.15429534018039703 
vt 0.9542170763015747 0.15929582715034485 
vt 0.9542170763015747 0.15429534018039703 
vt 0.9551845788955688 0.15929582715034485 
vt 0.9551845788955688 0.15429534018039703 
vt 0.956152081489563 0.15929582715034485 
vt 0.956152081489563 0.15429534018039703 
vt 0.9571195840835571 0.15929582715034485 
vt 0.9571195840835571 0.15429534018039703 
vt 0.9580870866775513 0.15929582715034485 
vt 0.9580870866775513 0.15429534018039703 
vt 0.9590545892715454 0.15929582715034485 
vt 0.9590545892715454 0.15429534018039703 
vt 0.9601430296897888 0.15929582715034485 
vt 0.9601430296897888 0.15429534018039703 
vt 0.961110532283783 0.15929582715034485 
vt 0.961110532283783 0.15429534018039703 
vt 0.9619570970535278 0.15929582715034485 
vt 0.9619570970535278 0.15429534018039703 
vt 0.9630455374717712 0.15929582715034485 
vt 0.9630455374717712 0.15429534018039703 
vt 0.9000368714332581 0.988888144493103 
vt 0.9000368714332581 0.9515674710273743 
vt 0.9613524079322815 0.988888144493103 
vt 0.9613524079322815 0.9380295872688293 
vt 0.9911031723022461 0.021233709529042244 
vt 0.9885634779930115 0.021233709529042244 
vt 0.9911031723022461 0.019526228308677673 
vt 0.9885634779930115 0.019526228308677673 
vt 0.9911031723022461 0.01769678294658661 
vt 0.9885634779930115 0.01769678294658661 
vt 0.9911031723022461 0.01598930172622204 
vt 0.9885634779930115 0.01598930172622204 
vt 0.9911031723022461 0.014281818643212318 
vt 0.9885634779930115 0.014281818643212318 
vt 0.9911031723022461 0.012574337422847748 
vt 0.9885634779930115 0.012574337422847748 
vt 0.9911031723022461 0.010744892060756683 
vt 0.9885634779930115 0.010744892060756683 
vt 0.9911031723022461 0.009159373119473457 
vt 0.9885634779930115 0.009159373119473457 
vt 0.9911031723022461 0.007451890967786312 
vt 0.9885634779930115 0.007451890967786312 
vt 0.9911031723022461 0.005744408816099167 
vt 0.9885634779930115 0.005744408816099167 
vt 0.9911031723022461 0.00391496391966939 
vt 0.9885634779930115 0.00391496391966939 
vt 0.9911031723022461 0.002207482000812888 
vt 0.9885634779930115 0.002207482000812888 
vt 0.9911031723022461 0.0005000000237487257 
vt 0.9885634779930115 0.0005000000237487257 
vt 0.9526448845863342 0.14478223025798798 
vt 0.9517983198165894 0.1442943811416626 
vt 0.9532495737075806 0.1440504491329193 
vt 0.9526448845863342 0.1434406340122223 
vt 0.9540961384773254 0.1434406340122223 
vt 0.9534914493560791 0.14246493577957153 
vt 0.9549427032470703 0.14283081889152527 
vt 0.9544589519500732 0.1418551206588745 
vt 0.9559102058410645 0.1423429697751999 
vt 0.9555473923683167 0.14136727154254913 
vt 0.9568777084350586 0.1420990377664566 
vt 0.9567567706108093 0.14112333953380585 
vt 0.9578452110290527 0.1420990377664566 
vt 0.9578452110290527 0.1410013735294342 
vt 0.9589336514472961 0.1420990377664566 
vt 0.9590545892715454 0.14112333953380585 
vt 0.9599011540412903 0.1423429697751999 
vt 0.9601430296897888 0.14136727154254913 
vt 0.9607477188110352 0.14283081889152527 
vt 0.9613524079322815 0.1418551206588745 
vt 0.9617152214050293 0.1434406340122223 
vt 0.9623199105262756 0.14258690178394318 
vt 0.9624408483505249 0.1440504491329193 
vt 0.9631664752960205 0.1434406340122223 
vt 0.9630455374717712 0.14490419626235962 
vt 0.9638921022415161 0.14441634714603424 
vt 0.9513145685195923 0.14392848312854767 
vt 0.9521611332893372 0.1429527848958969 
vt 0.953007698059082 0.14197708666324615 
vt 0.9540961384773254 0.1412453055381775 
vt 0.9553055167198181 0.1407574564218521 
vt 0.9566358327865601 0.14039155840873718 
vt 0.9578452110290527 0.14026959240436554 
vt 0.9591755270957947 0.14039155840873718 
vt 0.9605058431625366 0.1407574564218521 
vt 0.9617152214050293 0.1412453055381775 
vt 0.9628036618232727 0.14197708666324615 
vt 0.9636502265930176 0.1429527848958969 
vt 0.9644967913627625 0.14392848312854767 
vt 0.954338014125824 0.5038412809371948 
vt 0.953007698059082 0.5038412809371948 
vt 0.9553055167198181 0.5032314658164978 
vt 0.9519192576408386 0.5032314658164978 
vt 0.9513145685195923 0.5022557973861694 
vt 0.9513145685195923 0.5009142160415649 
vt 0.9519192576408386 0.49981650710105896 
vt 0.9528867602348328 0.4992067217826843 
vt 0.9542170763015747 0.4992067217826843 
vt 0.9553055167198181 0.49981650710105896 
vt 0.9559102058410645 0.5009142160415649 
vt 0.2813180387020111 0.722886860370636 
vt 0.2813180387020111 0.8814387321472168 
vt 0.17295758426189423 0.722886860370636 
vt 0.22725875675678253 0.8309460878372192 
vt 0.17295758426189423 0.7799655199050903 
vt 0.9568777084350586 0.3322393596172333 
vt 0.9554264545440674 0.33321505784988403 
vt 0.9577242732048035 0.33077579736709595 
vt 0.9577242732048035 0.3290683329105377 
vt 0.9567567706108093 0.3276047706604004 
vt 0.9553055167198181 0.3267510235309601 
vt 0.9536123871803284 0.3267510235309601 
vt 0.9521611332893372 0.32772672176361084 
vt 0.9513145685195923 0.32919028401374817 
vt 0.9513145685195923 0.3308977782726288 
vt 0.9521611332893372 0.3323613107204437 
vt 0.9537333250045776 0.33321505784988403 
vt 0.9559102058410645 0.502133846282959 
vt 0.9553055167198181 0.5032314658164978 
vt 0.9559102058410645 0.5009142160415649 
vt 0.9553055167198181 0.49981650710105896 
vt 0.9542170763015747 0.4992067217826843 
vt 0.9528867602348328 0.4992067217826843 
vt 0.9519192576408386 0.49981650710105896 
vt 0.9513145685195923 0.5009142160415649 
vt 0.9513145685195923 0.5022557973861694 
vt 0.9519192576408386 0.5032314658164978 
vt 0.953007698059082 0.5038412809371948 
vt 0.954338014125824 0.5038412809371948 
vt 0.5328691005706787 0.9075388312339783 
vt 0.4711906909942627 0.9075388312339783 
vt 0.5328691005706787 0.8859513998031616 
vt 0.4711906909942627 0.8859513998031616 
vt 0.9513145685195923 0.15929582715034485 
vt 0.9513145685195923 0.15429534018039703 
vt 0.9521611332893372 0.15929582715034485 
vt 0.9521611332893372 0.15429534018039703 
vt 0.9532495737075806 0.15929582715034485 
vt 0.9532495737075806 0.15429534018039703 
vt 0.9542170763015747 0.15929582715034485 
vt 0.9542170763015747 0.15429534018039703 
vt 0.9551845788955688 0.15929582715034485 
vt 0.9551845788955688 0.15429534018039703 
vt 0.956152081489563 0.15929582715034485 
vt 0.956152081489563 0.15429534018039703 
vt 0.9571195840835571 0.15929582715034485 
vt 0.9571195840835571 0.15429534018039703 
vt 0.9580870866775513 0.15929582715034485 
vt 0.9580870866775513 0.15429534018039703 
vt 0.9590545892715454 0.15929582715034485 
vt 0.9590545892715454 0.15429534018039703 
vt 0.9601430296897888 0.15929582715034485 
vt 0.9601430296897888 0.15429534018039703 
vt 0.961110532283783 0.15929582715034485 
vt 0.961110532283783 0.15429534018039703 
vt 0.9619570970535278 0.15929582715034485 
vt 0.9619570970535278 0.15429534018039703 
vt 0.9630455374717712 0.15929582715034485 
vt 0.9630455374717712 0.15429534018039703 
vt 0.9885634779930115 0.0005000000237487257 
vt 0.9911031723022461 0.0005000000237487257 
vt 0.9885634779930115 0.002207482000812888 
vt 0.9911031723022461 0.002207482000812888 
vt 0.9885634779930115 0.00391496391966939 
vt 0.9911031723022461 0.00391496391966939 
vt 0.9885634779930115 0.005744408816099167 
vt 0.9911031723022461 0.005744408816099167 
vt 0.9885634779930115 0.007451890967786312 
vt 0.9911031723022461 0.007451890967786312 
vt 0.9885634779930115 0.009159373119473457 
vt 0.9911031723022461 0.009159373119473457 
vt 0.9885634779930115 0.010744892060756683 
vt 0.9911031723022461 0.010744892060756683 
vt 0.9885634779930115 0.012574337422847748 
vt 0.9911031723022461 0.012574337422847748 
vt 0.9885634779930115 0.014281818643212318 
vt 0.9911031723022461 0.014281818643212318 
vt 0.9885634779930115 0.01598930172622204 
vt 0.9911031723022461 0.01598930172622204 
vt 0.9885634779930115 0.01769678294658661 
vt 0.9911031723022461 0.01769678294658661 
vt 0.9885634779930115 0.019526228308677673 
vt 0.9911031723022461 0.019526228308677673 
vt 0.9885634779930115 0.021233709529042244 
vt 0.9911031723022461 0.021233709529042244 
vt 0.1559053361415863 0.942420244216919 
vt 0.1555425226688385 0.9431520104408264 
vt 0.15433312952518463 0.9419323801994324 
vt 0.15421219170093536 0.9427861571311951 
vt 0.15251906216144562 0.942176342010498 
vt 0.15276093780994415 0.9429081082344055 
vt 0.15094687044620514 0.9431520104408264 
vt 0.15155155956745148 0.943639874458313 
vt 0.149979367852211 0.9444935917854309 
vt 0.15082593262195587 0.944859504699707 
vt 0.1496165543794632 0.9462010860443115 
vt 0.15046311914920807 0.9462010860443115 
vt 0.149979367852211 0.9480305314064026 
vt 0.15082593262195587 0.947542667388916 
vt 0.15094687044620514 0.9493721127510071 
vt 0.15155155956745148 0.9487622976303101 
vt 0.15251906216144562 0.9503478407859802 
vt 0.15276093780994415 0.9494941234588623 
vt 0.15433312952518463 0.9504697918891907 
vt 0.15421219170093536 0.9497380256652832 
vt 0.15602627396583557 0.9499819278717041 
vt 0.1555425226688385 0.9492501616477966 
vt 0.15735659003257751 0.9488843083381653 
vt 0.15675190091133118 0.9483964443206787 
vt 0.15808221697807312 0.9474207162857056 
vt 0.15735659003257751 0.9470548629760742 
vt 0.15505877137184143 0.9441277384757996 
vt 0.1540912538766861 0.9437618255615234 
vt 0.15312375128269196 0.9438837766647339 
vt 0.15227718651294708 0.9443716406822205 
vt 0.15167249739170074 0.9453473687171936 
vt 0.15155155956745148 0.9462010860443115 
vt 0.15167249739170074 0.9471768140792847 
vt 0.15227718651294708 0.9480305314064026 
vt 0.15312375128269196 0.9486403465270996 
vt 0.1540912538766861 0.9486403465270996 
vt 0.15505877137184143 0.9483964443206787 
vt 0.1559053361415863 0.9477866291999817 
vt 0.1562681496143341 0.946932852268219 
vt 0.9526448845863342 0.14478223025798798 
vt 0.9517983198165894 0.1442943811416626 
vt 0.9532495737075806 0.1440504491329193 
vt 0.9526448845863342 0.1434406340122223 
vt 0.9540961384773254 0.1434406340122223 
vt 0.9534914493560791 0.14246493577957153 
vt 0.9549427032470703 0.14283081889152527 
vt 0.9544589519500732 0.1418551206588745 
vt 0.9559102058410645 0.1423429697751999 
vt 0.9555473923683167 0.14136727154254913 
vt 0.9568777084350586 0.1420990377664566 
vt 0.9567567706108093 0.14112333953380585 
vt 0.9578452110290527 0.1420990377664566 
vt 0.9578452110290527 0.1410013735294342 
vt 0.9589336514472961 0.1420990377664566 
vt 0.9590545892715454 0.14112333953380585 
vt 0.9599011540412903 0.1423429697751999 
vt 0.9601430296897888 0.14136727154254913 
vt 0.9607477188110352 0.14283081889152527 
vt 0.9613524079322815 0.1418551206588745 
vt 0.9617152214050293 0.1434406340122223 
vt 0.9623199105262756 0.14258690178394318 
vt 0.9624408483505249 0.1440504491329193 
vt 0.9631664752960205 0.1434406340122223 
vt 0.9630455374717712 0.14490419626235962 
vt 0.9638921022415161 0.14441634714603424 
vt 0.9513145685195923 0.14392848312854767 
vt 0.9521611332893372 0.1429527848958969 
vt 0.953007698059082 0.14197708666324615 
vt 0.9540961384773254 0.1412453055381775 
vt 0.9553055167198181 0.1407574564218521 
vt 0.9566358327865601 0.14039155840873718 
vt 0.9578452110290527 0.14026959240436554 
vt 0.9591755270957947 0.14039155840873718 
vt 0.9605058431625366 0.1407574564218521 
vt 0.9617152214050293 0.1412453055381775 
vt 0.9628036618232727 0.14197708666324615 
vt 0.9636502265930176 0.1429527848958969 
vt 0.9644967913627625 0.14392848312854767 
vt 0.954338014125824 0.5038412809371948 
vt 0.953007698059082 0.5038412809371948 
vt 0.9553055167198181 0.5032314658164978 
vt 0.9519192576408386 0.5032314658164978 
vt 0.9513145685195923 0.5022557973861694 
vt 0.9513145685195923 0.5009142160415649 
vt 0.9519192576408386 0.49981650710105896 
vt 0.9528867602348328 0.4992067217826843 
vt 0.9542170763015747 0.4992067217826843 
vt 0.9553055167198181 0.49981650710105896 
vt 0.9559102058410645 0.5009142160415649 
vt 0.9537333250045776 0.33321505784988403 
vt 0.9521611332893372 0.3323613107204437 
vt 0.9554264545440674 0.33321505784988403 
vt 0.9513145685195923 0.3308977782726288 
vt 0.9513145685195923 0.32919028401374817 
vt 0.9521611332893372 0.32772672176361084 
vt 0.9536123871803284 0.3267510235309601 
vt 0.9553055167198181 0.3267510235309601 
vt 0.9567567706108093 0.3276047706604004 
vt 0.9577242732048035 0.3290683329105377 
vt 0.9577242732048035 0.33077579736709595 
vt 0.9000368714332581 0.8907079100608826 
vt 0.9613524079322815 0.8907079100608826 
vt 0.9000368714332581 0.9515674710273743 
vt 0.9613524079322815 0.9380295872688293 
vt 0.3356192111968994 0.722886860370636 
vt 0.33549827337265015 0.8814387321472168 
vt 0.2813180387020111 0.722886860370636 
vt 0.2813180387020111 0.8814387321472168 
vt 0.9513145685195923 0.15929582715034485 
vt 0.9513145685195923 0.15429534018039703 
vt 0.9521611332893372 0.15929582715034485 
vt 0.9521611332893372 0.15429534018039703 
vt 0.9532495737075806 0.15929582715034485 
vt 0.9532495737075806 0.15429534018039703 
vt 0.9542170763015747 0.15929582715034485 
vt 0.9542170763015747 0.15429534018039703 
vt 0.9551845788955688 0.15929582715034485 
vt 0.9551845788955688 0.15429534018039703 
vt 0.956152081489563 0.15929582715034485 
vt 0.956152081489563 0.15429534018039703 
vt 0.9571195840835571 0.15929582715034485 
vt 0.9571195840835571 0.15429534018039703 
vt 0.9580870866775513 0.15929582715034485 
vt 0.9580870866775513 0.15429534018039703 
vt 0.9590545892715454 0.15929582715034485 
vt 0.9590545892715454 0.15429534018039703 
vt 0.9601430296897888 0.15929582715034485 
vt 0.9601430296897888 0.15429534018039703 
vt 0.961110532283783 0.15929582715034485 
vt 0.961110532283783 0.15429534018039703 
vt 0.9619570970535278 0.15929582715034485 
vt 0.9619570970535278 0.15429534018039703 
vt 0.9630455374717712 0.15929582715034485 
vt 0.9630455374717712 0.15429534018039703 
vt 0.9911031723022461 0.021233709529042244 
vt 0.9885634779930115 0.021233709529042244 
vt 0.9911031723022461 0.019526228308677673 
vt 0.9885634779930115 0.019526228308677673 
vt 0.9911031723022461 0.01769678294658661 
vt 0.9885634779930115 0.01769678294658661 
vt 0.9911031723022461 0.01598930172622204 
vt 0.9885634779930115 0.01598930172622204 
vt 0.9911031723022461 0.014281818643212318 
vt 0.9885634779930115 0.014281818643212318 
vt 0.9911031723022461 0.012574337422847748 
vt 0.9885634779930115 0.012574337422847748 
vt 0.9911031723022461 0.010744892060756683 
vt 0.9885634779930115 0.010744892060756683 
vt 0.9911031723022461 0.009159373119473457 
vt 0.9885634779930115 0.009159373119473457 
vt 0.9911031723022461 0.007451890967786312 
vt 0.9885634779930115 0.007451890967786312 
vt 0.9911031723022461 0.005744408816099167 
vt 0.9885634779930115 0.005744408816099167 
vt 0.9911031723022461 0.00391496391966939 
vt 0.9885634779930115 0.00391496391966939 
vt 0.9911031723022461 0.002207482000812888 
vt 0.9885634779930115 0.002207482000812888 
vt 0.9911031723022461 0.0005000000237487257 
vt 0.9885634779930115 0.0005000000237487257 
vt 0.9911031723022461 0.021233709529042244 
vt 0.9885634779930115 0.021233709529042244 
vt 0.9911031723022461 0.019526228308677673 
vt 0.9885634779930115 0.019526228308677673 
vt 0.9911031723022461 0.01769678294658661 
vt 0.9885634779930115 0.01769678294658661 
vt 0.9911031723022461 0.01598930172622204 
vt 0.9885634779930115 0.01598930172622204 
vt 0.9911031723022461 0.014281818643212318 
vt 0.9885634779930115 0.014281818643212318 
vt 0.9911031723022461 0.012574337422847748 
vt 0.9885634779930115 0.012574337422847748 
vt 0.9911031723022461 0.010744892060756683 
vt 0.9885634779930115 0.010744892060756683 
vt 0.9911031723022461 0.009159373119473457 
vt 0.9885634779930115 0.009159373119473457 
vt 0.9911031723022461 0.007451890967786312 
vt 0.9885634779930115 0.007451890967786312 
vt 0.9911031723022461 0.005744408816099167 
vt 0.9885634779930115 0.005744408816099167 
vt 0.9911031723022461 0.00391496391966939 
vt 0.9885634779930115 0.00391496391966939 
vt 0.9911031723022461 0.002207482000812888 
vt 0.9885634779930115 0.002207482000812888 
vt 0.9911031723022461 0.0005000000237487257 
vt 0.9885634779930115 0.0005000000237487257 
vt 0.9526448845863342 0.14478223025798798 
vt 0.9517983198165894 0.1442943811416626 
vt 0.9532495737075806 0.1440504491329193 
vt 0.9526448845863342 0.1434406340122223 
vt 0.9540961384773254 0.1434406340122223 
vt 0.9534914493560791 0.14246493577957153 
vt 0.9549427032470703 0.14283081889152527 
vt 0.9544589519500732 0.1418551206588745 
vt 0.9559102058410645 0.1423429697751999 
vt 0.9555473923683167 0.14136727154254913 
vt 0.9568777084350586 0.1420990377664566 
vt 0.9567567706108093 0.14112333953380585 
vt 0.9578452110290527 0.1420990377664566 
vt 0.9578452110290527 0.1410013735294342 
vt 0.9589336514472961 0.1420990377664566 
vt 0.9590545892715454 0.14112333953380585 
vt 0.9599011540412903 0.1423429697751999 
vt 0.9601430296897888 0.14136727154254913 
vt 0.9607477188110352 0.14283081889152527 
vt 0.9613524079322815 0.1418551206588745 
vt 0.9617152214050293 0.1434406340122223 
vt 0.9623199105262756 0.14258690178394318 
vt 0.9624408483505249 0.1440504491329193 
vt 0.9631664752960205 0.1434406340122223 
vt 0.9630455374717712 0.14490419626235962 
vt 0.9638921022415161 0.14441634714603424 
vt 0.9513145685195923 0.14392848312854767 
vt 0.9521611332893372 0.1429527848958969 
vt 0.953007698059082 0.14197708666324615 
vt 0.9540961384773254 0.1412453055381775 
vt 0.9553055167198181 0.1407574564218521 
vt 0.9566358327865601 0.14039155840873718 
vt 0.9578452110290527 0.14026959240436554 
vt 0.9591755270957947 0.14039155840873718 
vt 0.9605058431625366 0.1407574564218521 
vt 0.9617152214050293 0.1412453055381775 
vt 0.9628036618232727 0.14197708666324615 
vt 0.9636502265930176 0.1429527848958969 
vt 0.9644967913627625 0.14392848312854767 
vt 0.954338014125824 0.5038412809371948 
vt 0.953007698059082 0.5038412809371948 
vt 0.9553055167198181 0.5032314658164978 
vt 0.9519192576408386 0.5032314658164978 
vt 0.9513145685195923 0.5022557973861694 
vt 0.9513145685195923 0.5009142160415649 
vt 0.9519192576408386 0.49981650710105896 
vt 0.9528867602348328 0.4992067217826843 
vt 0.9542170763015747 0.4992067217826843 
vt 0.9553055167198181 0.49981650710105896 
vt 0.9559102058410645 0.5009142160415649 
vt 0.1559053361415863 0.942420244216919 
vt 0.1555425226688385 0.9431520104408264 
vt 0.15433312952518463 0.9419323801994324 
vt 0.15421219170093536 0.9427861571311951 
vt 0.15251906216144562 0.942176342010498 
vt 0.15276093780994415 0.9429081082344055 
vt 0.15094687044620514 0.9431520104408264 
vt 0.15155155956745148 0.943639874458313 
vt 0.149979367852211 0.9444935917854309 
vt 0.15082593262195587 0.944859504699707 
vt 0.1496165543794632 0.9462010860443115 
vt 0.15046311914920807 0.9462010860443115 
vt 0.149979367852211 0.9480305314064026 
vt 0.15082593262195587 0.947542667388916 
vt 0.15094687044620514 0.9493721127510071 
vt 0.15155155956745148 0.9487622976303101 
vt 0.15251906216144562 0.9503478407859802 
vt 0.15276093780994415 0.9494941234588623 
vt 0.15433312952518463 0.9504697918891907 
vt 0.15421219170093536 0.9497380256652832 
vt 0.15602627396583557 0.9499819278717041 
vt 0.1555425226688385 0.9492501616477966 
vt 0.15735659003257751 0.9488843083381653 
vt 0.15675190091133118 0.9483964443206787 
vt 0.15808221697807312 0.9474207162857056 
vt 0.15735659003257751 0.9470548629760742 
vt 0.15505877137184143 0.9441277384757996 
vt 0.1540912538766861 0.9437618255615234 
vt 0.15312375128269196 0.9438837766647339 
vt 0.15227718651294708 0.9443716406822205 
vt 0.15167249739170074 0.9453473687171936 
vt 0.15155155956745148 0.9462010860443115 
vt 0.15167249739170074 0.9471768140792847 
vt 0.15227718651294708 0.9480305314064026 
vt 0.15312375128269196 0.9486403465270996 
vt 0.1540912538766861 0.9486403465270996 
vt 0.15505877137184143 0.9483964443206787 
vt 0.1559053361415863 0.9477866291999817 
vt 0.1562681496143341 0.946932852268219 
vt 0.5096489787101746 0.722886860370636 
vt 0.5096489787101746 0.8814387321472168 
vt 0.40128853917121887 0.722886860370636 
vt 0.40128853917121887 0.8814387321472168 
vt 0.9537333250045776 0.33321505784988403 
vt 0.9521611332893372 0.3323613107204437 
vt 0.9554264545440674 0.33321505784988403 
vt 0.9513145685195923 0.3308977782726288 
vt 0.9513145685195923 0.32919028401374817 
vt 0.9521611332893372 0.32772672176361084 
vt 0.9536123871803284 0.3267510235309601 
vt 0.9553055167198181 0.3267510235309601 
vt 0.9567567706108093 0.3276047706604004 
vt 0.9577242732048035 0.3290683329105377 
vt 0.9577242732048035 0.33077579736709595 
vt 0.33549827337265015 0.8814387321472168 
vt 0.3356192111968994 0.722886860370636 
vt 0.36270931363105774 0.8814387321472168 
vt 0.36270931363105774 0.722886860370636 
vt 0.9513145685195923 0.15929582715034485 
vt 0.9513145685195923 0.15429534018039703 
vt 0.9521611332893372 0.15929582715034485 
vt 0.9521611332893372 0.15429534018039703 
vt 0.9532495737075806 0.15929582715034485 
vt 0.9532495737075806 0.15429534018039703 
vt 0.9542170763015747 0.15929582715034485 
vt 0.9542170763015747 0.15429534018039703 
vt 0.9551845788955688 0.15929582715034485 
vt 0.9551845788955688 0.15429534018039703 
vt 0.956152081489563 0.15929582715034485 
vt 0.956152081489563 0.15429534018039703 
vt 0.9571195840835571 0.15929582715034485 
vt 0.9571195840835571 0.15429534018039703 
vt 0.9580870866775513 0.15929582715034485 
vt 0.9580870866775513 0.15429534018039703 
vt 0.9590545892715454 0.15929582715034485 
vt 0.9590545892715454 0.15429534018039703 
vt 0.9601430296897888 0.15929582715034485 
vt 0.9601430296897888 0.15429534018039703 
vt 0.961110532283783 0.15929582715034485 
vt 0.961110532283783 0.15429534018039703 
vt 0.9619570970535278 0.15929582715034485 
vt 0.9619570970535278 0.15429534018039703 
vt 0.9630455374717712 0.15929582715034485 
vt 0.9630455374717712 0.15429534018039703 
vt 0.1559053361415863 0.942420244216919 
vt 0.1555425226688385 0.9431520104408264 
vt 0.15433312952518463 0.9419323801994324 
vt 0.15421219170093536 0.9427861571311951 
vt 0.15251906216144562 0.942176342010498 
vt 0.15276093780994415 0.9429081082344055 
vt 0.15094687044620514 0.9431520104408264 
vt 0.15155155956745148 0.943639874458313 
vt 0.149979367852211 0.9444935917854309 
vt 0.15082593262195587 0.944859504699707 
vt 0.1496165543794632 0.9462010860443115 
vt 0.15046311914920807 0.9462010860443115 
vt 0.149979367852211 0.9480305314064026 
vt 0.15082593262195587 0.947542667388916 
vt 0.15094687044620514 0.9493721127510071 
vt 0.15155155956745148 0.9487622976303101 
vt 0.15251906216144562 0.9503478407859802 
vt 0.15276093780994415 0.9494941234588623 
vt 0.15433312952518463 0.9504697918891907 
vt 0.15421219170093536 0.9497380256652832 
vt 0.15602627396583557 0.9499819278717041 
vt 0.1555425226688385 0.9492501616477966 
vt 0.15735659003257751 0.9488843083381653 
vt 0.15675190091133118 0.9483964443206787 
vt 0.15808221697807312 0.9474207162857056 
vt 0.15735659003257751 0.9470548629760742 
vt 0.15505877137184143 0.9441277384757996 
vt 0.1540912538766861 0.9437618255615234 
vt 0.15312375128269196 0.9438837766647339 
vt 0.15227718651294708 0.9443716406822205 
vt 0.15167249739170074 0.9453473687171936 
vt 0.15155155956745148 0.9462010860443115 
vt 0.15167249739170074 0.9471768140792847 
vt 0.15227718651294708 0.9480305314064026 
vt 0.15312375128269196 0.9486403465270996 
vt 0.1540912538766861 0.9486403465270996 
vt 0.15505877137184143 0.9483964443206787 
vt 0.1559053361415863 0.9477866291999817 
vt 0.1562681496143341 0.946932852268219 
vt 0.9874750375747681 0.07038480043411255 
vt 0.9874750375747681 0.0994119942188263 
vt 0.9513145685195923 0.07038480043411255 
vt 0.9513145685195923 0.0994119942188263 
vt 0.38979941606521606 0.722886860370636 
vt 0.38992035388946533 0.8814387321472168 
vt 0.36270931363105774 0.722886860370636 
vt 0.36270931363105774 0.8814387321472168 
vt 0.9526448845863342 0.14478223025798798 
vt 0.9517983198165894 0.1442943811416626 
vt 0.9532495737075806 0.1440504491329193 
vt 0.9526448845863342 0.1434406340122223 
vt 0.9540961384773254 0.1434406340122223 
vt 0.9534914493560791 0.14246493577957153 
vt 0.9549427032470703 0.14283081889152527 
vt 0.9544589519500732 0.1418551206588745 
vt 0.9559102058410645 0.1423429697751999 
vt 0.9555473923683167 0.14136727154254913 
vt 0.9568777084350586 0.1420990377664566 
vt 0.9567567706108093 0.14112333953380585 
vt 0.9578452110290527 0.1420990377664566 
vt 0.9578452110290527 0.1410013735294342 
vt 0.9589336514472961 0.1420990377664566 
vt 0.9590545892715454 0.14112333953380585 
vt 0.9599011540412903 0.1423429697751999 
vt 0.9601430296897888 0.14136727154254913 
vt 0.9607477188110352 0.14283081889152527 
vt 0.9613524079322815 0.1418551206588745 
vt 0.9617152214050293 0.1434406340122223 
vt 0.9623199105262756 0.14258690178394318 
vt 0.9624408483505249 0.1440504491329193 
vt 0.9631664752960205 0.1434406340122223 
vt 0.9630455374717712 0.14490419626235962 
vt 0.9638921022415161 0.14441634714603424 
vt 0.9513145685195923 0.14392848312854767 
vt 0.9521611332893372 0.1429527848958969 
vt 0.953007698059082 0.14197708666324615 
vt 0.9540961384773254 0.1412453055381775 
vt 0.9553055167198181 0.1407574564218521 
vt 0.9566358327865601 0.14039155840873718 
vt 0.9578452110290527 0.14026959240436554 
vt 0.9591755270957947 0.14039155840873718 
vt 0.9605058431625366 0.1407574564218521 
vt 0.9617152214050293 0.1412453055381775 
vt 0.9628036618232727 0.14197708666324615 
vt 0.9636502265930176 0.1429527848958969 
vt 0.9644967913627625 0.14392848312854767 
vt 0.1562681496143341 0.946932852268219 
vt 0.15735659003257751 0.9470548629760742 
vt 0.1559053361415863 0.9477866291999817 
vt 0.15675190091133118 0.9483964443206787 
vt 0.15505877137184143 0.9483964443206787 
vt 0.1555425226688385 0.9492501616477966 
vt 0.1540912538766861 0.9486403465270996 
vt 0.15421219170093536 0.9497380256652832 
vt 0.15312375128269196 0.9486403465270996 
vt 0.15276093780994415 0.9494941234588623 
vt 0.15227718651294708 0.9480305314064026 
vt 0.15155155956745148 0.9487622976303101 
vt 0.15167249739170074 0.9471768140792847 
vt 0.15082593262195587 0.947542667388916 
vt 0.15155155956745148 0.9462010860443115 
vt 0.15046311914920807 0.9462010860443115 
vt 0.15167249739170074 0.9453473687171936 
vt 0.15082593262195587 0.944859504699707 
vt 0.15227718651294708 0.9443716406822205 
vt 0.15155155956745148 0.943639874458313 
vt 0.15312375128269196 0.9438837766647339 
vt 0.15276093780994415 0.9429081082344055 
vt 0.1540912538766861 0.9437618255615234 
vt 0.15421219170093536 0.9427861571311951 
vt 0.15505877137184143 0.9441277384757996 
vt 0.1555425226688385 0.9431520104408264 
vt 0.15808221697807312 0.9474207162857056 
vt 0.15735659003257751 0.9488843083381653 
vt 0.15602627396583557 0.9499819278717041 
vt 0.15433312952518463 0.9504697918891907 
vt 0.15251906216144562 0.9503478407859802 
vt 0.15094687044620514 0.9493721127510071 
vt 0.149979367852211 0.9480305314064026 
vt 0.1496165543794632 0.9462010860443115 
vt 0.149979367852211 0.9444935917854309 
vt 0.15094687044620514 0.9431520104408264 
vt 0.15251906216144562 0.942176342010498 
vt 0.15433312952518463 0.9419323801994324 
vt 0.1559053361415863 0.942420244216919 
vt 0.954338014125824 0.5038412809371948 
vt 0.953007698059082 0.5038412809371948 
vt 0.9553055167198181 0.5032314658164978 
vt 0.9519192576408386 0.5032314658164978 
vt 0.9513145685195923 0.5022557973861694 
vt 0.9513145685195923 0.5009142160415649 
vt 0.9519192576408386 0.49981650710105896 
vt 0.9528867602348328 0.4992067217826843 
vt 0.9542170763015747 0.4992067217826843 
vt 0.9553055167198181 0.49981650710105896 
vt 0.9559102058410645 0.5009142160415649 
vt 0.1559053361415863 0.942420244216919 
vt 0.1555425226688385 0.9431520104408264 
vt 0.15433312952518463 0.9419323801994324 
vt 0.15421219170093536 0.9427861571311951 
vt 0.15251906216144562 0.942176342010498 
vt 0.15276093780994415 0.9429081082344055 
vt 0.15094687044620514 0.9431520104408264 
vt 0.15155155956745148 0.943639874458313 
vt 0.149979367852211 0.9444935917854309 
vt 0.15082593262195587 0.944859504699707 
vt 0.1496165543794632 0.9462010860443115 
vt 0.15046311914920807 0.9462010860443115 
vt 0.149979367852211 0.9480305314064026 
vt 0.15082593262195587 0.947542667388916 
vt 0.15094687044620514 0.9493721127510071 
vt 0.15155155956745148 0.9487622976303101 
vt 0.15251906216144562 0.9503478407859802 
vt 0.15276093780994415 0.9494941234588623 
vt 0.15433312952518463 0.9504697918891907 
vt 0.15421219170093536 0.9497380256652832 
vt 0.15602627396583557 0.9499819278717041 
vt 0.1555425226688385 0.9492501616477966 
vt 0.15735659003257751 0.9488843083381653 
vt 0.15675190091133118 0.9483964443206787 
vt 0.15808221697807312 0.9474207162857056 
vt 0.15735659003257751 0.9470548629760742 
vt 0.15505877137184143 0.9441277384757996 
vt 0.1540912538766861 0.9437618255615234 
vt 0.15312375128269196 0.9438837766647339 
vt 0.15227718651294708 0.9443716406822205 
vt 0.15167249739170074 0.9453473687171936 
vt 0.15155155956745148 0.9462010860443115 
vt 0.15167249739170074 0.9471768140792847 
vt 0.15227718651294708 0.9480305314064026 
vt 0.15312375128269196 0.9486403465270996 
vt 0.1540912538766861 0.9486403465270996 
vt 0.15505877137184143 0.9483964443206787 
vt 0.1559053361415863 0.9477866291999817 
vt 0.1562681496143341 0.946932852268219 
vt 0.02384103462100029 0.024404747411608696 
vt 0.04766581952571869 0.0005000000237487257 
vt 0.02384103462100029 0.6817853450775146 
vt 0.04766581952571869 0.7056900858879089 
vt 0.9911031723022461 0.021233709529042244 
vt 0.9885634779930115 0.021233709529042244 
vt 0.9911031723022461 0.019526228308677673 
vt 0.9885634779930115 0.019526228308677673 
vt 0.9911031723022461 0.01769678294658661 
vt 0.9885634779930115 0.01769678294658661 
vt 0.9911031723022461 0.01598930172622204 
vt 0.9885634779930115 0.01598930172622204 
vt 0.9911031723022461 0.014281818643212318 
vt 0.9885634779930115 0.014281818643212318 
vt 0.9911031723022461 0.012574337422847748 
vt 0.9885634779930115 0.012574337422847748 
vt 0.9911031723022461 0.010744892060756683 
vt 0.9885634779930115 0.010744892060756683 
vt 0.9911031723022461 0.009159373119473457 
vt 0.9885634779930115 0.009159373119473457 
vt 0.9911031723022461 0.007451890967786312 
vt 0.9885634779930115 0.007451890967786312 
vt 0.9911031723022461 0.005744408816099167 
vt 0.9885634779930115 0.005744408816099167 
vt 0.9911031723022461 0.00391496391966939 
vt 0.9885634779930115 0.00391496391966939 
vt 0.9911031723022461 0.002207482000812888 
vt 0.9885634779930115 0.002207482000812888 
vt 0.9911031723022461 0.0005000000237487257 
vt 0.9885634779930115 0.0005000000237487257 
vt 0.1730785220861435 0.8814387321472168 
vt 0.17295758426189423 0.7799655199050903 
vt 0.24806009232997894 0.8814387321472168 
vt 0.22725875675678253 0.8309460878372192 
vt 0.6413504481315613 0.6670277714729309 
vt 0.6174047589302063 0.6908105611801147 
vt 0.1123676523566246 0.6670277714729309 
vt 0.1361924409866333 0.6908105611801147 
vt 0.9874750375747681 0.12843918800354004 
vt 0.9513145685195923 0.12843918800354004 
vt 0.9874750375747681 0.0994119942188263 
vt 0.9513145685195923 0.0994119942188263 
vt 0.0005000000237487257 0.9419323801994324 
vt 0.1369180679321289 0.9419323801994324 
vt 0.0005000000237487257 0.9994989037513733 
vt 0.1369180679321289 0.9994989037513733 
vt 0.9885634779930115 0.0005000000237487257 
vt 0.9911031723022461 0.0005000000237487257 
vt 0.9885634779930115 0.002207482000812888 
vt 0.9911031723022461 0.002207482000812888 
vt 0.9885634779930115 0.00391496391966939 
vt 0.9911031723022461 0.00391496391966939 
vt 0.9885634779930115 0.005744408816099167 
vt 0.9911031723022461 0.005744408816099167 
vt 0.9885634779930115 0.007451890967786312 
vt 0.9911031723022461 0.007451890967786312 
vt 0.9885634779930115 0.009159373119473457 
vt 0.9911031723022461 0.009159373119473457 
vt 0.9885634779930115 0.010744892060756683 
vt 0.9911031723022461 0.010744892060756683 
vt 0.9885634779930115 0.012574337422847748 
vt 0.9911031723022461 0.012574337422847748 
vt 0.9885634779930115 0.014281818643212318 
vt 0.9911031723022461 0.014281818643212318 
vt 0.9885634779930115 0.01598930172622204 
vt 0.9911031723022461 0.01598930172622204 
vt 0.9885634779930115 0.01769678294658661 
vt 0.9911031723022461 0.01769678294658661 
vt 0.9885634779930115 0.019526228308677673 
vt 0.9911031723022461 0.019526228308677673 
vt 0.9885634779930115 0.021233709529042244 
vt 0.9911031723022461 0.021233709529042244 
vt 0.954338014125824 0.5038412809371948 
vt 0.953007698059082 0.5038412809371948 
vt 0.9553055167198181 0.5032314658164978 
vt 0.9519192576408386 0.5032314658164978 
vt 0.9513145685195923 0.5022557973861694 
vt 0.9513145685195923 0.5009142160415649 
vt 0.9519192576408386 0.49981650710105896 
vt 0.9528867602348328 0.4992067217826843 
vt 0.9542170763015747 0.4992067217826843 
vt 0.9553055167198181 0.49981650710105896 
vt 0.9559102058410645 0.5009142160415649 
vt 0.5638291835784912 0.722886860370636 
vt 0.5638291835784912 0.8814387321472168 
vt 0.5096489787101746 0.722886860370636 
vt 0.5096489787101746 0.8814387321472168 
vt 0.9537333250045776 0.33321505784988403 
vt 0.9521611332893372 0.3323613107204437 
vt 0.9554264545440674 0.33321505784988403 
vt 0.9513145685195923 0.3308977782726288 
vt 0.9513145685195923 0.32919028401374817 
vt 0.9521611332893372 0.32772672176361084 
vt 0.9536123871803284 0.3267510235309601 
vt 0.9553055167198181 0.3267510235309601 
vt 0.9567567706108093 0.3276047706604004 
vt 0.9577242732048035 0.3290683329105377 
vt 0.9577242732048035 0.33077579736709595 
vt 0.6622727513313293 0.8766821622848511 
vt 0.6912978291511536 0.8766821622848511 
vt 0.6622727513313293 0.9130271673202515 
vt 0.6912978291511536 0.9130271673202515 
vt 0.32207414507865906 0.9407127499580383 
vt 0.32207414507865906 0.8859513998031616 
vt 0.38387346267700195 0.9407127499580383 
vt 0.38387346267700195 0.8859513998031616 
vt 0.9630455374717712 0.15429534018039703 
vt 0.9630455374717712 0.15929582715034485 
vt 0.9619570970535278 0.15429534018039703 
vt 0.9619570970535278 0.15929582715034485 
vt 0.961110532283783 0.15429534018039703 
vt 0.961110532283783 0.15929582715034485 
vt 0.9601430296897888 0.15429534018039703 
vt 0.9601430296897888 0.15929582715034485 
vt 0.9590545892715454 0.15429534018039703 
vt 0.9590545892715454 0.15929582715034485 
vt 0.9580870866775513 0.15429534018039703 
vt 0.9580870866775513 0.15929582715034485 
vt 0.9571195840835571 0.15429534018039703 
vt 0.9571195840835571 0.15929582715034485 
vt 0.956152081489563 0.15429534018039703 
vt 0.956152081489563 0.15929582715034485 
vt 0.9551845788955688 0.15429534018039703 
vt 0.9551845788955688 0.15929582715034485 
vt 0.9542170763015747 0.15429534018039703 
vt 0.9542170763015747 0.15929582715034485 
vt 0.9532495737075806 0.15429534018039703 
vt 0.9532495737075806 0.15929582715034485 
vt 0.9521611332893372 0.15429534018039703 
vt 0.9521611332893372 0.15929582715034485 
vt 0.9513145685195923 0.15429534018039703 
vt 0.9513145685195923 0.15929582715034485 
vt 0.9911031723022461 0.021233709529042244 
vt 0.9885634779930115 0.021233709529042244 
vt 0.9911031723022461 0.019526228308677673 
vt 0.9885634779930115 0.019526228308677673 
vt 0.9911031723022461 0.01769678294658661 
vt 0.9885634779930115 0.01769678294658661 
vt 0.9911031723022461 0.01598930172622204 
vt 0.9885634779930115 0.01598930172622204 
vt 0.9911031723022461 0.014281818643212318 
vt 0.9885634779930115 0.014281818643212318 
vt 0.9911031723022461 0.012574337422847748 
vt 0.9885634779930115 0.012574337422847748 
vt 0.9911031723022461 0.010744892060756683 
vt 0.9885634779930115 0.010744892060756683 
vt 0.9911031723022461 0.009159373119473457 
vt 0.9885634779930115 0.009159373119473457 
vt 0.9911031723022461 0.007451890967786312 
vt 0.9885634779930115 0.007451890967786312 
vt 0.9911031723022461 0.005744408816099167 
vt 0.9885634779930115 0.005744408816099167 
vt 0.9911031723022461 0.00391496391966939 
vt 0.9885634779930115 0.00391496391966939 
vt 0.9911031723022461 0.002207482000812888 
vt 0.9885634779930115 0.002207482000812888 
vt 0.9911031723022461 0.0005000000237487257 
vt 0.9885634779930115 0.0005000000237487257 
vt 0.9526448845863342 0.14478223025798798 
vt 0.9517983198165894 0.1442943811416626 
vt 0.9532495737075806 0.1440504491329193 
vt 0.9526448845863342 0.1434406340122223 
vt 0.9540961384773254 0.1434406340122223 
vt 0.9534914493560791 0.14246493577957153 
vt 0.9549427032470703 0.14283081889152527 
vt 0.9544589519500732 0.1418551206588745 
vt 0.9559102058410645 0.1423429697751999 
vt 0.9555473923683167 0.14136727154254913 
vt 0.9568777084350586 0.1420990377664566 
vt 0.9567567706108093 0.14112333953380585 
vt 0.9578452110290527 0.1420990377664566 
vt 0.9578452110290527 0.1410013735294342 
vt 0.9589336514472961 0.1420990377664566 
vt 0.9590545892715454 0.14112333953380585 
vt 0.9599011540412903 0.1423429697751999 
vt 0.9601430296897888 0.14136727154254913 
vt 0.9607477188110352 0.14283081889152527 
vt 0.9613524079322815 0.1418551206588745 
vt 0.9617152214050293 0.1434406340122223 
vt 0.9623199105262756 0.14258690178394318 
vt 0.9624408483505249 0.1440504491329193 
vt 0.9631664752960205 0.1434406340122223 
vt 0.9630455374717712 0.14490419626235962 
vt 0.9638921022415161 0.14441634714603424 
vt 0.9513145685195923 0.14392848312854767 
vt 0.9521611332893372 0.1429527848958969 
vt 0.953007698059082 0.14197708666324615 
vt 0.9540961384773254 0.1412453055381775 
vt 0.9553055167198181 0.1407574564218521 
vt 0.9566358327865601 0.14039155840873718 
vt 0.9578452110290527 0.14026959240436554 
vt 0.9591755270957947 0.14039155840873718 
vt 0.9605058431625366 0.1407574564218521 
vt 0.9617152214050293 0.1412453055381775 
vt 0.9628036618232727 0.14197708666324615 
vt 0.9636502265930176 0.1429527848958969 
vt 0.9644967913627625 0.14392848312854767 
vt 0.9630455374717712 0.15429534018039703 
vt 0.9630455374717712 0.15929582715034485 
vt 0.9619570970535278 0.15429534018039703 
vt 0.9619570970535278 0.15929582715034485 
vt 0.961110532283783 0.15429534018039703 
vt 0.961110532283783 0.15929582715034485 
vt 0.9601430296897888 0.15429534018039703 
vt 0.9601430296897888 0.15929582715034485 
vt 0.9590545892715454 0.15429534018039703 
vt 0.9590545892715454 0.15929582715034485 
vt 0.9580870866775513 0.15429534018039703 
vt 0.9580870866775513 0.15929582715034485 
vt 0.9571195840835571 0.15429534018039703 
vt 0.9571195840835571 0.15929582715034485 
vt 0.956152081489563 0.15429534018039703 
vt 0.956152081489563 0.15929582715034485 
vt 0.9551845788955688 0.15429534018039703 
vt 0.9551845788955688 0.15929582715034485 
vt 0.9542170763015747 0.15429534018039703 
vt 0.9542170763015747 0.15929582715034485 
vt 0.9532495737075806 0.15429534018039703 
vt 0.9532495737075806 0.15929582715034485 
vt 0.9521611332893372 0.15429534018039703 
vt 0.9521611332893372 0.15929582715034485 
vt 0.9513145685195923 0.15429534018039703 
vt 0.9513145685195923 0.15929582715034485 
vt 0.9526448845863342 0.14478223025798798 
vt 0.9517983198165894 0.1442943811416626 
vt 0.9532495737075806 0.1440504491329193 
vt 0.9526448845863342 0.1434406340122223 
vt 0.9540961384773254 0.1434406340122223 
vt 0.9534914493560791 0.14246493577957153 
vt 0.9549427032470703 0.14283081889152527 
vt 0.9544589519500732 0.1418551206588745 
vt 0.9559102058410645 0.1423429697751999 
vt 0.9555473923683167 0.14136727154254913 
vt 0.9568777084350586 0.1420990377664566 
vt 0.9567567706108093 0.14112333953380585 
vt 0.9578452110290527 0.1420990377664566 
vt 0.9578452110290527 0.1410013735294342 
vt 0.9589336514472961 0.1420990377664566 
vt 0.9590545892715454 0.14112333953380585 
vt 0.9599011540412903 0.1423429697751999 
vt 0.9601430296897888 0.14136727154254913 
vt 0.9607477188110352 0.14283081889152527 
vt 0.9613524079322815 0.1418551206588745 
vt 0.9617152214050293 0.1434406340122223 
vt 0.9623199105262756 0.14258690178394318 
vt 0.9624408483505249 0.1440504491329193 
vt 0.9631664752960205 0.1434406340122223 
vt 0.9630455374717712 0.14490419626235962 
vt 0.9638921022415161 0.14441634714603424 
vt 0.9513145685195923 0.14392848312854767 
vt 0.9521611332893372 0.1429527848958969 
vt 0.953007698059082 0.14197708666324615 
vt 0.9540961384773254 0.1412453055381775 
vt 0.9553055167198181 0.1407574564218521 
vt 0.9566358327865601 0.14039155840873718 
vt 0.9578452110290527 0.14026959240436554 
vt 0.9591755270957947 0.14039155840873718 
vt 0.9605058431625366 0.1407574564218521 
vt 0.9617152214050293 0.1412453055381775 
vt 0.9628036618232727 0.14197708666324615 
vt 0.9636502265930176 0.1429527848958969 
vt 0.9644967913627625 0.14392848312854767 
vt 0.9568777084350586 0.3322393596172333 
vt 0.9554264545440674 0.33321505784988403 
vt 0.9577242732048035 0.33077579736709595 
vt 0.9577242732048035 0.3290683329105377 
vt 0.9567567706108093 0.3276047706604004 
vt 0.9553055167198181 0.3267510235309601 
vt 0.9536123871803284 0.3267510235309601 
vt 0.9521611332893372 0.32772672176361084 
vt 0.9513145685195923 0.32919028401374817 
vt 0.9513145685195923 0.3308977782726288 
vt 0.9521611332893372 0.3323613107204437 
vt 0.9537333250045776 0.33321505784988403 
vt 0.9568777084350586 0.3322393596172333 
vt 0.9554264545440674 0.33321505784988403 
vt 0.9577242732048035 0.33077579736709595 
vt 0.9577242732048035 0.3290683329105377 
vt 0.9567567706108093 0.3276047706604004 
vt 0.9553055167198181 0.3267510235309601 
vt 0.9536123871803284 0.3267510235309601 
vt 0.9521611332893372 0.32772672176361084 
vt 0.9513145685195923 0.32919028401374817 
vt 0.9513145685195923 0.3308977782726288 
vt 0.9521611332893372 0.3323613107204437 
vt 0.9537333250045776 0.33321505784988403 
vt 0.9885634779930115 0.0005000000237487257 
vt 0.9911031723022461 0.0005000000237487257 
vt 0.9885634779930115 0.002207482000812888 
vt 0.9911031723022461 0.002207482000812888 
vt 0.9885634779930115 0.00391496391966939 
vt 0.9911031723022461 0.00391496391966939 
vt 0.9885634779930115 0.005744408816099167 
vt 0.9911031723022461 0.005744408816099167 
vt 0.9885634779930115 0.007451890967786312 
vt 0.9911031723022461 0.007451890967786312 
vt 0.9885634779930115 0.009159373119473457 
vt 0.9911031723022461 0.009159373119473457 
vt 0.9885634779930115 0.010744892060756683 
vt 0.9911031723022461 0.010744892060756683 
vt 0.9885634779930115 0.012574337422847748 
vt 0.9911031723022461 0.012574337422847748 
vt 0.9885634779930115 0.014281818643212318 
vt 0.9911031723022461 0.014281818643212318 
vt 0.9885634779930115 0.01598930172622204 
vt 0.9911031723022461 0.01598930172622204 
vt 0.9885634779930115 0.01769678294658661 
vt 0.9911031723022461 0.01769678294658661 
vt 0.9885634779930115 0.019526228308677673 
vt 0.9911031723022461 0.019526228308677673 
vt 0.9885634779930115 0.021233709529042244 
vt 0.9911031723022461 0.021233709529042244 
vt 0.9630455374717712 0.15429534018039703 
vt 0.9630455374717712 0.15929582715034485 
vt 0.9619570970535278 0.15429534018039703 
vt 0.9619570970535278 0.15929582715034485 
vt 0.961110532283783 0.15429534018039703 
vt 0.961110532283783 0.15929582715034485 
vt 0.9601430296897888 0.15429534018039703 
vt 0.9601430296897888 0.15929582715034485 
vt 0.9590545892715454 0.15429534018039703 
vt 0.9590545892715454 0.15929582715034485 
vt 0.9580870866775513 0.15429534018039703 
vt 0.9580870866775513 0.15929582715034485 
vt 0.9571195840835571 0.15429534018039703 
vt 0.9571195840835571 0.15929582715034485 
vt 0.956152081489563 0.15429534018039703 
vt 0.956152081489563 0.15929582715034485 
vt 0.9551845788955688 0.15429534018039703 
vt 0.9551845788955688 0.15929582715034485 
vt 0.9542170763015747 0.15429534018039703 
vt 0.9542170763015747 0.15929582715034485 
vt 0.9532495737075806 0.15429534018039703 
vt 0.9532495737075806 0.15929582715034485 
vt 0.9521611332893372 0.15429534018039703 
vt 0.9521611332893372 0.15929582715034485 
vt 0.9513145685195923 0.15429534018039703 
vt 0.9513145685195923 0.15929582715034485 
vt 0.9630455374717712 0.15429534018039703 
vt 0.9630455374717712 0.15929582715034485 
vt 0.9619570970535278 0.15429534018039703 
vt 0.9619570970535278 0.15929582715034485 
vt 0.961110532283783 0.15429534018039703 
vt 0.961110532283783 0.15929582715034485 
vt 0.9601430296897888 0.15429534018039703 
vt 0.9601430296897888 0.15929582715034485 
vt 0.9590545892715454 0.15429534018039703 
vt 0.9590545892715454 0.15929582715034485 
vt 0.9580870866775513 0.15429534018039703 
vt 0.9580870866775513 0.15929582715034485 
vt 0.9571195840835571 0.15429534018039703 
vt 0.9571195840835571 0.15929582715034485 
vt 0.956152081489563 0.15429534018039703 
vt 0.956152081489563 0.15929582715034485 
vt 0.9551845788955688 0.15429534018039703 
vt 0.9551845788955688 0.15929582715034485 
vt 0.9542170763015747 0.15429534018039703 
vt 0.9542170763015747 0.15929582715034485 
vt 0.9532495737075806 0.15429534018039703 
vt 0.9532495737075806 0.15929582715034485 
vt 0.9521611332893372 0.15429534018039703 
vt 0.9521611332893372 0.15929582715034485 
vt 0.9513145685195923 0.15429534018039703 
vt 0.9513145685195923 0.15929582715034485 
vt 0.954338014125824 0.5038412809371948 
vt 0.953007698059082 0.5038412809371948 
vt 0.9553055167198181 0.5032314658164978 
vt 0.9519192576408386 0.5032314658164978 
vt 0.9513145685195923 0.5022557973861694 
vt 0.9513145685195923 0.5009142160415649 
vt 0.9519192576408386 0.49981650710105896 
vt 0.9528867602348328 0.4992067217826843 
vt 0.9542170763015747 0.4992067217826843 
vt 0.9553055167198181 0.49981650710105896 
vt 0.9559102058410645 0.5009142160415649 
vt 0.32207414507865906 0.9655932188034058 
vt 0.38387346267700195 0.9655932188034058 
vt 0.32207414507865906 0.9848634004592896 
vt 0.38387346267700195 0.9848634004592896 
vt 0.9537333250045776 0.33321505784988403 
vt 0.9521611332893372 0.3323613107204437 
vt 0.9554264545440674 0.33321505784988403 
vt 0.9513145685195923 0.3308977782726288 
vt 0.9513145685195923 0.32919028401374817 
vt 0.9521611332893372 0.32772672176361084 
vt 0.9536123871803284 0.3267510235309601 
vt 0.9553055167198181 0.3267510235309601 
vt 0.9567567706108093 0.3276047706604004 
vt 0.9577242732048035 0.3290683329105377 
vt 0.9577242732048035 0.33077579736709595 
vt 0.38387346267700195 0.9655932188034058 
vt 0.32207414507865906 0.9655932188034058 
vt 0.38387346267700195 0.9407127499580383 
vt 0.32207414507865906 0.9407127499580383 
vt 0.1562681496143341 0.946932852268219 
vt 0.15735659003257751 0.9470548629760742 
vt 0.1559053361415863 0.9477866291999817 
vt 0.15675190091133118 0.9483964443206787 
vt 0.15505877137184143 0.9483964443206787 
vt 0.1555425226688385 0.9492501616477966 
vt 0.1540912538766861 0.9486403465270996 
vt 0.15421219170093536 0.9497380256652832 
vt 0.15312375128269196 0.9486403465270996 
vt 0.15276093780994415 0.9494941234588623 
vt 0.15227718651294708 0.9480305314064026 
vt 0.15155155956745148 0.9487622976303101 
vt 0.15167249739170074 0.9471768140792847 
vt 0.15082593262195587 0.947542667388916 
vt 0.15155155956745148 0.9462010860443115 
vt 0.15046311914920807 0.9462010860443115 
vt 0.15167249739170074 0.9453473687171936 
vt 0.15082593262195587 0.944859504699707 
vt 0.15227718651294708 0.9443716406822205 
vt 0.15155155956745148 0.943639874458313 
vt 0.15312375128269196 0.9438837766647339 
vt 0.15276093780994415 0.9429081082344055 
vt 0.1540912538766861 0.9437618255615234 
vt 0.15421219170093536 0.9427861571311951 
vt 0.15505877137184143 0.9441277384757996 
vt 0.1555425226688385 0.9431520104408264 
vt 0.15808221697807312 0.9474207162857056 
vt 0.15735659003257751 0.9488843083381653 
vt 0.15602627396583557 0.9499819278717041 
vt 0.15433312952518463 0.9504697918891907 
vt 0.15251906216144562 0.9503478407859802 
vt 0.15094687044620514 0.9493721127510071 
vt 0.149979367852211 0.9480305314064026 
vt 0.1496165543794632 0.9462010860443115 
vt 0.149979367852211 0.9444935917854309 
vt 0.15094687044620514 0.9431520104408264 
vt 0.15251906216144562 0.942176342010498 
vt 0.15433312952518463 0.9419323801994324 
vt 0.1559053361415863 0.942420244216919 
vt 0.9885634779930115 0.0005000000237487257 
vt 0.9911031723022461 0.0005000000237487257 
vt 0.9885634779930115 0.002207482000812888 
vt 0.9911031723022461 0.002207482000812888 
vt 0.9885634779930115 0.00391496391966939 
vt 0.9911031723022461 0.00391496391966939 
vt 0.9885634779930115 0.005744408816099167 
vt 0.9911031723022461 0.005744408816099167 
vt 0.9885634779930115 0.007451890967786312 
vt 0.9911031723022461 0.007451890967786312 
vt 0.9885634779930115 0.009159373119473457 
vt 0.9911031723022461 0.009159373119473457 
vt 0.9885634779930115 0.010744892060756683 
vt 0.9911031723022461 0.010744892060756683 
vt 0.9885634779930115 0.012574337422847748 
vt 0.9911031723022461 0.012574337422847748 
vt 0.9885634779930115 0.014281818643212318 
vt 0.9911031723022461 0.014281818643212318 
vt 0.9885634779930115 0.01598930172622204 
vt 0.9911031723022461 0.01598930172622204 
vt 0.9885634779930115 0.01769678294658661 
vt 0.9911031723022461 0.01769678294658661 
vt 0.9885634779930115 0.019526228308677673 
vt 0.9911031723022461 0.019526228308677673 
vt 0.9885634779930115 0.021233709529042244 
vt 0.9911031723022461 0.021233709529042244 
vt 0.1559053361415863 0.942420244216919 
vt 0.1555425226688385 0.9431520104408264 
vt 0.15433312952518463 0.9419323801994324 
vt 0.15421219170093536 0.9427861571311951 
vt 0.15251906216144562 0.942176342010498 
vt 0.15276093780994415 0.9429081082344055 
vt 0.15094687044620514 0.9431520104408264 
vt 0.15155155956745148 0.943639874458313 
vt 0.149979367852211 0.9444935917854309 
vt 0.15082593262195587 0.944859504699707 
vt 0.1496165543794632 0.9462010860443115 
vt 0.15046311914920807 0.9462010860443115 
vt 0.149979367852211 0.9480305314064026 
vt 0.15082593262195587 0.947542667388916 
vt 0.15094687044620514 0.9493721127510071 
vt 0.15155155956745148 0.9487622976303101 
vt 0.15251906216144562 0.9503478407859802 
vt 0.15276093780994415 0.9494941234588623 
vt 0.15433312952518463 0.9504697918891907 
vt 0.15421219170093536 0.9497380256652832 
vt 0.15602627396583557 0.9499819278717041 
vt 0.1555425226688385 0.9492501616477966 
vt 0.15735659003257751 0.9488843083381653 
vt 0.15675190091133118 0.9483964443206787 
vt 0.15808221697807312 0.9474207162857056 
vt 0.15735659003257751 0.9470548629760742 
vt 0.15505877137184143 0.9441277384757996 
vt 0.1540912538766861 0.9437618255615234 
vt 0.15312375128269196 0.9438837766647339 
vt 0.15227718651294708 0.9443716406822205 
vt 0.15167249739170074 0.9453473687171936 
vt 0.15155155956745148 0.9462010860443115 
vt 0.15167249739170074 0.9471768140792847 
vt 0.15227718651294708 0.9480305314064026 
vt 0.15312375128269196 0.9486403465270996 
vt 0.1540912538766861 0.9486403465270996 
vt 0.15505877137184143 0.9483964443206787 
vt 0.1559053361415863 0.9477866291999817 
vt 0.1562681496143341 0.946932852268219 
vt 0.9526448845863342 0.14478223025798798 
vt 0.9517983198165894 0.1442943811416626 
vt 0.9532495737075806 0.1440504491329193 
vt 0.9526448845863342 0.1434406340122223 
vt 0.9540961384773254 0.1434406340122223 
vt 0.9534914493560791 0.14246493577957153 
vt 0.9549427032470703 0.14283081889152527 
vt 0.9544589519500732 0.1418551206588745 
vt 0.9559102058410645 0.1423429697751999 
vt 0.9555473923683167 0.14136727154254913 
vt 0.9568777084350586 0.1420990377664566 
vt 0.9567567706108093 0.14112333953380585 
vt 0.9578452110290527 0.1420990377664566 
vt 0.9578452110290527 0.1410013735294342 
vt 0.9589336514472961 0.1420990377664566 
vt 0.9590545892715454 0.14112333953380585 
vt 0.9599011540412903 0.1423429697751999 
vt 0.9601430296897888 0.14136727154254913 
vt 0.9607477188110352 0.14283081889152527 
vt 0.9613524079322815 0.1418551206588745 
vt 0.9617152214050293 0.1434406340122223 
vt 0.9623199105262756 0.14258690178394318 
vt 0.9624408483505249 0.1440504491329193 
vt 0.9631664752960205 0.1434406340122223 
vt 0.9630455374717712 0.14490419626235962 
vt 0.9638921022415161 0.14441634714603424 
vt 0.9513145685195923 0.14392848312854767 
vt 0.9521611332893372 0.1429527848958969 
vt 0.953007698059082 0.14197708666324615 
vt 0.9540961384773254 0.1412453055381775 
vt 0.9553055167198181 0.1407574564218521 
vt 0.9566358327865601 0.14039155840873718 
vt 0.9578452110290527 0.14026959240436554 
vt 0.9591755270957947 0.14039155840873718 
vt 0.9605058431625366 0.1407574564218521 
vt 0.9617152214050293 0.1412453055381775 
vt 0.9628036618232727 0.14197708666324615 
vt 0.9636502265930176 0.1429527848958969 
vt 0.9644967913627625 0.14392848312854767 
vt 0.3966929018497467 0.9407127499580383 
vt 0.4584922194480896 0.9407127499580383 
vt 0.3966929018497467 0.9655932188034058 
vt 0.4584922194480896 0.9655932188034058 
vt 0.6482439041137695 0.8454596400260925 
vt 0.7193554639816284 0.8454596400260925 
vt 0.6482439041137695 0.8737550973892212 
vt 0.7193554639816284 0.8737550973892212 
vt 0.6482439041137695 0.8170422911643982 
vt 0.6482439041137695 0.7602075338363647 
vt 0.7193554639816284 0.8170422911643982 
vt 0.7193554639816284 0.7602075338363647 
vt 0.9513145685195923 0.05855438858270645 
vt 0.9513145685195923 0.029527194797992706 
vt 0.9874750375747681 0.05855438858270645 
vt 0.9874750375747681 0.02964915707707405 
vt 0.7193554639816284 0.8454596400260925 
vt 0.6482439041137695 0.8454596400260925 
vt 0.7193554639816284 0.8170422911643982 
vt 0.6482439041137695 0.8170422911643982 
vt 0.9568777084350586 0.3322393596172333 
vt 0.9554264545440674 0.33321505784988403 
vt 0.9577242732048035 0.33077579736709595 
vt 0.9577242732048035 0.3290683329105377 
vt 0.9567567706108093 0.3276047706604004 
vt 0.9553055167198181 0.3267510235309601 
vt 0.9536123871803284 0.3267510235309601 
vt 0.9521611332893372 0.32772672176361084 
vt 0.9513145685195923 0.32919028401374817 
vt 0.9513145685195923 0.3308977782726288 
vt 0.9521611332893372 0.3323613107204437 
vt 0.9537333250045776 0.33321505784988403 
vt 0.9559102058410645 0.502133846282959 
vt 0.9553055167198181 0.5032314658164978 
vt 0.9559102058410645 0.5009142160415649 
vt 0.9553055167198181 0.49981650710105896 
vt 0.9542170763015747 0.4992067217826843 
vt 0.9528867602348328 0.4992067217826843 
vt 0.9519192576408386 0.49981650710105896 
vt 0.9513145685195923 0.5009142160415649 
vt 0.9513145685195923 0.5022557973861694 
vt 0.9519192576408386 0.5032314658164978 
vt 0.953007698059082 0.5038412809371948 
vt 0.954338014125824 0.5038412809371948 
vt 0.1559053361415863 0.942420244216919 
vt 0.1555425226688385 0.9431520104408264 
vt 0.15433312952518463 0.9419323801994324 
vt 0.15421219170093536 0.9427861571311951 
vt 0.15251906216144562 0.942176342010498 
vt 0.15276093780994415 0.9429081082344055 
vt 0.15094687044620514 0.9431520104408264 
vt 0.15155155956745148 0.943639874458313 
vt 0.149979367852211 0.9444935917854309 
vt 0.15082593262195587 0.944859504699707 
vt 0.1496165543794632 0.9462010860443115 
vt 0.15046311914920807 0.9462010860443115 
vt 0.149979367852211 0.9480305314064026 
vt 0.15082593262195587 0.947542667388916 
vt 0.15094687044620514 0.9493721127510071 
vt 0.15155155956745148 0.9487622976303101 
vt 0.15251906216144562 0.9503478407859802 
vt 0.15276093780994415 0.9494941234588623 
vt 0.15433312952518463 0.9504697918891907 
vt 0.15421219170093536 0.9497380256652832 
vt 0.15602627396583557 0.9499819278717041 
vt 0.1555425226688385 0.9492501616477966 
vt 0.15735659003257751 0.9488843083381653 
vt 0.15675190091133118 0.9483964443206787 
vt 0.15808221697807312 0.9474207162857056 
vt 0.15735659003257751 0.9470548629760742 
vt 0.15505877137184143 0.9441277384757996 
vt 0.1540912538766861 0.9437618255615234 
vt 0.15312375128269196 0.9438837766647339 
vt 0.15227718651294708 0.9443716406822205 
vt 0.15167249739170074 0.9453473687171936 
vt 0.15155155956745148 0.9462010860443115 
vt 0.15167249739170074 0.9471768140792847 
vt 0.15227718651294708 0.9480305314064026 
vt 0.15312375128269196 0.9486403465270996 
vt 0.1540912538766861 0.9486403465270996 
vt 0.15505877137184143 0.9483964443206787 
vt 0.1559053361415863 0.9477866291999817 
vt 0.1562681496143341 0.946932852268219 
vt 0.3966929018497467 0.9407127499580383 
vt 0.3966929018497467 0.8859513998031616 
vt 0.4584922194480896 0.9407127499580383 
vt 0.4584922194480896 0.8859513998031616 
vt 0.5909193158149719 0.722886860370636 
vt 0.5909193158149719 0.8814387321472168 
vt 0.5638291835784912 0.722886860370636 
vt 0.5638291835784912 0.8814387321472168 
vt 0.7204439043998718 0.8766821622848511 
vt 0.7204439043998718 0.9130271673202515 
vt 0.6912978291511536 0.8766821622848511 
vt 0.6912978291511536 0.9130271673202515 
vt 0.9513145685195923 0.0005000000237487257 
vt 0.9875959753990173 0.0006219630013220012 
vt 0.9513145685195923 0.029527194797992706 
vt 0.9874750375747681 0.02964915707707405 
vt 0.954338014125824 0.5038412809371948 
vt 0.953007698059082 0.5038412809371948 
vt 0.9553055167198181 0.5032314658164978 
vt 0.9519192576408386 0.5032314658164978 
vt 0.9513145685195923 0.5022557973861694 
vt 0.9513145685195923 0.5009142160415649 
vt 0.9519192576408386 0.49981650710105896 
vt 0.9528867602348328 0.4992067217826843 
vt 0.9542170763015747 0.4992067217826843 
vt 0.9553055167198181 0.49981650710105896 
vt 0.9559102058410645 0.5009142160415649 
vt 0.7091966867446899 0.9232720732688904 
vt 0.7091966867446899 0.9847413897514343 
vt 0.6917815804481506 0.9232720732688904 
vt 0.6840415596961975 0.9847413897514343 
vt 0.3966929018497467 0.9655932188034058 
vt 0.4584922194480896 0.9655932188034058 
vt 0.3966929018497467 0.9848634004592896 
vt 0.4584922194480896 0.9848634004592896 
vt 0.5909193158149719 0.8814387321472168 
vt 0.5909193158149719 0.722886860370636 
vt 0.6181303858757019 0.8814387321472168 
vt 0.6180094480514526 0.722886860370636 
vt 0.8067936301231384 0.5177450776100159 
vt 0.9651014804840088 0.6997138857841492 
vt 0.9651014804840088 0.7341074347496033 
vt 0.9076559543609619 0.7341074347496033 
vt 0.2813180387020111 0.8814387321472168 
vt 0.24806009232997894 0.8814387321472168 
vt 0.22725875675678253 0.8309460878372192 
vt 0.9268850684165955 0.7369126081466675 
vt 0.9649805426597595 0.7369126081466675 
vt 0.9649805426597595 0.7648420929908752 
vt 0.9559102058410645 0.502133846282959 
vt 0.9559102058410645 0.502133846282959 
vt 0.9559102058410645 0.502133846282959 
vt 0.9559102058410645 0.502133846282959 
vt 0.9559102058410645 0.502133846282959 
vt 0.9559102058410645 0.502133846282959 
vt 0.9559102058410645 0.502133846282959 
vt 0.9559102058410645 0.502133846282959 
vt 0.9559102058410645 0.502133846282959 
vt 0.9559102058410645 0.502133846282959 
vt 0.9559102058410645 0.502133846282959 
vt 0.9559102058410645 0.502133846282959 
vt 0.9559102058410645 0.502133846282959 
vt 0.9559102058410645 0.502133846282959 
vt 0.9559102058410645 0.502133846282959 
vt 0.9568777084350586 0.3322393596172333 
vt 0.9568777084350586 0.3322393596172333 
vt 0.9568777084350586 0.3322393596172333 
vt 0.9568777084350586 0.3322393596172333 
vt 0.9568777084350586 0.3322393596172333 
vt 0.9568777084350586 0.3322393596172333 
vt 0.9568777084350586 0.3322393596172333 
vt 0.9568777084350586 0.3322393596172333 
vt 0.9568777084350586 0.3322393596172333 
vt 0.9568777084350586 0.3322393596172333 
vt 0.9568777084350586 0.3322393596172333 
vt 0.9568777084350586 0.3322393596172333 
s on 
f 1/1/1 2/2/2 3/3/3 
f 2/2/2 4/4/4 3/3/3 
f 3/3/3 4/4/4 4/4/4 
f 4/4/4 5/5/5 4/4/4 
f 4/4/4 5/5/5 5/5/5 
f 5/5/5 6/6/6 5/5/5 
f 5/5/5 6/6/6 7/7/7 
f 6/6/6 8/8/8 7/7/7 
f 7/7/7 8/8/8 8/8/8 
f 8/8/8 9/9/9 8/8/8 
f 8/8/8 9/9/9 9/9/9 
f 9/9/9 10/10/10 9/9/9 
f 9/9/9 10/10/10 11/11/11 
f 10/10/10 12/12/12 11/11/11 
f 11/11/11 12/12/12 12/12/12 
f 12/12/12 13/13/13 12/12/12 
f 12/12/12 13/13/13 13/13/13 
f 13/13/13 14/14/14 13/13/13 
f 13/13/13 14/14/14 15/15/15 
f 14/14/14 16/16/16 15/15/15 
f 15/15/15 16/16/16 17/17/17 
f 16/16/16 18/18/18 17/17/17 
f 17/17/17 18/18/18 19/19/19 
f 18/18/18 20/20/20 19/19/19 
f 19/19/19 20/20/20 21/21/21 
f 20/20/20 22/22/22 21/21/21 
f 21/21/21 22/22/22 23/23/23 
f 22/22/22 24/24/24 23/23/23 
f 23/23/23 24/24/24 25/25/25 
f 24/24/24 26/26/26 25/25/25 
f 25/25/25 26/26/26 27/27/27 
f 26/26/26 28/28/28 27/27/27 
f 27/27/27 28/28/28 29/29/29 
f 28/28/28 30/30/30 29/29/29 
f 29/29/29 30/30/30 31/31/31 
f 30/30/30 32/32/32 31/31/31 
f 31/31/31 32/32/32 33/33/33 
f 32/32/32 34/34/34 33/33/33 
f 33/33/33 34/34/34 35/35/35 
f 34/34/34 36/36/36 35/35/35 
f 35/35/35 36/36/36 37/37/37 
f 36/36/36 38/38/38 37/37/37 
f 37/37/37 38/38/38 38/38/38 
f 38/38/38 14/14/14 38/38/38 
f 38/38/38 14/14/14 14/14/14 
f 14/14/14 39/39/39 14/14/14 
f 14/14/14 39/39/39 16/16/16 
f 39/39/39 40/40/40 16/16/16 
f 16/16/16 40/40/40 18/18/18 
f 40/40/40 41/41/41 18/18/18 
f 18/18/18 41/41/41 20/20/20 
f 41/41/41 42/42/42 20/20/20 
f 20/20/20 42/42/42 22/22/22 
f 42/42/42 43/43/43 22/22/22 
f 22/22/22 43/43/43 24/24/24 
f 43/43/43 44/44/44 24/24/24 
f 24/24/24 44/44/44 26/26/26 
f 44/44/44 45/45/45 26/26/26 
f 26/26/26 45/45/45 28/28/28 
f 45/45/45 46/46/46 28/28/28 
f 28/28/28 46/46/46 30/30/30 
f 46/46/46 47/47/47 30/30/30 
f 30/30/30 47/47/47 32/32/32 
f 47/47/47 48/48/48 32/32/32 
f 32/32/32 48/48/48 34/34/34 
f 48/48/48 49/49/49 34/34/34 
f 34/34/34 49/49/49 36/36/36 
f 49/49/49 50/50/50 36/36/36 
f 36/36/36 50/50/50 38/38/38 
f 50/50/50 51/51/51 38/38/38 
f 38/38/38 51/51/51 51/51/51 
f 51/51/51 52/52/52 51/51/51 
f 51/51/51 52/52/52 52/52/52 
f 52/52/52 53/53/53 52/52/52 
f 52/52/52 53/53/53 54/54/54 
f 53/53/53 55/55/55 54/54/54 
f 54/54/54 55/55/55 55/55/55 
f 55/55/55 53/53/53 55/55/55 
f 55/55/55 53/53/53 56/56/56 
f 53/53/53 57/57/57 56/56/56 
f 56/56/56 57/57/57 57/57/57 
f 57/57/57 53/53/53 57/57/57 
f 57/57/57 53/53/53 58/58/58 
f 53/53/53 59/59/59 58/58/58 
f 58/58/58 59/59/59 59/59/59 
f 59/59/59 53/53/53 59/59/59 
f 59/59/59 53/53/53 60/60/60 
f 53/53/53 61/61/61 60/60/60 
f 60/60/60 61/61/61 61/61/61 
f 61/61/61 53/53/53 61/61/61 
f 61/61/61 53/53/53 62/62/62 
f 53/53/53 63/63/63 62/62/62 
f 62/62/62 63/63/63 63/63/63 
f 63/63/63 64/64/64 63/63/63 
f 63/63/63 64/64/64 64/64/64 
f 64/64/64 65/65/65 64/64/64 
f 64/64/64 65/65/65 66/66/66 
f 65/65/65 67/67/67 66/66/66 
f 66/66/66 67/67/67 68/68/68 
f 67/67/67 69/69/69 68/68/68 
f 68/68/68 69/69/69 70/70/70 
f 69/69/69 71/71/71 70/70/70 
f 70/70/70 71/71/71 72/72/72 
f 71/71/71 73/73/73 72/72/72 
f 72/72/72 73/73/73 74/74/74 
f 73/73/73 75/75/75 74/74/74 
f 74/74/74 75/75/75 76/76/76 
f 75/75/75 77/77/77 76/76/76 
f 76/76/76 77/77/77 78/78/78 
f 77/77/77 79/79/79 78/78/78 
f 78/78/78 79/79/79 80/80/80 
f 79/79/79 81/81/81 80/80/80 
f 80/80/80 81/81/81 82/82/82 
f 81/81/81 83/83/83 82/82/82 
f 82/82/82 83/83/83 84/84/84 
f 83/83/83 85/85/85 84/84/84 
f 84/84/84 85/85/85 86/86/86 
f 85/85/85 87/87/87 86/86/86 
f 86/86/86 87/87/87 88/88/88 
f 87/87/87 89/89/89 88/88/88 
f 88/88/88 89/89/89 89/89/89 
f 89/89/89 65/65/65 89/89/89 
f 89/89/89 65/65/65 65/65/65 
f 65/65/65 90/90/90 65/65/65 
f 65/65/65 90/90/90 67/67/67 
f 90/90/90 91/91/91 67/67/67 
f 67/67/67 91/91/91 69/69/69 
f 91/91/91 92/92/92 69/69/69 
f 69/69/69 92/92/92 71/71/71 
f 92/92/92 93/93/93 71/71/71 
f 71/71/71 93/93/93 73/73/73 
f 93/93/93 94/94/94 73/73/73 
f 73/73/73 94/94/94 75/75/75 
f 94/94/94 95/95/95 75/75/75 
f 75/75/75 95/95/95 77/77/77 
f 95/95/95 96/96/96 77/77/77 
f 77/77/77 96/96/96 79/79/79 
f 96/96/96 97/97/97 79/79/79 
f 79/79/79 97/97/97 81/81/81 
f 97/97/97 98/98/98 81/81/81 
f 81/81/81 98/98/98 83/83/83 
f 98/98/98 99/99/99 83/83/83 
f 83/83/83 99/99/99 85/85/85 
f 99/99/99 100/100/100 85/85/85 
f 85/85/85 100/100/100 87/87/87 
f 100/100/100 101/101/101 87/87/87 
f 87/87/87 101/101/101 89/89/89 
f 101/101/101 102/102/102 89/89/89 
f 89/89/89 102/102/102 102/102/102 
f 102/102/102 103/103/103 102/102/102 
f 102/102/102 103/103/103 103/103/103 
f 103/103/103 104/104/104 103/103/103 
f 103/103/103 104/104/104 105/105/105 
f 104/104/104 106/106/106 105/105/105 
f 105/105/105 106/106/106 106/106/106 
f 106/106/106 107/107/107 106/106/106 
f 106/106/106 107/107/107 107/107/107 
f 107/107/107 108/108/108 107/107/107 
f 107/107/107 108/108/108 109/109/109 
f 108/108/108 110/110/110 109/109/109 
f 109/109/109 110/110/110 111/111/111 
f 110/110/110 112/112/112 111/111/111 
f 111/111/111 112/112/112 113/113/113 
f 112/112/112 114/114/114 113/113/113 
f 113/113/113 114/114/114 115/115/115 
f 114/114/114 116/116/116 115/115/115 
f 115/115/115 116/116/116 117/117/117 
f 116/116/116 118/118/118 117/117/117 
f 117/117/117 118/118/118 119/119/119 
f 118/118/118 120/120/120 119/119/119 
f 119/119/119 120/120/120 121/121/121 
f 120/120/120 122/122/122 121/121/121 
f 121/121/121 122/122/122 123/123/123 
f 122/122/122 124/124/124 123/123/123 
f 123/123/123 124/124/124 125/125/125 
f 124/124/124 126/126/126 125/125/125 
f 125/125/125 126/126/126 127/127/127 
f 126/126/126 128/128/128 127/127/127 
f 127/127/127 128/128/128 129/129/129 
f 128/128/128 130/130/130 129/129/129 
f 129/129/129 130/130/130 131/131/131 
f 130/130/130 132/132/132 131/131/131 
f 131/131/131 132/132/132 132/132/132 
f 132/132/132 133/133/133 132/132/132 
f 132/132/132 133/133/133 133/133/133 
f 133/133/133 134/134/134 133/133/133 
f 133/133/133 134/134/134 135/135/135 
f 134/134/134 136/136/136 135/135/135 
f 135/135/135 136/136/136 136/136/136 
f 136/136/136 137/137/137 136/136/136 
f 136/136/136 137/137/137 137/137/137 
f 137/137/137 138/138/138 137/137/137 
f 137/137/137 138/138/138 139/139/139 
f 138/138/138 140/140/140 139/139/139 
f 139/139/139 140/140/140 141/141/141 
f 140/140/140 142/142/142 141/141/141 
f 141/141/141 142/142/142 143/143/143 
f 142/142/142 144/144/144 143/143/143 
f 143/143/143 144/144/144 145/145/145 
f 144/144/144 146/146/146 145/145/145 
f 145/145/145 146/146/146 147/147/147 
f 146/146/146 148/148/148 147/147/147 
f 147/147/147 148/148/148 149/149/149 
f 148/148/148 150/150/150 149/149/149 
f 149/149/149 150/150/150 151/151/151 
f 150/150/150 152/152/152 151/151/151 
f 151/151/151 152/152/152 153/153/153 
f 152/152/152 154/154/154 153/153/153 
f 153/153/153 154/154/154 155/155/155 
f 154/154/154 156/156/156 155/155/155 
f 155/155/155 156/156/156 157/157/157 
f 156/156/156 158/158/158 157/157/157 
f 157/157/157 158/158/158 159/159/159 
f 158/158/158 160/160/160 159/159/159 
f 159/159/159 160/160/160 161/161/161 
f 160/160/160 162/162/162 161/161/161 
f 161/161/161 162/162/162 162/162/162 
f 162/162/162 163/163/163 162/162/162 
f 162/162/162 163/163/163 163/163/163 
f 163/163/163 164/164/164 163/163/163 
f 163/163/163 164/164/164 165/165/165 
f 164/164/164 166/166/166 165/165/165 
f 165/165/165 166/166/166 167/167/167 
f 166/166/166 168/168/168 167/167/167 
f 167/167/167 168/168/168 169/169/169 
f 168/168/168 170/170/170 169/169/169 
f 169/169/169 170/170/170 171/171/171 
f 170/170/170 172/172/172 171/171/171 
f 171/171/171 172/172/172 173/173/173 
f 172/172/172 174/174/174 173/173/173 
f 173/173/173 174/174/174 175/175/175 
f 174/174/174 176/176/176 175/175/175 
f 175/175/175 176/176/176 177/177/177 
f 176/176/176 178/178/178 177/177/177 
f 177/177/177 178/178/178 179/179/179 
f 178/178/178 180/180/180 179/179/179 
f 179/179/179 180/180/180 181/181/181 
f 180/180/180 182/182/182 181/181/181 
f 181/181/181 182/182/182 183/183/183 
f 182/182/182 184/184/184 183/183/183 
f 183/183/183 184/184/184 185/185/185 
f 184/184/184 186/186/186 185/185/185 
f 185/185/185 186/186/186 187/187/187 
f 186/186/186 188/188/188 187/187/187 
f 187/187/187 188/188/188 188/188/188 
f 188/188/188 164/164/164 188/188/188 
f 188/188/188 164/164/164 164/164/164 
f 164/164/164 189/189/189 164/164/164 
f 164/164/164 189/189/189 166/166/166 
f 189/189/189 190/190/190 166/166/166 
f 166/166/166 190/190/190 168/168/168 
f 190/190/190 191/191/191 168/168/168 
f 168/168/168 191/191/191 170/170/170 
f 191/191/191 192/192/192 170/170/170 
f 170/170/170 192/192/192 172/172/172 
f 192/192/192 193/193/193 172/172/172 
f 172/172/172 193/193/193 174/174/174 
f 193/193/193 194/194/194 174/174/174 
f 174/174/174 194/194/194 176/176/176 
f 194/194/194 195/195/195 176/176/176 
f 176/176/176 195/195/195 178/178/178 
f 195/195/195 196/196/196 178/178/178 
f 178/178/178 196/196/196 180/180/180 
f 196/196/196 197/197/197 180/180/180 
f 180/180/180 197/197/197 182/182/182 
f 197/197/197 198/198/198 182/182/182 
f 182/182/182 198/198/198 184/184/184 
f 198/198/198 199/199/199 184/184/184 
f 184/184/184 199/199/199 186/186/186 
f 199/199/199 200/200/200 186/186/186 
f 186/186/186 200/200/200 188/188/188 
f 200/200/200 201/201/201 188/188/188 
f 188/188/188 201/201/201 201/201/201 
f 201/201/201 202/202/202 201/201/201 
f 201/201/201 202/202/202 202/202/202 
f 202/202/202 203/203/203 202/202/202 
f 202/202/202 203/203/203 204/204/204 
f 203/203/203 205/205/205 204/204/204 
f 204/204/204 205/205/205 205/205/205 
f 205/205/205 206/206/206 205/205/205 
f 205/205/205 206/206/206 206/206/206 
f 206/206/206 207/207/207 206/206/206 
f 206/206/206 207/207/207 208/208/208 
f 207/207/207 209/209/209 208/208/208 
f 208/208/208 209/209/209 210/210/210 
f 209/209/209 211/211/211 210/210/210 
f 210/210/210 211/211/211 212/212/212 
f 211/211/211 213/213/213 212/212/212 
f 212/212/212 213/213/213 214/214/214 
f 213/213/213 215/215/215 214/214/214 
f 214/214/214 215/215/215 216/216/216 
f 215/215/215 217/217/217 216/216/216 
f 216/216/216 217/217/217 218/218/218 
f 217/217/217 219/219/219 218/218/218 
f 218/218/218 219/219/219 220/220/220 
f 219/219/219 221/221/221 220/220/220 
f 220/220/220 221/221/221 222/222/222 
f 221/221/221 223/223/223 222/222/222 
f 222/222/222 223/223/223 224/224/224 
f 223/223/223 225/225/225 224/224/224 
f 224/224/224 225/225/225 226/226/226 
f 225/225/225 227/227/227 226/226/226 
f 226/226/226 227/227/227 228/228/228 
f 227/227/227 229/229/229 228/228/228 
f 228/228/228 229/229/229 230/230/230 
f 229/229/229 231/231/231 230/230/230 
f 230/230/230 231/231/231 231/231/231 
f 231/231/231 207/207/207 231/231/231 
f 231/231/231 207/207/207 207/207/207 
f 207/207/207 232/232/232 207/207/207 
f 207/207/207 232/232/232 209/209/209 
f 232/232/232 233/233/233 209/209/209 
f 209/209/209 233/233/233 211/211/211 
f 233/233/233 234/234/234 211/211/211 
f 211/211/211 234/234/234 213/213/213 
f 234/234/234 235/235/235 213/213/213 
f 213/213/213 235/235/235 215/215/215 
f 235/235/235 236/236/236 215/215/215 
f 215/215/215 236/236/236 217/217/217 
f 236/236/236 237/237/237 217/217/217 
f 217/217/217 237/237/237 219/219/219 
f 237/237/237 238/238/238 219/219/219 
f 219/219/219 238/238/238 221/221/221 
f 238/238/238 239/239/239 221/221/221 
f 221/221/221 239/239/239 223/223/223 
f 239/239/239 240/240/240 223/223/223 
f 223/223/223 240/240/240 225/225/225 
f 240/240/240 241/241/241 225/225/225 
f 225/225/225 241/241/241 227/227/227 
f 241/241/241 242/242/242 227/227/227 
f 227/227/227 242/242/242 229/229/229 
f 242/242/242 243/243/243 229/229/229 
f 229/229/229 243/243/243 231/231/231 
f 243/243/243 244/244/244 231/231/231 
f 231/231/231 244/244/244 244/244/244 
f 244/244/244 245/245/245 244/244/244 
f 244/244/244 245/245/245 245/245/245 
f 245/245/245 246/246/246 245/245/245 
f 245/245/245 246/246/246 247/247/247 
f 246/246/246 248/248/248 247/247/247 
f 247/247/247 248/248/248 248/248/248 
f 248/248/248 249/249/249 248/248/248 
f 248/248/248 249/249/249 249/249/249 
f 249/249/249 250/250/250 249/249/249 
f 249/249/249 250/250/250 251/251/251 
f 250/250/250 252/252/252 251/251/251 
f 251/251/251 252/252/252 253/253/253 
f 252/252/252 253/253/253 253/253/253 
f 253/253/253 253/253/253 253/253/253 
f 253/253/253 254/254/254 253/253/253 
f 253/253/253 254/254/254 251/251/251 
f 254/254/254 255/255/255 251/251/251 
f 251/251/251 255/255/255 256/256/256 
f 255/255/255 256/256/256 256/256/256 
f 256/256/256 256/256/256 256/256/256 
f 256/256/256 257/257/257 256/256/256 
f 256/256/256 257/257/257 251/251/251 
f 257/257/257 258/258/258 251/251/251 
f 251/251/251 258/258/258 259/259/259 
f 258/258/258 259/259/259 259/259/259 
f 259/259/259 259/259/259 260/260/260 
f 259/259/259 260/260/260 260/260/260 
f 260/260/260 260/260/260 260/260/260 
f 260/260/260 261/261/261 260/260/260 
f 260/260/260 261/261/261 262/262/262 
f 261/261/261 263/263/263 262/262/262 
f 262/262/262 263/263/263 263/263/263 
f 263/263/263 264/264/264 263/263/263 
f 263/263/263 264/264/264 264/264/264 
f 264/264/264 265/265/265 264/264/264 
f 264/264/264 265/265/265 266/266/266 
f 265/265/265 267/267/267 266/266/266 
f 266/266/266 267/267/267 267/267/267 
f 267/267/267 268/268/268 267/267/267 
f 267/267/267 268/268/268 268/268/268 
f 268/268/268 269/269/269 268/268/268 
f 268/268/268 269/269/269 270/270/270 
f 269/269/269 271/271/271 270/270/270 
f 270/270/270 271/271/271 271/271/271 
f 271/271/271 269/269/269 271/271/271 
f 271/271/271 269/269/269 272/272/272 
f 269/269/269 273/273/273 272/272/272 
f 272/272/272 273/273/273 273/273/273 
f 273/273/273 269/269/269 273/273/273 
f 273/273/273 269/269/269 274/274/274 
f 269/269/269 275/275/275 274/274/274 
f 274/274/274 275/275/275 275/275/275 
f 275/275/275 269/269/269 275/275/275 
f 275/275/275 269/269/269 276/276/276 
f 269/269/269 277/277/277 276/276/276 
f 276/276/276 277/277/277 277/277/277 
f 277/277/277 269/269/269 277/277/277 
f 277/277/277 269/269/269 278/278/278 
f 269/269/269 279/279/279 278/278/278 
f 278/278/278 279/279/279 279/279/279 
f 279/279/279 280/280/280 279/279/279 
f 279/279/279 280/280/280 280/280/280 
f 280/280/280 281/281/281 280/280/280 
f 280/280/280 281/281/281 282/282/282 
f 281/281/281 283/283/283 282/282/282 
f 282/282/282 283/283/283 283/283/283 
f 283/283/283 284/284/284 283/283/283 
f 283/283/283 284/284/284 284/284/284 
f 284/284/284 285/285/285 284/284/284 
f 284/284/284 285/285/285 286/286/286 
f 285/285/285 287/287/287 286/286/286 
f 286/286/286 287/287/287 287/287/287 
f 287/287/287 288/288/288 287/287/287 
f 287/287/287 288/288/288 288/288/288 
f 288/288/288 289/289/289 288/288/288 
f 288/288/288 289/289/289 290/290/290 
f 289/289/289 291/291/291 290/290/290 
f 290/290/290 291/291/291 292/292/292 
f 291/291/291 293/293/293 292/292/292 
f 292/292/292 293/293/293 294/294/294 
f 293/293/293 295/295/295 294/294/294 
f 294/294/294 295/295/295 296/296/296 
f 295/295/295 297/297/297 296/296/296 
f 296/296/296 297/297/297 298/298/298 
f 297/297/297 299/299/299 298/298/298 
f 298/298/298 299/299/299 300/300/300 
f 299/299/299 301/301/301 300/300/300 
f 300/300/300 301/301/301 302/302/302 
f 301/301/301 303/303/303 302/302/302 
f 302/302/302 303/303/303 304/304/304 
f 303/303/303 305/305/305 304/304/304 
f 304/304/304 305/305/305 306/306/306 
f 305/305/305 307/307/307 306/306/306 
f 306/306/306 307/307/307 308/308/308 
f 307/307/307 309/309/309 308/308/308 
f 308/308/308 309/309/309 310/310/310 
f 309/309/309 311/311/311 310/310/310 
f 310/310/310 311/311/311 312/312/312 
f 311/311/311 313/313/313 312/312/312 
f 312/312/312 313/313/313 313/313/313 
f 313/313/313 314/314/314 313/313/313 
f 313/313/313 314/314/314 314/314/314 
f 314/314/314 315/315/315 314/314/314 
f 314/314/314 315/315/315 316/316/316 
f 315/315/315 317/317/317 316/316/316 
f 316/316/316 317/317/317 318/318/318 
f 317/317/317 319/319/319 318/318/318 
f 318/318/318 319/319/319 320/320/320 
f 319/319/319 321/321/321 320/320/320 
f 320/320/320 321/321/321 322/322/322 
f 321/321/321 323/323/323 322/322/322 
f 322/322/322 323/323/323 324/324/324 
f 323/323/323 325/325/325 324/324/324 
f 324/324/324 325/325/325 326/326/326 
f 325/325/325 327/327/327 326/326/326 
f 326/326/326 327/327/327 328/328/328 
f 327/327/327 329/329/329 328/328/328 
f 328/328/328 329/329/329 330/330/330 
f 329/329/329 331/331/331 330/330/330 
f 330/330/330 331/331/331 332/332/332 
f 331/331/331 333/333/333 332/332/332 
f 332/332/332 333/333/333 334/334/334 
f 333/333/333 335/335/335 334/334/334 
f 334/334/334 335/335/335 336/336/336 
f 335/335/335 337/337/337 336/336/336 
f 336/336/336 337/337/337 338/338/338 
f 337/337/337 339/339/339 338/338/338 
f 338/338/338 339/339/339 339/339/339 
f 339/339/339 340/340/340 339/339/339 
f 339/339/339 340/340/340 340/340/340 
f 340/340/340 341/341/341 340/340/340 
f 340/340/340 341/341/341 342/342/342 
f 341/341/341 343/343/343 342/342/342 
f 342/342/342 343/343/343 344/344/344 
f 343/343/343 345/345/345 344/344/344 
f 344/344/344 345/345/345 346/346/346 
f 345/345/345 347/347/347 346/346/346 
f 346/346/346 347/347/347 348/348/348 
f 347/347/347 349/349/349 348/348/348 
f 348/348/348 349/349/349 350/350/350 
f 349/349/349 351/351/351 350/350/350 
f 350/350/350 351/351/351 352/352/352 
f 351/351/351 353/353/353 352/352/352 
f 352/352/352 353/353/353 354/354/354 
f 353/353/353 355/355/355 354/354/354 
f 354/354/354 355/355/355 356/356/356 
f 355/355/355 357/357/357 356/356/356 
f 356/356/356 357/357/357 358/358/358 
f 357/357/357 359/359/359 358/358/358 
f 358/358/358 359/359/359 360/360/360 
f 359/359/359 361/361/361 360/360/360 
f 360/360/360 361/361/361 362/362/362 
f 361/361/361 363/363/363 362/362/362 
f 362/362/362 363/363/363 364/364/364 
f 363/363/363 365/365/365 364/364/364 
f 364/364/364 365/365/365 365/365/365 
f 365/365/365 341/341/341 365/365/365 
f 365/365/365 341/341/341 341/341/341 
f 341/341/341 366/366/366 341/341/341 
f 341/341/341 366/366/366 343/343/343 
f 366/366/366 367/367/367 343/343/343 
f 343/343/343 367/367/367 345/345/345 
f 367/367/367 368/368/368 345/345/345 
f 345/345/345 368/368/368 347/347/347 
f 368/368/368 369/369/369 347/347/347 
f 347/347/347 369/369/369 349/349/349 
f 369/369/369 370/370/370 349/349/349 
f 349/349/349 370/370/370 351/351/351 
f 370/370/370 371/371/371 351/351/351 
f 351/351/351 371/371/371 353/353/353 
f 371/371/371 372/372/372 353/353/353 
f 353/353/353 372/372/372 355/355/355 
f 372/372/372 373/373/373 355/355/355 
f 355/355/355 373/373/373 357/357/357 
f 373/373/373 374/374/374 357/357/357 
f 357/357/357 374/374/374 359/359/359 
f 374/374/374 375/375/375 359/359/359 
f 359/359/359 375/375/375 361/361/361 
f 375/375/375 376/376/376 361/361/361 
f 361/361/361 376/376/376 363/363/363 
f 376/376/376 377/377/377 363/363/363 
f 363/363/363 377/377/377 365/365/365 
f 377/377/377 378/378/378 365/365/365 
f 365/365/365 378/378/378 378/378/378 
f 378/378/378 379/379/379 378/378/378 
f 378/378/378 379/379/379 379/379/379 
f 379/379/379 380/380/380 379/379/379 
f 379/379/379 380/380/380 381/381/381 
f 380/380/380 382/382/382 381/381/381 
f 381/381/381 382/382/382 382/382/382 
f 382/382/382 383/383/383 382/382/382 
f 382/382/382 383/383/383 383/383/383 
f 383/383/383 384/384/384 383/383/383 
f 383/383/383 384/384/384 385/385/385 
f 384/384/384 386/386/386 385/385/385 
f 385/385/385 386/386/386 387/387/387 
f 386/386/386 387/387/387 387/387/387 
f 387/387/387 387/387/387 387/387/387 
f 387/387/387 388/388/388 387/387/387 
f 387/387/387 388/388/388 385/385/385 
f 388/388/388 389/389/389 385/385/385 
f 385/385/385 389/389/389 390/390/390 
f 389/389/389 390/390/390 390/390/390 
f 390/390/390 390/390/390 390/390/390 
f 390/390/390 391/391/391 390/390/390 
f 390/390/390 391/391/391 385/385/385 
f 391/391/391 392/392/392 385/385/385 
f 385/385/385 392/392/392 393/393/393 
f 392/392/392 393/393/393 393/393/393 
f 393/393/393 393/393/393 394/394/394 
f 393/393/393 394/394/394 394/394/394 
f 394/394/394 394/394/394 394/394/394 
f 394/394/394 395/395/395 394/394/394 
f 394/394/394 395/395/395 396/396/396 
f 395/395/395 397/397/397 396/396/396 
f 396/396/396 397/397/397 397/397/397 
f 397/397/397 398/398/398 397/397/397 
f 397/397/397 398/398/398 398/398/398 
f 398/398/398 399/399/399 398/398/398 
f 398/398/398 399/399/399 400/400/400 
f 399/399/399 401/401/401 400/400/400 
f 400/400/400 401/401/401 402/402/402 
f 401/401/401 402/402/402 402/402/402 
f 402/402/402 402/402/402 402/402/402 
f 402/402/402 403/403/403 402/402/402 
f 402/402/402 403/403/403 400/400/400 
f 403/403/403 404/404/404 400/400/400 
f 400/400/400 404/404/404 405/405/405 
f 404/404/404 405/405/405 405/405/405 
f 405/405/405 405/405/405 405/405/405 
f 405/405/405 406/406/406 405/405/405 
f 405/405/405 406/406/406 400/400/400 
f 406/406/406 407/407/407 400/400/400 
f 400/400/400 407/407/407 408/408/408 
f 407/407/407 408/408/408 408/408/408 
f 408/408/408 408/408/408 409/409/409 
f 408/408/408 409/409/409 409/409/409 
f 409/409/409 409/409/409 409/409/409 
f 409/409/409 410/410/410 409/409/409 
f 409/409/409 410/410/410 411/411/411 
f 410/410/410 412/412/412 411/411/411 
f 411/411/411 412/412/412 412/412/412 
f 412/412/412 413/413/413 412/412/412 
f 412/412/412 413/413/413 413/413/413 
f 413/413/413 414/414/414 413/413/413 
f 413/413/413 414/414/414 415/415/415 
f 414/414/414 416/416/416 415/415/415 
f 415/415/415 416/416/416 417/417/417 
f 416/416/416 418/418/418 417/417/417 
f 417/417/417 418/418/418 419/419/419 
f 418/418/418 420/420/420 419/419/419 
f 419/419/419 420/420/420 421/421/421 
f 420/420/420 422/422/422 421/421/421 
f 421/421/421 422/422/422 423/423/423 
f 422/422/422 424/424/424 423/423/423 
f 423/423/423 424/424/424 425/425/425 
f 424/424/424 426/426/426 425/425/425 
f 425/425/425 426/426/426 427/427/427 
f 426/426/426 428/428/428 427/427/427 
f 427/427/427 428/428/428 429/429/429 
f 428/428/428 430/430/430 429/429/429 
f 429/429/429 430/430/430 431/431/431 
f 430/430/430 432/432/432 431/431/431 
f 431/431/431 432/432/432 433/433/433 
f 432/432/432 434/434/434 433/433/433 
f 433/433/433 434/434/434 435/435/435 
f 434/434/434 436/436/436 435/435/435 
f 435/435/435 436/436/436 437/437/437 
f 436/436/436 438/438/438 437/437/437 
f 437/437/437 438/438/438 438/438/438 
f 438/438/438 439/439/439 438/438/438 
f 438/438/438 439/439/439 439/439/439 
f 439/439/439 440/440/440 439/439/439 
f 439/439/439 440/440/440 441/441/441 
f 440/440/440 442/442/442 441/441/441 
f 441/441/441 442/442/442 443/443/443 
f 442/442/442 444/444/444 443/443/443 
f 443/443/443 444/444/444 445/445/445 
f 444/444/444 446/446/446 445/445/445 
f 445/445/445 446/446/446 447/447/447 
f 446/446/446 448/448/448 447/447/447 
f 447/447/447 448/448/448 449/449/449 
f 448/448/448 450/450/450 449/449/449 
f 449/449/449 450/450/450 451/451/451 
f 450/450/450 452/452/452 451/451/451 
f 451/451/451 452/452/452 453/453/453 
f 452/452/452 454/454/454 453/453/453 
f 453/453/453 454/454/454 455/455/455 
f 454/454/454 456/456/456 455/455/455 
f 455/455/455 456/456/456 457/457/457 
f 456/456/456 458/458/458 457/457/457 
f 457/457/457 458/458/458 459/459/459 
f 458/458/458 460/460/460 459/459/459 
f 459/459/459 460/460/460 461/461/461 
f 460/460/460 462/462/462 461/461/461 
f 461/461/461 462/462/462 463/463/463 
f 462/462/462 464/464/464 463/463/463 
f 463/463/463 464/464/464 464/464/464 
f 464/464/464 440/440/440 464/464/464 
f 464/464/464 440/440/440 440/440/440 
f 440/440/440 465/465/465 440/440/440 
f 440/440/440 465/465/465 442/442/442 
f 465/465/465 466/466/466 442/442/442 
f 442/442/442 466/466/466 444/444/444 
f 466/466/466 467/467/467 444/444/444 
f 444/444/444 467/467/467 446/446/446 
f 467/467/467 468/468/468 446/446/446 
f 446/446/446 468/468/468 448/448/448 
f 468/468/468 469/469/469 448/448/448 
f 448/448/448 469/469/469 450/450/450 
f 469/469/469 470/470/470 450/450/450 
f 450/450/450 470/470/470 452/452/452 
f 470/470/470 471/471/471 452/452/452 
f 452/452/452 471/471/471 454/454/454 
f 471/471/471 472/472/472 454/454/454 
f 454/454/454 472/472/472 456/456/456 
f 472/472/472 473/473/473 456/456/456 
f 456/456/456 473/473/473 458/458/458 
f 473/473/473 474/474/474 458/458/458 
f 458/458/458 474/474/474 460/460/460 
f 474/474/474 475/475/475 460/460/460 
f 460/460/460 475/475/475 462/462/462 
f 475/475/475 476/476/476 462/462/462 
f 462/462/462 476/476/476 464/464/464 
f 476/476/476 477/477/477 464/464/464 
f 464/464/464 477/477/477 477/477/477 
f 477/477/477 478/478/478 477/477/477 
f 477/477/477 478/478/478 478/478/478 
f 478/478/478 479/479/479 478/478/478 
f 478/478/478 479/479/479 480/480/480 
f 479/479/479 481/481/481 480/480/480 
f 480/480/480 481/481/481 482/482/482 
f 481/481/481 483/483/483 482/482/482 
f 482/482/482 483/483/483 484/484/484 
f 483/483/483 485/485/485 484/484/484 
f 484/484/484 485/485/485 486/486/486 
f 485/485/485 487/487/487 486/486/486 
f 486/486/486 487/487/487 488/488/488 
f 487/487/487 489/489/489 488/488/488 
f 488/488/488 489/489/489 490/490/490 
f 489/489/489 491/491/491 490/490/490 
f 490/490/490 491/491/491 492/492/492 
f 491/491/491 493/493/493 492/492/492 
f 492/492/492 493/493/493 494/494/494 
f 493/493/493 495/495/495 494/494/494 
f 494/494/494 495/495/495 496/496/496 
f 495/495/495 497/497/497 496/496/496 
f 496/496/496 497/497/497 498/498/498 
f 497/497/497 499/499/499 498/498/498 
f 498/498/498 499/499/499 500/500/500 
f 499/499/499 501/501/501 500/500/500 
f 500/500/500 501/501/501 502/502/502 
f 501/501/501 503/503/503 502/502/502 
f 502/502/502 503/503/503 503/503/503 
f 503/503/503 504/504/504 503/503/503 
f 503/503/503 504/504/504 504/504/504 
f 504/504/504 505/505/505 504/504/504 
f 504/504/504 505/505/505 506/506/506 
f 505/505/505 507/507/507 506/506/506 
f 506/506/506 507/507/507 507/507/507 
f 507/507/507 508/508/508 507/507/507 
f 507/507/507 508/508/508 508/508/508 
f 508/508/508 509/509/509 508/508/508 
f 508/508/508 509/509/509 510/510/510 
f 509/509/509 511/511/511 510/510/510 
f 510/510/510 511/511/511 511/511/511 
f 511/511/511 512/512/512 511/511/511 
f 511/511/511 512/512/512 512/512/512 
f 512/512/512 513/513/513 512/512/512 
f 512/512/512 513/513/513 514/514/514 
f 513/513/513 515/515/515 514/514/514 
f 514/514/514 515/515/515 516/516/516 
f 515/515/515 517/517/517 516/516/516 
f 516/516/516 517/517/517 518/518/518 
f 517/517/517 519/519/519 518/518/518 
f 518/518/518 519/519/519 520/520/520 
f 519/519/519 521/521/521 520/520/520 
f 520/520/520 521/521/521 522/522/522 
f 521/521/521 523/523/523 522/522/522 
f 522/522/522 523/523/523 524/524/524 
f 523/523/523 525/525/525 524/524/524 
f 524/524/524 525/525/525 526/526/526 
f 525/525/525 527/527/527 526/526/526 
f 526/526/526 527/527/527 528/528/528 
f 527/527/527 529/529/529 528/528/528 
f 528/528/528 529/529/529 530/530/530 
f 529/529/529 531/531/531 530/530/530 
f 530/530/530 531/531/531 532/532/532 
f 531/531/531 533/533/533 532/532/532 
f 532/532/532 533/533/533 534/534/534 
f 533/533/533 535/535/535 534/534/534 
f 534/534/534 535/535/535 536/536/536 
f 535/535/535 537/537/537 536/536/536 
f 536/536/536 537/537/537 537/537/537 
f 537/537/537 513/513/513 537/537/537 
f 537/537/537 513/513/513 513/513/513 
f 513/513/513 538/538/538 513/513/513 
f 513/513/513 538/538/538 515/515/515 
f 538/538/538 539/539/539 515/515/515 
f 515/515/515 539/539/539 517/517/517 
f 539/539/539 540/540/540 517/517/517 
f 517/517/517 540/540/540 519/519/519 
f 540/540/540 541/541/541 519/519/519 
f 519/519/519 541/541/541 521/521/521 
f 541/541/541 542/542/542 521/521/521 
f 521/521/521 542/542/542 523/523/523 
f 542/542/542 543/543/543 523/523/523 
f 523/523/523 543/543/543 525/525/525 
f 543/543/543 544/544/544 525/525/525 
f 525/525/525 544/544/544 527/527/527 
f 544/544/544 545/545/545 527/527/527 
f 527/527/527 545/545/545 529/529/529 
f 545/545/545 546/546/546 529/529/529 
f 529/529/529 546/546/546 531/531/531 
f 546/546/546 547/547/547 531/531/531 
f 531/531/531 547/547/547 533/533/533 
f 547/547/547 548/548/548 533/533/533 
f 533/533/533 548/548/548 535/535/535 
f 548/548/548 549/549/549 535/535/535 
f 535/535/535 549/549/549 537/537/537 
f 549/549/549 550/550/550 537/537/537 
f 537/537/537 550/550/550 550/550/550 
f 550/550/550 551/551/551 550/550/550 
f 550/550/550 551/551/551 551/551/551 
f 551/551/551 552/552/552 551/551/551 
f 551/551/551 552/552/552 553/553/553 
f 552/552/552 554/554/554 553/553/553 
f 553/553/553 554/554/554 555/555/555 
f 554/554/554 555/555/555 555/555/555 
f 555/555/555 555/555/555 555/555/555 
f 555/555/555 556/556/556 555/555/555 
f 555/555/555 556/556/556 553/553/553 
f 556/556/556 557/557/557 553/553/553 
f 553/553/553 557/557/557 558/558/558 
f 557/557/557 558/558/558 558/558/558 
f 558/558/558 558/558/558 558/558/558 
f 558/558/558 559/559/559 558/558/558 
f 558/558/558 559/559/559 553/553/553 
f 559/559/559 560/560/560 553/553/553 
f 553/553/553 560/560/560 561/561/561 
f 560/560/560 561/561/561 561/561/561 
f 561/561/561 561/561/561 562/562/562 
f 561/561/561 562/562/562 562/562/562 
f 562/562/562 562/562/562 562/562/562 
f 562/562/562 563/563/563 562/562/562 
f 562/562/562 563/563/563 564/564/564 
f 563/563/563 565/565/565 564/564/564 
f 564/564/564 565/565/565 566/566/566 
f 565/565/565 567/567/567 566/566/566 
f 566/566/566 567/567/567 568/568/568 
f 567/567/567 569/569/569 568/568/568 
f 568/568/568 569/569/569 570/570/570 
f 569/569/569 571/571/571 570/570/570 
f 570/570/570 571/571/571 572/572/572 
f 571/571/571 573/573/573 572/572/572 
f 572/572/572 573/573/573 574/574/574 
f 573/573/573 575/575/575 574/574/574 
f 574/574/574 575/575/575 576/576/576 
f 575/575/575 577/577/577 576/576/576 
f 576/576/576 577/577/577 578/578/578 
f 577/577/577 579/579/579 578/578/578 
f 578/578/578 579/579/579 580/580/580 
f 579/579/579 581/581/581 580/580/580 
f 580/580/580 581/581/581 582/582/582 
f 581/581/581 583/583/583 582/582/582 
f 582/582/582 583/583/583 584/584/584 
f 583/583/583 585/585/585 584/584/584 
f 584/584/584 585/585/585 586/586/586 
f 585/585/585 587/587/587 586/586/586 
f 586/586/586 587/587/587 587/587/587 
f 587/587/587 563/563/563 587/587/587 
f 587/587/587 563/563/563 563/563/563 
f 563/563/563 588/588/588 563/563/563 
f 563/563/563 588/588/588 565/565/565 
f 588/588/588 589/589/589 565/565/565 
f 565/565/565 589/589/589 567/567/567 
f 589/589/589 590/590/590 567/567/567 
f 567/567/567 590/590/590 569/569/569 
f 590/590/590 591/591/591 569/569/569 
f 569/569/569 591/591/591 571/571/571 
f 591/591/591 592/592/592 571/571/571 
f 571/571/571 592/592/592 573/573/573 
f 592/592/592 593/593/593 573/573/573 
f 573/573/573 593/593/593 575/575/575 
f 593/593/593 594/594/594 575/575/575 
f 575/575/575 594/594/594 577/577/577 
f 594/594/594 595/595/595 577/577/577 
f 577/577/577 595/595/595 579/579/579 
f 595/595/595 596/596/596 579/579/579 
f 579/579/579 596/596/596 581/581/581 
f 596/596/596 597/597/597 581/581/581 
f 581/581/581 597/597/597 583/583/583 
f 597/597/597 598/598/598 583/583/583 
f 583/583/583 598/598/598 585/585/585 
f 598/598/598 599/599/599 585/585/585 
f 585/585/585 599/599/599 587/587/587 
f 599/599/599 600/600/600 587/587/587 
f 587/587/587 600/600/600 600/600/600 
f 600/600/600 601/601/601 600/600/600 
f 600/600/600 601/601/601 601/601/601 
f 601/601/601 602/602/602 601/601/601 
f 601/601/601 602/602/602 603/603/603 
f 602/602/602 604/604/604 603/603/603 
f 603/603/603 604/604/604 604/604/604 
f 604/604/604 605/605/605 604/604/604 
f 604/604/604 605/605/605 605/605/605 
f 605/605/605 606/606/606 605/605/605 
f 605/605/605 606/606/606 607/607/607 
f 606/606/606 608/608/608 607/607/607 
f 607/607/607 608/608/608 608/608/608 
f 608/608/608 609/609/609 608/608/608 
f 608/608/608 609/609/609 609/609/609 
f 609/609/609 610/610/610 609/609/609 
f 609/609/609 610/610/610 611/611/611 
f 610/610/610 612/612/612 611/611/611 
f 611/611/611 612/612/612 612/612/612 
f 612/612/612 613/613/613 612/612/612 
f 612/612/612 613/613/613 613/613/613 
f 613/613/613 614/614/614 613/613/613 
f 613/613/613 614/614/614 615/615/615 
f 614/614/614 616/616/616 615/615/615 
f 615/615/615 616/616/616 616/616/616 
f 616/616/616 614/614/614 616/616/616 
f 616/616/616 614/614/614 617/617/617 
f 614/614/614 618/618/618 617/617/617 
f 617/617/617 618/618/618 618/618/618 
f 618/618/618 614/614/614 618/618/618 
f 618/618/618 614/614/614 619/619/619 
f 614/614/614 620/620/620 619/619/619 
f 619/619/619 620/620/620 620/620/620 
f 620/620/620 614/614/614 620/620/620 
f 620/620/620 614/614/614 621/621/621 
f 614/614/614 622/622/622 621/621/621 
f 621/621/621 622/622/622 622/622/622 
f 622/622/622 614/614/614 622/622/622 
f 622/622/622 614/614/614 623/623/623 
f 614/614/614 624/624/624 623/623/623 
f 623/623/623 624/624/624 624/624/624 
f 624/624/624 625/625/625 624/624/624 
f 624/624/624 625/625/625 625/625/625 
f 625/625/625 626/626/626 625/625/625 
f 625/625/625 626/626/626 627/627/627 
f 626/626/626 628/628/628 627/627/627 
f 627/627/627 628/628/628 628/628/628 
f 628/628/628 629/629/629 628/628/628 
f 628/628/628 629/629/629 629/629/629 
f 629/629/629 630/630/630 629/629/629 
f 629/629/629 630/630/630 631/631/631 
f 630/630/630 632/632/632 631/631/631 
f 631/631/631 632/632/632 632/632/632 
f 632/632/632 633/633/633 632/632/632 
f 632/632/632 633/633/633 633/633/633 
f 633/633/633 634/634/634 633/633/633 
f 633/633/633 634/634/634 635/635/635 
f 634/634/634 636/636/636 635/635/635 
f 635/635/635 636/636/636 637/637/637 
f 636/636/636 638/638/638 637/637/637 
f 637/637/637 638/638/638 639/639/639 
f 638/638/638 640/640/640 639/639/639 
f 639/639/639 640/640/640 641/641/641 
f 640/640/640 642/642/642 641/641/641 
f 641/641/641 642/642/642 643/643/643 
f 642/642/642 644/644/644 643/643/643 
f 643/643/643 644/644/644 645/645/645 
f 644/644/644 646/646/646 645/645/645 
f 645/645/645 646/646/646 647/647/647 
f 646/646/646 648/648/648 647/647/647 
f 647/647/647 648/648/648 649/649/649 
f 648/648/648 650/650/650 649/649/649 
f 649/649/649 650/650/650 651/651/651 
f 650/650/650 652/652/652 651/651/651 
f 651/651/651 652/652/652 653/653/653 
f 652/652/652 654/654/654 653/653/653 
f 653/653/653 654/654/654 655/655/655 
f 654/654/654 656/656/656 655/655/655 
f 655/655/655 656/656/656 657/657/657 
f 656/656/656 658/658/658 657/657/657 
f 657/657/657 658/658/658 658/658/658 
f 658/658/658 659/659/659 658/658/658 
f 658/658/658 659/659/659 659/659/659 
f 659/659/659 660/660/660 659/659/659 
f 659/659/659 660/660/660 661/661/661 
f 660/660/660 662/662/662 661/661/661 
f 661/661/661 662/662/662 663/663/663 
f 662/662/662 664/664/664 663/663/663 
f 663/663/663 664/664/664 665/665/665 
f 664/664/664 666/666/666 665/665/665 
f 665/665/665 666/666/666 667/667/667 
f 666/666/666 668/668/668 667/667/667 
f 667/667/667 668/668/668 669/669/669 
f 668/668/668 670/670/670 669/669/669 
f 669/669/669 670/670/670 671/671/671 
f 670/670/670 672/672/672 671/671/671 
f 671/671/671 672/672/672 673/673/673 
f 672/672/672 674/674/674 673/673/673 
f 673/673/673 674/674/674 675/675/675 
f 674/674/674 676/676/676 675/675/675 
f 675/675/675 676/676/676 677/677/677 
f 676/676/676 678/678/678 677/677/677 
f 677/677/677 678/678/678 679/679/679 
f 678/678/678 680/680/680 679/679/679 
f 679/679/679 680/680/680 681/681/681 
f 680/680/680 682/682/682 681/681/681 
f 681/681/681 682/682/682 683/683/683 
f 682/682/682 684/684/684 683/683/683 
f 683/683/683 684/684/684 684/684/684 
f 684/684/684 685/685/685 684/684/684 
f 684/684/684 685/685/685 685/685/685 
f 685/685/685 686/686/686 685/685/685 
f 685/685/685 686/686/686 687/687/687 
f 686/686/686 688/688/688 687/687/687 
f 687/687/687 688/688/688 688/688/688 
f 688/688/688 689/689/689 688/688/688 
f 688/688/688 689/689/689 689/689/689 
f 689/689/689 690/690/690 689/689/689 
f 689/689/689 690/690/690 691/691/691 
f 690/690/690 692/692/692 691/691/691 
f 691/691/691 692/692/692 692/692/692 
f 692/692/692 693/693/693 692/692/692 
f 692/692/692 693/693/693 693/693/693 
f 693/693/693 694/694/694 693/693/693 
f 693/693/693 694/694/694 695/695/695 
f 694/694/694 696/696/696 695/695/695 
f 695/695/695 696/696/696 697/697/697 
f 696/696/696 697/697/697 697/697/697 
f 697/697/697 697/697/697 697/697/697 
f 697/697/697 698/698/698 697/697/697 
f 697/697/697 698/698/698 695/695/695 
f 698/698/698 699/699/699 695/695/695 
f 695/695/695 699/699/699 700/700/700 
f 699/699/699 700/700/700 700/700/700 
f 700/700/700 700/700/700 700/700/700 
f 700/700/700 701/701/701 700/700/700 
f 700/700/700 701/701/701 695/695/695 
f 701/701/701 702/702/702 695/695/695 
f 695/695/695 702/702/702 703/703/703 
f 702/702/702 703/703/703 703/703/703 
f 703/703/703 703/703/703 704/704/704 
f 703/703/703 704/704/704 704/704/704 
f 704/704/704 704/704/704 704/704/704 
f 704/704/704 705/705/705 704/704/704 
f 704/704/704 705/705/705 706/706/706 
f 705/705/705 707/707/707 706/706/706 
f 706/706/706 707/707/707 708/708/708 
f 707/707/707 708/708/708 708/708/708 
f 708/708/708 708/708/708 708/708/708 
f 708/708/708 709/709/709 708/708/708 
f 708/708/708 709/709/709 706/706/706 
f 709/709/709 710/710/710 706/706/706 
f 706/706/706 710/710/710 711/711/711 
f 710/710/710 711/711/711 711/711/711 
f 711/711/711 711/711/711 711/711/711 
f 711/711/711 712/712/712 711/711/711 
f 711/711/711 712/712/712 706/706/706 
f 712/712/712 713/713/713 706/706/706 
f 706/706/706 713/713/713 714/714/714 
f 713/713/713 714/714/714 714/714/714 
f 714/714/714 714/714/714 715/715/715 
f 714/714/714 715/715/715 715/715/715 
f 715/715/715 715/715/715 715/715/715 
f 715/715/715 716/716/716 715/715/715 
f 715/715/715 716/716/716 717/717/717 
f 716/716/716 718/718/718 717/717/717 
f 717/717/717 718/718/718 718/718/718 
f 718/718/718 719/719/719 718/718/718 
f 718/718/718 719/719/719 719/719/719 
f 719/719/719 720/720/720 719/719/719 
f 719/719/719 720/720/720 721/721/721 
f 720/720/720 722/722/722 721/721/721 
f 721/721/721 722/722/722 722/722/722 
f 722/722/722 723/723/723 722/722/722 
f 722/722/722 723/723/723 723/723/723 
f 723/723/723 724/724/724 723/723/723 
f 723/723/723 724/724/724 725/725/725 
f 724/724/724 726/726/726 725/725/725 
f 725/725/725 726/726/726 727/727/727 
f 726/726/726 728/728/728 727/727/727 
f 727/727/727 728/728/728 729/729/729 
f 728/728/728 730/730/730 729/729/729 
f 729/729/729 730/730/730 731/731/731 
f 730/730/730 732/732/732 731/731/731 
f 731/731/731 732/732/732 733/733/733 
f 732/732/732 734/734/734 733/733/733 
f 733/733/733 734/734/734 735/735/735 
f 734/734/734 736/736/736 735/735/735 
f 735/735/735 736/736/736 737/737/737 
f 736/736/736 738/738/738 737/737/737 
f 737/737/737 738/738/738 739/739/739 
f 738/738/738 740/740/740 739/739/739 
f 739/739/739 740/740/740 741/741/741 
f 740/740/740 742/742/742 741/741/741 
f 741/741/741 742/742/742 743/743/743 
f 742/742/742 744/744/744 743/743/743 
f 743/743/743 744/744/744 745/745/745 
f 744/744/744 746/746/746 745/745/745 
f 745/745/745 746/746/746 747/747/747 
f 746/746/746 748/748/748 747/747/747 
f 747/747/747 748/748/748 748/748/748 
f 748/748/748 749/749/749 748/748/748 
f 748/748/748 749/749/749 749/749/749 
f 749/749/749 750/750/750 749/749/749 
f 749/749/749 750/750/750 751/751/751 
f 750/750/750 752/752/752 751/751/751 
f 751/751/751 752/752/752 753/753/753 
f 752/752/752 754/754/754 753/753/753 
f 753/753/753 754/754/754 755/755/755 
f 754/754/754 756/756/756 755/755/755 
f 755/755/755 756/756/756 757/757/757 
f 756/756/756 758/758/758 757/757/757 
f 757/757/757 758/758/758 759/759/759 
f 758/758/758 760/760/760 759/759/759 
f 759/759/759 760/760/760 761/761/761 
f 760/760/760 762/762/762 761/761/761 
f 761/761/761 762/762/762 763/763/763 
f 762/762/762 764/764/764 763/763/763 
f 763/763/763 764/764/764 765/765/765 
f 764/764/764 766/766/766 765/765/765 
f 765/765/765 766/766/766 767/767/767 
f 766/766/766 768/768/768 767/767/767 
f 767/767/767 768/768/768 769/769/769 
f 768/768/768 770/770/770 769/769/769 
f 769/769/769 770/770/770 771/771/771 
f 770/770/770 772/772/772 771/771/771 
f 771/771/771 772/772/772 773/773/773 
f 772/772/772 774/774/774 773/773/773 
f 773/773/773 774/774/774 774/774/774 
f 774/774/774 750/750/750 774/774/774 
f 774/774/774 750/750/750 750/750/750 
f 750/750/750 775/775/775 750/750/750 
f 750/750/750 775/775/775 752/752/752 
f 775/775/775 776/776/776 752/752/752 
f 752/752/752 776/776/776 754/754/754 
f 776/776/776 777/777/777 754/754/754 
f 754/754/754 777/777/777 756/756/756 
f 777/777/777 778/778/778 756/756/756 
f 756/756/756 778/778/778 758/758/758 
f 778/778/778 779/779/779 758/758/758 
f 758/758/758 779/779/779 760/760/760 
f 779/779/779 780/780/780 760/760/760 
f 760/760/760 780/780/780 762/762/762 
f 780/780/780 781/781/781 762/762/762 
f 762/762/762 781/781/781 764/764/764 
f 781/781/781 782/782/782 764/764/764 
f 764/764/764 782/782/782 766/766/766 
f 782/782/782 783/783/783 766/766/766 
f 766/766/766 783/783/783 768/768/768 
f 783/783/783 784/784/784 768/768/768 
f 768/768/768 784/784/784 770/770/770 
f 784/784/784 785/785/785 770/770/770 
f 770/770/770 785/785/785 772/772/772 
f 785/785/785 786/786/786 772/772/772 
f 772/772/772 786/786/786 774/774/774 
f 786/786/786 787/787/787 774/774/774 
f 774/774/774 787/787/787 787/787/787 
f 787/787/787 788/788/788 787/787/787 
f 787/787/787 788/788/788 788/788/788 
f 788/788/788 789/789/789 788/788/788 
f 788/788/788 789/789/789 790/790/790 
f 789/789/789 791/791/791 790/790/790 
f 790/790/790 791/791/791 791/791/791 
f 791/791/791 792/792/792 791/791/791 
f 791/791/791 792/792/792 792/792/792 
f 792/792/792 793/793/793 792/792/792 
f 792/792/792 793/793/793 794/794/794 
f 793/793/793 795/795/795 794/794/794 
f 794/794/794 795/795/795 796/796/796 
f 795/795/795 797/797/797 796/796/796 
f 796/796/796 797/797/797 798/798/798 
f 797/797/797 799/799/799 798/798/798 
f 798/798/798 799/799/799 800/800/800 
f 799/799/799 801/801/801 800/800/800 
f 800/800/800 801/801/801 802/802/802 
f 801/801/801 803/803/803 802/802/802 
f 802/802/802 803/803/803 804/804/804 
f 803/803/803 805/805/805 804/804/804 
f 804/804/804 805/805/805 806/806/806 
f 805/805/805 807/807/807 806/806/806 
f 806/806/806 807/807/807 808/808/808 
f 807/807/807 809/809/809 808/808/808 
f 808/808/808 809/809/809 810/810/810 
f 809/809/809 811/811/811 810/810/810 
f 810/810/810 811/811/811 812/812/812 
f 811/811/811 813/813/813 812/812/812 
f 812/812/812 813/813/813 814/814/814 
f 813/813/813 815/815/815 814/814/814 
f 814/814/814 815/815/815 816/816/816 
f 815/815/815 817/817/817 816/816/816 
f 816/816/816 817/817/817 817/817/817 
f 817/817/817 818/818/818 817/817/817 
f 817/817/817 818/818/818 818/818/818 
f 818/818/818 819/819/819 818/818/818 
f 818/818/818 819/819/819 820/820/820 
f 819/819/819 821/821/821 820/820/820 
f 820/820/820 821/821/821 822/822/822 
f 821/821/821 823/823/823 822/822/822 
f 822/822/822 823/823/823 824/824/824 
f 823/823/823 825/825/825 824/824/824 
f 824/824/824 825/825/825 826/826/826 
f 825/825/825 827/827/827 826/826/826 
f 826/826/826 827/827/827 828/828/828 
f 827/827/827 829/829/829 828/828/828 
f 828/828/828 829/829/829 830/830/830 
f 829/829/829 831/831/831 830/830/830 
f 830/830/830 831/831/831 832/832/832 
f 831/831/831 833/833/833 832/832/832 
f 832/832/832 833/833/833 834/834/834 
f 833/833/833 835/835/835 834/834/834 
f 834/834/834 835/835/835 836/836/836 
f 835/835/835 837/837/837 836/836/836 
f 836/836/836 837/837/837 838/838/838 
f 837/837/837 839/839/839 838/838/838 
f 838/838/838 839/839/839 840/840/840 
f 839/839/839 841/841/841 840/840/840 
f 840/840/840 841/841/841 842/842/842 
f 841/841/841 843/843/843 842/842/842 
f 842/842/842 843/843/843 843/843/843 
f 843/843/843 819/819/819 843/843/843 
f 843/843/843 819/819/819 819/819/819 
f 819/819/819 844/844/844 819/819/819 
f 819/819/819 844/844/844 821/821/821 
f 844/844/844 845/845/845 821/821/821 
f 821/821/821 845/845/845 823/823/823 
f 845/845/845 846/846/846 823/823/823 
f 823/823/823 846/846/846 825/825/825 
f 846/846/846 847/847/847 825/825/825 
f 825/825/825 847/847/847 827/827/827 
f 847/847/847 848/848/848 827/827/827 
f 827/827/827 848/848/848 829/829/829 
f 848/848/848 849/849/849 829/829/829 
f 829/829/829 849/849/849 831/831/831 
f 849/849/849 850/850/850 831/831/831 
f 831/831/831 850/850/850 833/833/833 
f 850/850/850 851/851/851 833/833/833 
f 833/833/833 851/851/851 835/835/835 
f 851/851/851 852/852/852 835/835/835 
f 835/835/835 852/852/852 837/837/837 
f 852/852/852 853/853/853 837/837/837 
f 837/837/837 853/853/853 839/839/839 
f 853/853/853 854/854/854 839/839/839 
f 839/839/839 854/854/854 841/841/841 
f 854/854/854 855/855/855 841/841/841 
f 841/841/841 855/855/855 843/843/843 
f 855/855/855 856/856/856 843/843/843 
f 843/843/843 856/856/856 856/856/856 
f 856/856/856 857/857/857 856/856/856 
f 856/856/856 857/857/857 857/857/857 
f 857/857/857 858/858/858 857/857/857 
f 857/857/857 858/858/858 859/859/859 
f 858/858/858 860/860/860 859/859/859 
f 859/859/859 860/860/860 860/860/860 
f 860/860/860 861/861/861 860/860/860 
f 860/860/860 861/861/861 861/861/861 
f 861/861/861 862/862/862 861/861/861 
f 861/861/861 862/862/862 863/863/863 
f 862/862/862 864/864/864 863/863/863 
f 863/863/863 864/864/864 865/865/865 
f 864/864/864 865/865/865 865/865/865 
f 865/865/865 865/865/865 865/865/865 
f 865/865/865 866/866/866 865/865/865 
f 865/865/865 866/866/866 863/863/863 
f 866/866/866 867/867/867 863/863/863 
f 863/863/863 867/867/867 868/868/868 
f 867/867/867 868/868/868 868/868/868 
f 868/868/868 868/868/868 868/868/868 
f 868/868/868 869/869/869 868/868/868 
f 868/868/868 869/869/869 863/863/863 
f 869/869/869 870/870/870 863/863/863 
f 863/863/863 870/870/870 871/871/871 
f 870/870/870 871/871/871 871/871/871 
f 871/871/871 871/871/871 872/872/872 
f 871/871/871 872/872/872 872/872/872 
f 872/872/872 872/872/872 872/872/872 
f 872/872/872 873/873/873 872/872/872 
f 872/872/872 873/873/873 874/874/874 
f 873/873/873 875/875/875 874/874/874 
f 874/874/874 875/875/875 875/875/875 
f 875/875/875 876/876/876 875/875/875 
f 875/875/875 876/876/876 876/876/876 
f 876/876/876 877/877/877 876/876/876 
f 876/876/876 877/877/877 878/878/878 
f 877/877/877 879/879/879 878/878/878 
f 878/878/878 879/879/879 880/880/880 
f 879/879/879 880/880/880 880/880/880 
f 880/880/880 880/880/880 880/880/880 
f 880/880/880 881/881/881 880/880/880 
f 880/880/880 881/881/881 878/878/878 
f 881/881/881 882/882/882 878/878/878 
f 878/878/878 882/882/882 883/883/883 
f 882/882/882 883/883/883 883/883/883 
f 883/883/883 883/883/883 883/883/883 
f 883/883/883 884/884/884 883/883/883 
f 883/883/883 884/884/884 878/878/878 
f 884/884/884 885/885/885 878/878/878 
f 878/878/878 885/885/885 886/886/886 
f 885/885/885 886/886/886 886/886/886 
f 886/886/886 886/886/886 887/887/887 
f 886/886/886 887/887/887 887/887/887 
f 887/887/887 887/887/887 887/887/887 
f 887/887/887 888/888/888 887/887/887 
f 887/887/887 888/888/888 889/889/889 
f 888/888/888 890/890/890 889/889/889 
f 889/889/889 890/890/890 891/891/891 
f 890/890/890 892/892/892 891/891/891 
f 891/891/891 892/892/892 893/893/893 
f 892/892/892 894/894/894 893/893/893 
f 893/893/893 894/894/894 895/895/895 
f 894/894/894 896/896/896 895/895/895 
f 895/895/895 896/896/896 897/897/897 
f 896/896/896 898/898/898 897/897/897 
f 897/897/897 898/898/898 899/899/899 
f 898/898/898 900/900/900 899/899/899 
f 899/899/899 900/900/900 901/901/901 
f 900/900/900 902/902/902 901/901/901 
f 901/901/901 902/902/902 903/903/903 
f 902/902/902 904/904/904 903/903/903 
f 903/903/903 904/904/904 905/905/905 
f 904/904/904 906/906/906 905/905/905 
f 905/905/905 906/906/906 907/907/907 
f 906/906/906 908/908/908 907/907/907 
f 907/907/907 908/908/908 909/909/909 
f 908/908/908 910/910/910 909/909/909 
f 909/909/909 910/910/910 911/911/911 
f 910/910/910 912/912/912 911/911/911 
f 911/911/911 912/912/912 912/912/912 
f 912/912/912 888/888/888 912/912/912 
f 912/912/912 888/888/888 888/888/888 
f 888/888/888 913/913/913 888/888/888 
f 888/888/888 913/913/913 890/890/890 
f 913/913/913 914/914/914 890/890/890 
f 890/890/890 914/914/914 892/892/892 
f 914/914/914 915/915/915 892/892/892 
f 892/892/892 915/915/915 894/894/894 
f 915/915/915 916/916/916 894/894/894 
f 894/894/894 916/916/916 896/896/896 
f 916/916/916 917/917/917 896/896/896 
f 896/896/896 917/917/917 898/898/898 
f 917/917/917 918/918/918 898/898/898 
f 898/898/898 918/918/918 900/900/900 
f 918/918/918 919/919/919 900/900/900 
f 900/900/900 919/919/919 902/902/902 
f 919/919/919 920/920/920 902/902/902 
f 902/902/902 920/920/920 904/904/904 
f 920/920/920 921/921/921 904/904/904 
f 904/904/904 921/921/921 906/906/906 
f 921/921/921 922/922/922 906/906/906 
f 906/906/906 922/922/922 908/908/908 
f 922/922/922 923/923/923 908/908/908 
f 908/908/908 923/923/923 910/910/910 
f 923/923/923 924/924/924 910/910/910 
f 910/910/910 924/924/924 912/912/912 
f 924/924/924 925/925/925 912/912/912 
f 912/912/912 925/925/925 925/925/925 
f 925/925/925 926/926/926 925/925/925 
f 925/925/925 926/926/926 926/926/926 
f 926/926/926 927/927/927 926/926/926 
f 926/926/926 927/927/927 928/928/928 
f 927/927/927 929/929/929 928/928/928 
f 928/928/928 929/929/929 929/929/929 
f 929/929/929 930/930/930 929/929/929 
f 929/929/929 930/930/930 930/930/930 
f 930/930/930 931/931/931 930/930/930 
f 930/930/930 931/931/931 932/932/932 
f 931/931/931 933/933/933 932/932/932 
f 932/932/932 933/933/933 933/933/933 
f 933/933/933 934/934/934 933/933/933 
f 933/933/933 934/934/934 934/934/934 
f 934/934/934 935/935/935 934/934/934 
f 934/934/934 935/935/935 936/936/936 
f 935/935/935 937/937/937 936/936/936 
f 936/936/936 937/937/937 938/938/938 
f 937/937/937 939/939/939 938/938/938 
f 938/938/938 939/939/939 940/940/940 
f 939/939/939 941/941/941 940/940/940 
f 940/940/940 941/941/941 942/942/942 
f 941/941/941 943/943/943 942/942/942 
f 942/942/942 943/943/943 944/944/944 
f 943/943/943 945/945/945 944/944/944 
f 944/944/944 945/945/945 946/946/946 
f 945/945/945 947/947/947 946/946/946 
f 946/946/946 947/947/947 948/948/948 
f 947/947/947 949/949/949 948/948/948 
f 948/948/948 949/949/949 950/950/950 
f 949/949/949 951/951/951 950/950/950 
f 950/950/950 951/951/951 952/952/952 
f 951/951/951 953/953/953 952/952/952 
f 952/952/952 953/953/953 954/954/954 
f 953/953/953 955/955/955 954/954/954 
f 954/954/954 955/955/955 956/956/956 
f 955/955/955 957/957/957 956/956/956 
f 956/956/956 957/957/957 958/958/958 
f 957/957/957 959/959/959 958/958/958 
f 958/958/958 959/959/959 959/959/959 
f 959/959/959 960/960/960 959/959/959 
f 959/959/959 960/960/960 960/960/960 
f 960/960/960 961/961/961 960/960/960 
f 960/960/960 961/961/961 962/962/962 
f 961/961/961 963/963/963 962/962/962 
f 962/962/962 963/963/963 964/964/964 
f 963/963/963 965/965/965 964/964/964 
f 964/964/964 965/965/965 966/966/966 
f 965/965/965 967/967/967 966/966/966 
f 966/966/966 967/967/967 968/968/968 
f 967/967/967 969/969/969 968/968/968 
f 968/968/968 969/969/969 970/970/970 
f 969/969/969 971/971/971 970/970/970 
f 970/970/970 971/971/971 972/972/972 
f 971/971/971 973/973/973 972/972/972 
f 972/972/972 973/973/973 974/974/974 
f 973/973/973 975/975/975 974/974/974 
f 974/974/974 975/975/975 976/976/976 
f 975/975/975 977/977/977 976/976/976 
f 976/976/976 977/977/977 978/978/978 
f 977/977/977 979/979/979 978/978/978 
f 978/978/978 979/979/979 980/980/980 
f 979/979/979 981/981/981 980/980/980 
f 980/980/980 981/981/981 982/982/982 
f 981/981/981 983/983/983 982/982/982 
f 982/982/982 983/983/983 984/984/984 
f 983/983/983 985/985/985 984/984/984 
f 984/984/984 985/985/985 985/985/985 
f 985/985/985 961/961/961 985/985/985 
f 985/985/985 961/961/961 961/961/961 
f 961/961/961 986/986/986 961/961/961 
f 961/961/961 986/986/986 963/963/963 
f 986/986/986 987/987/987 963/963/963 
f 963/963/963 987/987/987 965/965/965 
f 987/987/987 988/988/988 965/965/965 
f 965/965/965 988/988/988 967/967/967 
f 988/988/988 989/989/989 967/967/967 
f 967/967/967 989/989/989 969/969/969 
f 989/989/989 990/990/990 969/969/969 
f 969/969/969 990/990/990 971/971/971 
f 990/990/990 991/991/991 971/971/971 
f 971/971/971 991/991/991 973/973/973 
f 991/991/991 992/992/992 973/973/973 
f 973/973/973 992/992/992 975/975/975 
f 992/992/992 993/993/993 975/975/975 
f 975/975/975 993/993/993 977/977/977 
f 993/993/993 994/994/994 977/977/977 
f 977/977/977 994/994/994 979/979/979 
f 994/994/994 995/995/995 979/979/979 
f 979/979/979 995/995/995 981/981/981 
f 995/995/995 996/996/996 981/981/981 
f 981/981/981 996/996/996 983/983/983 
f 996/996/996 997/997/997 983/983/983 
f 983/983/983 997/997/997 985/985/985 
f 997/997/997 998/998/998 985/985/985 
f 985/985/985 998/998/998 998/998/998 
f 998/998/998 999/999/999 998/998/998 
f 998/998/998 999/999/999 999/999/999 
f 999/999/999 1000/1000/1000 999/999/999 
f 999/999/999 1000/1000/1000 1001/1001/1001 
f 1000/1000/1000 1002/1002/1002 1001/1001/1001 
f 1001/1001/1001 1002/1002/1002 1002/1002/1002 
f 1002/1002/1002 1003/1003/1003 1002/1002/1002 
f 1002/1002/1002 1003/1003/1003 1003/1003/1003 
f 1003/1003/1003 1004/1004/1004 1003/1003/1003 
f 1003/1003/1003 1004/1004/1004 1005/1005/1005 
f 1004/1004/1004 1006/1006/1006 1005/1005/1005 
f 1005/1005/1005 1006/1006/1006 1007/1007/1007 
f 1006/1006/1006 1008/1008/1008 1007/1007/1007 
f 1007/1007/1007 1008/1008/1008 1009/1009/1009 
f 1008/1008/1008 1010/1010/1010 1009/1009/1009 
f 1009/1009/1009 1010/1010/1010 1011/1011/1011 
f 1010/1010/1010 1012/1012/1012 1011/1011/1011 
f 1011/1011/1011 1012/1012/1012 1013/1013/1013 
f 1012/1012/1012 1014/1014/1014 1013/1013/1013 
f 1013/1013/1013 1014/1014/1014 1015/1015/1015 
f 1014/1014/1014 1016/1016/1016 1015/1015/1015 
f 1015/1015/1015 1016/1016/1016 1017/1017/1017 
f 1016/1016/1016 1018/1018/1018 1017/1017/1017 
f 1017/1017/1017 1018/1018/1018 1019/1019/1019 
f 1018/1018/1018 1020/1020/1020 1019/1019/1019 
f 1019/1019/1019 1020/1020/1020 1021/1021/1021 
f 1020/1020/1020 1022/1022/1022 1021/1021/1021 
f 1021/1021/1021 1022/1022/1022 1023/1023/1023 
f 1022/1022/1022 1024/1024/1024 1023/1023/1023 
f 1023/1023/1023 1024/1024/1024 1025/1025/1025 
f 1024/1024/1024 1026/1026/1026 1025/1025/1025 
f 1025/1025/1025 1026/1026/1026 1027/1027/1027 
f 1026/1026/1026 1028/1028/1028 1027/1027/1027 
f 1027/1027/1027 1028/1028/1028 1028/1028/1028 
f 1028/1028/1028 1004/1004/1004 1028/1028/1028 
f 1028/1028/1028 1004/1004/1004 1004/1004/1004 
f 1004/1004/1004 1029/1029/1029 1004/1004/1004 
f 1004/1004/1004 1029/1029/1029 1006/1006/1006 
f 1029/1029/1029 1030/1030/1030 1006/1006/1006 
f 1006/1006/1006 1030/1030/1030 1008/1008/1008 
f 1030/1030/1030 1031/1031/1031 1008/1008/1008 
f 1008/1008/1008 1031/1031/1031 1010/1010/1010 
f 1031/1031/1031 1032/1032/1032 1010/1010/1010 
f 1010/1010/1010 1032/1032/1032 1012/1012/1012 
f 1032/1032/1032 1033/1033/1033 1012/1012/1012 
f 1012/1012/1012 1033/1033/1033 1014/1014/1014 
f 1033/1033/1033 1034/1034/1034 1014/1014/1014 
f 1014/1014/1014 1034/1034/1034 1016/1016/1016 
f 1034/1034/1034 1035/1035/1035 1016/1016/1016 
f 1016/1016/1016 1035/1035/1035 1018/1018/1018 
f 1035/1035/1035 1036/1036/1036 1018/1018/1018 
f 1018/1018/1018 1036/1036/1036 1020/1020/1020 
f 1036/1036/1036 1037/1037/1037 1020/1020/1020 
f 1020/1020/1020 1037/1037/1037 1022/1022/1022 
f 1037/1037/1037 1038/1038/1038 1022/1022/1022 
f 1022/1022/1022 1038/1038/1038 1024/1024/1024 
f 1038/1038/1038 1039/1039/1039 1024/1024/1024 
f 1024/1024/1024 1039/1039/1039 1026/1026/1026 
f 1039/1039/1039 1040/1040/1040 1026/1026/1026 
f 1026/1026/1026 1040/1040/1040 1028/1028/1028 
f 1040/1040/1040 1041/1041/1041 1028/1028/1028 
f 1028/1028/1028 1041/1041/1041 1041/1041/1041 
f 1041/1041/1041 1042/1042/1042 1041/1041/1041 
f 1041/1041/1041 1042/1042/1042 1042/1042/1042 
f 1042/1042/1042 1043/1043/1043 1042/1042/1042 
f 1042/1042/1042 1043/1043/1043 1044/1044/1044 
f 1043/1043/1043 1045/1045/1045 1044/1044/1044 
f 1044/1044/1044 1045/1045/1045 1046/1046/1046 
f 1045/1045/1045 1047/1047/1047 1046/1046/1046 
f 1046/1046/1046 1047/1047/1047 1048/1048/1048 
f 1047/1047/1047 1049/1049/1049 1048/1048/1048 
f 1048/1048/1048 1049/1049/1049 1050/1050/1050 
f 1049/1049/1049 1051/1051/1051 1050/1050/1050 
f 1050/1050/1050 1051/1051/1051 1052/1052/1052 
f 1051/1051/1051 1053/1053/1053 1052/1052/1052 
f 1052/1052/1052 1053/1053/1053 1054/1054/1054 
f 1053/1053/1053 1055/1055/1055 1054/1054/1054 
f 1054/1054/1054 1055/1055/1055 1056/1056/1056 
f 1055/1055/1055 1057/1057/1057 1056/1056/1056 
f 1056/1056/1056 1057/1057/1057 1058/1058/1058 
f 1057/1057/1057 1059/1059/1059 1058/1058/1058 
f 1058/1058/1058 1059/1059/1059 1060/1060/1060 
f 1059/1059/1059 1061/1061/1061 1060/1060/1060 
f 1060/1060/1060 1061/1061/1061 1062/1062/1062 
f 1061/1061/1061 1063/1063/1063 1062/1062/1062 
f 1062/1062/1062 1063/1063/1063 1064/1064/1064 
f 1063/1063/1063 1065/1065/1065 1064/1064/1064 
f 1064/1064/1064 1065/1065/1065 1066/1066/1066 
f 1065/1065/1065 1067/1067/1067 1066/1066/1066 
f 1066/1066/1066 1067/1067/1067 1067/1067/1067 
f 1067/1067/1067 1068/1068/1068 1067/1067/1067 
f 1067/1067/1067 1068/1068/1068 1068/1068/1068 
f 1068/1068/1068 1069/1069/1069 1068/1068/1068 
f 1068/1068/1068 1069/1069/1069 1070/1070/1070 
f 1069/1069/1069 1071/1071/1071 1070/1070/1070 
f 1070/1070/1070 1071/1071/1071 1072/1072/1072 
f 1071/1071/1071 1072/1072/1072 1072/1072/1072 
f 1072/1072/1072 1072/1072/1072 1072/1072/1072 
f 1072/1072/1072 1073/1073/1073 1072/1072/1072 
f 1072/1072/1072 1073/1073/1073 1070/1070/1070 
f 1073/1073/1073 1074/1074/1074 1070/1070/1070 
f 1070/1070/1070 1074/1074/1074 1075/1075/1075 
f 1074/1074/1074 1075/1075/1075 1075/1075/1075 
f 1075/1075/1075 1075/1075/1075 1075/1075/1075 
f 1075/1075/1075 1076/1076/1076 1075/1075/1075 
f 1075/1075/1075 1076/1076/1076 1070/1070/1070 
f 1076/1076/1076 1077/1077/1077 1070/1070/1070 
f 1070/1070/1070 1077/1077/1077 1078/1078/1078 
f 1077/1077/1077 1078/1078/1078 1078/1078/1078 
f 1078/1078/1078 1078/1078/1078 1079/1079/1079 
f 1078/1078/1078 1079/1079/1079 1079/1079/1079 
f 1079/1079/1079 1079/1079/1079 1079/1079/1079 
f 1079/1079/1079 1080/1080/1080 1079/1079/1079 
f 1079/1079/1079 1080/1080/1080 1081/1081/1081 
f 1080/1080/1080 1082/1082/1082 1081/1081/1081 
f 1081/1081/1081 1082/1082/1082 1083/1083/1083 
f 1082/1082/1082 1083/1083/1083 1083/1083/1083 
f 1083/1083/1083 1083/1083/1083 1083/1083/1083 
f 1083/1083/1083 1084/1084/1084 1083/1083/1083 
f 1083/1083/1083 1084/1084/1084 1081/1081/1081 
f 1084/1084/1084 1085/1085/1085 1081/1081/1081 
f 1081/1081/1081 1085/1085/1085 1086/1086/1086 
f 1085/1085/1085 1086/1086/1086 1086/1086/1086 
f 1086/1086/1086 1086/1086/1086 1086/1086/1086 
f 1086/1086/1086 1087/1087/1087 1086/1086/1086 
f 1086/1086/1086 1087/1087/1087 1081/1081/1081 
f 1087/1087/1087 1088/1088/1088 1081/1081/1081 
f 1081/1081/1081 1088/1088/1088 1089/1089/1089 
f 1088/1088/1088 1089/1089/1089 1089/1089/1089 
f 1089/1089/1089 1089/1089/1089 1090/1090/1090 
f 1089/1089/1089 1090/1090/1090 1090/1090/1090 
f 1090/1090/1090 1090/1090/1090 1090/1090/1090 
f 1090/1090/1090 1091/1091/1091 1090/1090/1090 
f 1090/1090/1090 1091/1091/1091 1092/1092/1092 
f 1091/1091/1091 1093/1093/1093 1092/1092/1092 
f 1092/1092/1092 1093/1093/1093 1093/1093/1093 
f 1093/1093/1093 1094/1094/1094 1093/1093/1093 
f 1093/1093/1093 1094/1094/1094 1094/1094/1094 
f 1094/1094/1094 1095/1095/1095 1094/1094/1094 
f 1094/1094/1094 1095/1095/1095 1096/1096/1096 
f 1095/1095/1095 1097/1097/1097 1096/1096/1096 
f 1096/1096/1096 1097/1097/1097 1097/1097/1097 
f 1097/1097/1097 1098/1098/1098 1097/1097/1097 
f 1097/1097/1097 1098/1098/1098 1098/1098/1098 
f 1098/1098/1098 1099/1099/1099 1098/1098/1098 
f 1098/1098/1098 1099/1099/1099 1100/1100/1100 
f 1099/1099/1099 1101/1101/1101 1100/1100/1100 
f 1100/1100/1100 1101/1101/1101 1101/1101/1101 
f 1101/1101/1101 1102/1102/1102 1101/1101/1101 
f 1101/1101/1101 1102/1102/1102 1102/1102/1102 
f 1102/1102/1102 1103/1103/1103 1102/1102/1102 
f 1102/1102/1102 1103/1103/1103 1104/1104/1104 
f 1103/1103/1103 1105/1105/1105 1104/1104/1104 
f 1104/1104/1104 1105/1105/1105 1106/1106/1106 
f 1105/1105/1105 1107/1107/1107 1106/1106/1106 
f 1106/1106/1106 1107/1107/1107 1108/1108/1108 
f 1107/1107/1107 1109/1109/1109 1108/1108/1108 
f 1108/1108/1108 1109/1109/1109 1110/1110/1110 
f 1109/1109/1109 1111/1111/1111 1110/1110/1110 
f 1110/1110/1110 1111/1111/1111 1112/1112/1112 
f 1111/1111/1111 1113/1113/1113 1112/1112/1112 
f 1112/1112/1112 1113/1113/1113 1114/1114/1114 
f 1113/1113/1113 1115/1115/1115 1114/1114/1114 
f 1114/1114/1114 1115/1115/1115 1116/1116/1116 
f 1115/1115/1115 1117/1117/1117 1116/1116/1116 
f 1116/1116/1116 1117/1117/1117 1118/1118/1118 
f 1117/1117/1117 1119/1119/1119 1118/1118/1118 
f 1118/1118/1118 1119/1119/1119 1120/1120/1120 
f 1119/1119/1119 1121/1121/1121 1120/1120/1120 
f 1120/1120/1120 1121/1121/1121 1122/1122/1122 
f 1121/1121/1121 1123/1123/1123 1122/1122/1122 
f 1122/1122/1122 1123/1123/1123 1124/1124/1124 
f 1123/1123/1123 1125/1125/1125 1124/1124/1124 
f 1124/1124/1124 1125/1125/1125 1126/1126/1126 
f 1125/1125/1125 1127/1127/1127 1126/1126/1126 
f 1126/1126/1126 1127/1127/1127 1127/1127/1127 
f 1127/1127/1127 1103/1103/1103 1127/1127/1127 
f 1127/1127/1127 1103/1103/1103 1103/1103/1103 
f 1103/1103/1103 1128/1128/1128 1103/1103/1103 
f 1103/1103/1103 1128/1128/1128 1105/1105/1105 
f 1128/1128/1128 1129/1129/1129 1105/1105/1105 
f 1105/1105/1105 1129/1129/1129 1107/1107/1107 
f 1129/1129/1129 1130/1130/1130 1107/1107/1107 
f 1107/1107/1107 1130/1130/1130 1109/1109/1109 
f 1130/1130/1130 1131/1131/1131 1109/1109/1109 
f 1109/1109/1109 1131/1131/1131 1111/1111/1111 
f 1131/1131/1131 1132/1132/1132 1111/1111/1111 
f 1111/1111/1111 1132/1132/1132 1113/1113/1113 
f 1132/1132/1132 1133/1133/1133 1113/1113/1113 
f 1113/1113/1113 1133/1133/1133 1115/1115/1115 
f 1133/1133/1133 1134/1134/1134 1115/1115/1115 
f 1115/1115/1115 1134/1134/1134 1117/1117/1117 
f 1134/1134/1134 1135/1135/1135 1117/1117/1117 
f 1117/1117/1117 1135/1135/1135 1119/1119/1119 
f 1135/1135/1135 1136/1136/1136 1119/1119/1119 
f 1119/1119/1119 1136/1136/1136 1121/1121/1121 
f 1136/1136/1136 1137/1137/1137 1121/1121/1121 
f 1121/1121/1121 1137/1137/1137 1123/1123/1123 
f 1137/1137/1137 1138/1138/1138 1123/1123/1123 
f 1123/1123/1123 1138/1138/1138 1125/1125/1125 
f 1138/1138/1138 1139/1139/1139 1125/1125/1125 
f 1125/1125/1125 1139/1139/1139 1127/1127/1127 
f 1139/1139/1139 1140/1140/1140 1127/1127/1127 
f 1127/1127/1127 1140/1140/1140 1140/1140/1140 
f 1140/1140/1140 1141/1141/1141 1140/1140/1140 
f 1140/1140/1140 1141/1141/1141 1141/1141/1141 
f 1141/1141/1141 1142/1142/1142 1141/1141/1141 
f 1141/1141/1141 1142/1142/1142 1143/1143/1143 
f 1142/1142/1142 1144/1144/1144 1143/1143/1143 
f 1143/1143/1143 1144/1144/1144 1145/1145/1145 
f 1144/1144/1144 1146/1146/1146 1145/1145/1145 
f 1145/1145/1145 1146/1146/1146 1147/1147/1147 
f 1146/1146/1146 1148/1148/1148 1147/1147/1147 
f 1147/1147/1147 1148/1148/1148 1149/1149/1149 
f 1148/1148/1148 1150/1150/1150 1149/1149/1149 
f 1149/1149/1149 1150/1150/1150 1151/1151/1151 
f 1150/1150/1150 1152/1152/1152 1151/1151/1151 
f 1151/1151/1151 1152/1152/1152 1153/1153/1153 
f 1152/1152/1152 1154/1154/1154 1153/1153/1153 
f 1153/1153/1153 1154/1154/1154 1155/1155/1155 
f 1154/1154/1154 1156/1156/1156 1155/1155/1155 
f 1155/1155/1155 1156/1156/1156 1157/1157/1157 
f 1156/1156/1156 1158/1158/1158 1157/1157/1157 
f 1157/1157/1157 1158/1158/1158 1159/1159/1159 
f 1158/1158/1158 1160/1160/1160 1159/1159/1159 
f 1159/1159/1159 1160/1160/1160 1161/1161/1161 
f 1160/1160/1160 1162/1162/1162 1161/1161/1161 
f 1161/1161/1161 1162/1162/1162 1163/1163/1163 
f 1162/1162/1162 1164/1164/1164 1163/1163/1163 
f 1163/1163/1163 1164/1164/1164 1165/1165/1165 
f 1164/1164/1164 1166/1166/1166 1165/1165/1165 
f 1165/1165/1165 1166/1166/1166 1166/1166/1166 
f 1166/1166/1166 1167/1167/1167 1166/1166/1166 
f 1166/1166/1166 1167/1167/1167 1167/1167/1167 
f 1167/1167/1167 1168/1168/1168 1167/1167/1167 
f 1167/1167/1167 1168/1168/1168 1169/1169/1169 
f 1168/1168/1168 1170/1170/1170 1169/1169/1169 
f 1169/1169/1169 1170/1170/1170 1170/1170/1170 
f 1170/1170/1170 1171/1171/1171 1170/1170/1170 
f 1170/1170/1170 1171/1171/1171 1171/1171/1171 
f 1171/1171/1171 1172/1172/1172 1171/1171/1171 
f 1171/1171/1171 1172/1172/1172 1173/1173/1173 
f 1172/1172/1172 1174/1174/1174 1173/1173/1173 
f 1173/1173/1173 1174/1174/1174 1174/1174/1174 
f 1174/1174/1174 1175/1175/1175 1174/1174/1174 
f 1174/1174/1174 1175/1175/1175 1175/1175/1175 
f 1175/1175/1175 1176/1176/1176 1175/1175/1175 
f 1175/1175/1175 1176/1176/1176 1177/1177/1177 
f 1176/1176/1176 1178/1178/1178 1177/1177/1177 
f 1177/1177/1177 1178/1178/1178 1179/1179/1179 
f 1178/1178/1178 1180/1180/1180 1179/1179/1179 
f 1179/1179/1179 1180/1180/1180 1181/1181/1181 
f 1180/1180/1180 1182/1182/1182 1181/1181/1181 
f 1181/1181/1181 1182/1182/1182 1183/1183/1183 
f 1182/1182/1182 1184/1184/1184 1183/1183/1183 
f 1183/1183/1183 1184/1184/1184 1185/1185/1185 
f 1184/1184/1184 1186/1186/1186 1185/1185/1185 
f 1185/1185/1185 1186/1186/1186 1187/1187/1187 
f 1186/1186/1186 1188/1188/1188 1187/1187/1187 
f 1187/1187/1187 1188/1188/1188 1189/1189/1189 
f 1188/1188/1188 1190/1190/1190 1189/1189/1189 
f 1189/1189/1189 1190/1190/1190 1191/1191/1191 
f 1190/1190/1190 1192/1192/1192 1191/1191/1191 
f 1191/1191/1191 1192/1192/1192 1193/1193/1193 
f 1192/1192/1192 1194/1194/1194 1193/1193/1193 
f 1193/1193/1193 1194/1194/1194 1195/1195/1195 
f 1194/1194/1194 1196/1196/1196 1195/1195/1195 
f 1195/1195/1195 1196/1196/1196 1197/1197/1197 
f 1196/1196/1196 1198/1198/1198 1197/1197/1197 
f 1197/1197/1197 1198/1198/1198 1199/1199/1199 
f 1198/1198/1198 1200/1200/1200 1199/1199/1199 
f 1199/1199/1199 1200/1200/1200 1200/1200/1200 
f 1200/1200/1200 1176/1176/1176 1200/1200/1200 
f 1200/1200/1200 1176/1176/1176 1176/1176/1176 
f 1176/1176/1176 1201/1201/1201 1176/1176/1176 
f 1176/1176/1176 1201/1201/1201 1178/1178/1178 
f 1201/1201/1201 1202/1202/1202 1178/1178/1178 
f 1178/1178/1178 1202/1202/1202 1180/1180/1180 
f 1202/1202/1202 1203/1203/1203 1180/1180/1180 
f 1180/1180/1180 1203/1203/1203 1182/1182/1182 
f 1203/1203/1203 1204/1204/1204 1182/1182/1182 
f 1182/1182/1182 1204/1204/1204 1184/1184/1184 
f 1204/1204/1204 1205/1205/1205 1184/1184/1184 
f 1184/1184/1184 1205/1205/1205 1186/1186/1186 
f 1205/1205/1205 1206/1206/1206 1186/1186/1186 
f 1186/1186/1186 1206/1206/1206 1188/1188/1188 
f 1206/1206/1206 1207/1207/1207 1188/1188/1188 
f 1188/1188/1188 1207/1207/1207 1190/1190/1190 
f 1207/1207/1207 1208/1208/1208 1190/1190/1190 
f 1190/1190/1190 1208/1208/1208 1192/1192/1192 
f 1208/1208/1208 1209/1209/1209 1192/1192/1192 
f 1192/1192/1192 1209/1209/1209 1194/1194/1194 
f 1209/1209/1209 1210/1210/1210 1194/1194/1194 
f 1194/1194/1194 1210/1210/1210 1196/1196/1196 
f 1210/1210/1210 1211/1211/1211 1196/1196/1196 
f 1196/1196/1196 1211/1211/1211 1198/1198/1198 
f 1211/1211/1211 1212/1212/1212 1198/1198/1198 
f 1198/1198/1198 1212/1212/1212 1200/1200/1200 
f 1212/1212/1212 1213/1213/1213 1200/1200/1200 
f 1200/1200/1200 1213/1213/1213 1213/1213/1213 
f 1213/1213/1213 1214/1214/1214 1213/1213/1213 
f 1213/1213/1213 1214/1214/1214 1214/1214/1214 
f 1214/1214/1214 1215/1215/1215 1214/1214/1214 
f 1214/1214/1214 1215/1215/1215 1216/1216/1216 
f 1215/1215/1215 1217/1217/1217 1216/1216/1216 
f 1216/1216/1216 1217/1217/1217 1218/1218/1218 
f 1217/1217/1217 1219/1219/1219 1218/1218/1218 
f 1218/1218/1218 1219/1219/1219 1220/1220/1220 
f 1219/1219/1219 1221/1221/1221 1220/1220/1220 
f 1220/1220/1220 1221/1221/1221 1222/1222/1222 
f 1221/1221/1221 1223/1223/1223 1222/1222/1222 
f 1222/1222/1222 1223/1223/1223 1224/1224/1224 
f 1223/1223/1223 1225/1225/1225 1224/1224/1224 
f 1224/1224/1224 1225/1225/1225 1226/1226/1226 
f 1225/1225/1225 1227/1227/1227 1226/1226/1226 
f 1226/1226/1226 1227/1227/1227 1228/1228/1228 
f 1227/1227/1227 1229/1229/1229 1228/1228/1228 
f 1228/1228/1228 1229/1229/1229 1230/1230/1230 
f 1229/1229/1229 1231/1231/1231 1230/1230/1230 
f 1230/1230/1230 1231/1231/1231 1232/1232/1232 
f 1231/1231/1231 1233/1233/1233 1232/1232/1232 
f 1232/1232/1232 1233/1233/1233 1234/1234/1234 
f 1233/1233/1233 1235/1235/1235 1234/1234/1234 
f 1234/1234/1234 1235/1235/1235 1236/1236/1236 
f 1235/1235/1235 1237/1237/1237 1236/1236/1236 
f 1236/1236/1236 1237/1237/1237 1238/1238/1238 
f 1237/1237/1237 1239/1239/1239 1238/1238/1238 
f 1238/1238/1238 1239/1239/1239 1239/1239/1239 
f 1239/1239/1239 1215/1215/1215 1239/1239/1239 
f 1239/1239/1239 1215/1215/1215 1215/1215/1215 
f 1215/1215/1215 1240/1240/1240 1215/1215/1215 
f 1215/1215/1215 1240/1240/1240 1217/1217/1217 
f 1240/1240/1240 1241/1241/1241 1217/1217/1217 
f 1217/1217/1217 1241/1241/1241 1219/1219/1219 
f 1241/1241/1241 1242/1242/1242 1219/1219/1219 
f 1219/1219/1219 1242/1242/1242 1221/1221/1221 
f 1242/1242/1242 1243/1243/1243 1221/1221/1221 
f 1221/1221/1221 1243/1243/1243 1223/1223/1223 
f 1243/1243/1243 1244/1244/1244 1223/1223/1223 
f 1223/1223/1223 1244/1244/1244 1225/1225/1225 
f 1244/1244/1244 1245/1245/1245 1225/1225/1225 
f 1225/1225/1225 1245/1245/1245 1227/1227/1227 
f 1245/1245/1245 1246/1246/1246 1227/1227/1227 
f 1227/1227/1227 1246/1246/1246 1229/1229/1229 
f 1246/1246/1246 1247/1247/1247 1229/1229/1229 
f 1229/1229/1229 1247/1247/1247 1231/1231/1231 
f 1247/1247/1247 1248/1248/1248 1231/1231/1231 
f 1231/1231/1231 1248/1248/1248 1233/1233/1233 
f 1248/1248/1248 1249/1249/1249 1233/1233/1233 
f 1233/1233/1233 1249/1249/1249 1235/1235/1235 
f 1249/1249/1249 1250/1250/1250 1235/1235/1235 
f 1235/1235/1235 1250/1250/1250 1237/1237/1237 
f 1250/1250/1250 1251/1251/1251 1237/1237/1237 
f 1237/1237/1237 1251/1251/1251 1239/1239/1239 
f 1251/1251/1251 1252/1252/1252 1239/1239/1239 
f 1239/1239/1239 1252/1252/1252 1252/1252/1252 
f 1252/1252/1252 1253/1253/1253 1252/1252/1252 
f 1252/1252/1252 1253/1253/1253 1253/1253/1253 
f 1253/1253/1253 1254/1254/1254 1253/1253/1253 
f 1253/1253/1253 1254/1254/1254 1255/1255/1255 
f 1254/1254/1254 1256/1256/1256 1255/1255/1255 
f 1255/1255/1255 1256/1256/1256 1256/1256/1256 
f 1256/1256/1256 1257/1257/1257 1256/1256/1256 
f 1256/1256/1256 1257/1257/1257 1257/1257/1257 
f 1257/1257/1257 1258/1258/1258 1257/1257/1257 
f 1257/1257/1257 1258/1258/1258 1259/1259/1259 
f 1258/1258/1258 1260/1260/1260 1259/1259/1259 
f 1259/1259/1259 1260/1260/1260 1261/1261/1261 
f 1260/1260/1260 1261/1261/1261 1261/1261/1261 
f 1261/1261/1261 1261/1261/1261 1261/1261/1261 
f 1261/1261/1261 1262/1262/1262 1261/1261/1261 
f 1261/1261/1261 1262/1262/1262 1259/1259/1259 
f 1262/1262/1262 1263/1263/1263 1259/1259/1259 
f 1259/1259/1259 1263/1263/1263 1264/1264/1264 
f 1263/1263/1263 1264/1264/1264 1264/1264/1264 
f 1264/1264/1264 1264/1264/1264 1264/1264/1264 
f 1264/1264/1264 1265/1265/1265 1264/1264/1264 
f 1264/1264/1264 1265/1265/1265 1259/1259/1259 
f 1265/1265/1265 1266/1266/1266 1259/1259/1259 
f 1259/1259/1259 1266/1266/1266 1267/1267/1267 
f 1266/1266/1266 1267/1267/1267 1267/1267/1267 
f 1267/1267/1267 1267/1267/1267 1268/1268/1268 
f 1267/1267/1267 1268/1268/1268 1268/1268/1268 
f 1268/1268/1268 1268/1268/1268 1268/1268/1268 
f 1268/1268/1268 1269/1269/1269 1268/1268/1268 
f 1268/1268/1268 1269/1269/1269 1270/1270/1270 
f 1269/1269/1269 1271/1271/1271 1270/1270/1270 
f 1270/1270/1270 1271/1271/1271 1271/1271/1271 
f 1271/1271/1271 1272/1272/1272 1271/1271/1271 
f 1271/1271/1271 1272/1272/1272 1272/1272/1272 
f 1272/1272/1272 1273/1273/1273 1272/1272/1272 
f 1272/1272/1272 1273/1273/1273 1274/1274/1274 
f 1273/1273/1273 1275/1275/1275 1274/1274/1274 
f 1274/1274/1274 1275/1275/1275 1275/1275/1275 
f 1275/1275/1275 1276/1276/1276 1275/1275/1275 
f 1275/1275/1275 1276/1276/1276 1276/1276/1276 
f 1276/1276/1276 1277/1277/1277 1276/1276/1276 
f 1276/1276/1276 1277/1277/1277 1278/1278/1278 
f 1277/1277/1277 1279/1279/1279 1278/1278/1278 
f 1278/1278/1278 1279/1279/1279 1280/1280/1280 
f 1279/1279/1279 1281/1281/1281 1280/1280/1280 
f 1280/1280/1280 1281/1281/1281 1282/1282/1282 
f 1281/1281/1281 1283/1283/1283 1282/1282/1282 
f 1282/1282/1282 1283/1283/1283 1284/1284/1284 
f 1283/1283/1283 1285/1285/1285 1284/1284/1284 
f 1284/1284/1284 1285/1285/1285 1286/1286/1286 
f 1285/1285/1285 1287/1287/1287 1286/1286/1286 
f 1286/1286/1286 1287/1287/1287 1288/1288/1288 
f 1287/1287/1287 1289/1289/1289 1288/1288/1288 
f 1288/1288/1288 1289/1289/1289 1290/1290/1290 
f 1289/1289/1289 1291/1291/1291 1290/1290/1290 
f 1290/1290/1290 1291/1291/1291 1292/1292/1292 
f 1291/1291/1291 1293/1293/1293 1292/1292/1292 
f 1292/1292/1292 1293/1293/1293 1294/1294/1294 
f 1293/1293/1293 1295/1295/1295 1294/1294/1294 
f 1294/1294/1294 1295/1295/1295 1296/1296/1296 
f 1295/1295/1295 1297/1297/1297 1296/1296/1296 
f 1296/1296/1296 1297/1297/1297 1298/1298/1298 
f 1297/1297/1297 1299/1299/1299 1298/1298/1298 
f 1298/1298/1298 1299/1299/1299 1300/1300/1300 
f 1299/1299/1299 1301/1301/1301 1300/1300/1300 
f 1300/1300/1300 1301/1301/1301 1301/1301/1301 
f 1301/1301/1301 1302/1302/1302 1301/1301/1301 
f 1301/1301/1301 1302/1302/1302 1302/1302/1302 
f 1302/1302/1302 1303/1303/1303 1302/1302/1302 
f 1302/1302/1302 1303/1303/1303 1304/1304/1304 
f 1303/1303/1303 1305/1305/1305 1304/1304/1304 
f 1304/1304/1304 1305/1305/1305 1305/1305/1305 
f 1305/1305/1305 1306/1306/1306 1305/1305/1305 
f 1305/1305/1305 1306/1306/1306 1306/1306/1306 
f 1306/1306/1306 1307/1307/1307 1306/1306/1306 
f 1306/1306/1306 1307/1307/1307 1308/1308/1308 
f 1307/1307/1307 1309/1309/1309 1308/1308/1308 
f 1308/1308/1308 1309/1309/1309 1309/1309/1309 
f 1309/1309/1309 1310/1310/1310 1309/1309/1309 
f 1309/1309/1309 1310/1310/1310 1310/1310/1310 
f 1310/1310/1310 1311/1311/1311 1310/1310/1310 
f 1310/1310/1310 1311/1311/1311 1312/1312/1312 
f 1311/1311/1311 1313/1313/1313 1312/1312/1312 
f 1312/1312/1312 1313/1313/1313 1314/1314/1314 
f 1313/1313/1313 1315/1315/1315 1314/1314/1314 
f 1314/1314/1314 1315/1315/1315 1316/1316/1316 
f 1315/1315/1315 1317/1317/1317 1316/1316/1316 
f 1316/1316/1316 1317/1317/1317 1318/1318/1318 
f 1317/1317/1317 1319/1319/1319 1318/1318/1318 
f 1318/1318/1318 1319/1319/1319 1320/1320/1320 
f 1319/1319/1319 1321/1321/1321 1320/1320/1320 
f 1320/1320/1320 1321/1321/1321 1322/1322/1322 
f 1321/1321/1321 1323/1323/1323 1322/1322/1322 
f 1322/1322/1322 1323/1323/1323 1324/1324/1324 
f 1323/1323/1323 1325/1325/1325 1324/1324/1324 
f 1324/1324/1324 1325/1325/1325 1326/1326/1326 
f 1325/1325/1325 1327/1327/1327 1326/1326/1326 
f 1326/1326/1326 1327/1327/1327 1328/1328/1328 
f 1327/1327/1327 1329/1329/1329 1328/1328/1328 
f 1328/1328/1328 1329/1329/1329 1330/1330/1330 
f 1329/1329/1329 1331/1331/1331 1330/1330/1330 
f 1330/1330/1330 1331/1331/1331 1332/1332/1332 
f 1331/1331/1331 1333/1333/1333 1332/1332/1332 
f 1332/1332/1332 1333/1333/1333 1334/1334/1334 
f 1333/1333/1333 1335/1335/1335 1334/1334/1334 
f 1334/1334/1334 1335/1335/1335 1335/1335/1335 
f 1335/1335/1335 1336/1336/1336 1335/1335/1335 
f 1335/1335/1335 1336/1336/1336 1336/1336/1336 
f 1336/1336/1336 1337/1337/1337 1336/1336/1336 
f 1336/1336/1336 1337/1337/1337 1338/1338/1338 
f 1337/1337/1337 1339/1339/1339 1338/1338/1338 
f 1338/1338/1338 1339/1339/1339 1340/1340/1340 
f 1339/1339/1339 1341/1341/1341 1340/1340/1340 
f 1340/1340/1340 1341/1341/1341 1342/1342/1342 
f 1341/1341/1341 1343/1343/1343 1342/1342/1342 
f 1342/1342/1342 1343/1343/1343 1344/1344/1344 
f 1343/1343/1343 1345/1345/1345 1344/1344/1344 
f 1344/1344/1344 1345/1345/1345 1346/1346/1346 
f 1345/1345/1345 1347/1347/1347 1346/1346/1346 
f 1346/1346/1346 1347/1347/1347 1348/1348/1348 
f 1347/1347/1347 1349/1349/1349 1348/1348/1348 
f 1348/1348/1348 1349/1349/1349 1350/1350/1350 
f 1349/1349/1349 1351/1351/1351 1350/1350/1350 
f 1350/1350/1350 1351/1351/1351 1352/1352/1352 
f 1351/1351/1351 1353/1353/1353 1352/1352/1352 
f 1352/1352/1352 1353/1353/1353 1354/1354/1354 
f 1353/1353/1353 1355/1355/1355 1354/1354/1354 
f 1354/1354/1354 1355/1355/1355 1356/1356/1356 
f 1355/1355/1355 1357/1357/1357 1356/1356/1356 
f 1356/1356/1356 1357/1357/1357 1358/1358/1358 
f 1357/1357/1357 1359/1359/1359 1358/1358/1358 
f 1358/1358/1358 1359/1359/1359 1360/1360/1360 
f 1359/1359/1359 1361/1361/1361 1360/1360/1360 
f 1360/1360/1360 1361/1361/1361 1361/1361/1361 
f 1361/1361/1361 1337/1337/1337 1361/1361/1361 
f 1361/1361/1361 1337/1337/1337 1337/1337/1337 
f 1337/1337/1337 1362/1362/1362 1337/1337/1337 
f 1337/1337/1337 1362/1362/1362 1339/1339/1339 
f 1362/1362/1362 1363/1363/1363 1339/1339/1339 
f 1339/1339/1339 1363/1363/1363 1341/1341/1341 
f 1363/1363/1363 1364/1364/1364 1341/1341/1341 
f 1341/1341/1341 1364/1364/1364 1343/1343/1343 
f 1364/1364/1364 1365/1365/1365 1343/1343/1343 
f 1343/1343/1343 1365/1365/1365 1345/1345/1345 
f 1365/1365/1365 1366/1366/1366 1345/1345/1345 
f 1345/1345/1345 1366/1366/1366 1347/1347/1347 
f 1366/1366/1366 1367/1367/1367 1347/1347/1347 
f 1347/1347/1347 1367/1367/1367 1349/1349/1349 
f 1367/1367/1367 1368/1368/1368 1349/1349/1349 
f 1349/1349/1349 1368/1368/1368 1351/1351/1351 
f 1368/1368/1368 1369/1369/1369 1351/1351/1351 
f 1351/1351/1351 1369/1369/1369 1353/1353/1353 
f 1369/1369/1369 1370/1370/1370 1353/1353/1353 
f 1353/1353/1353 1370/1370/1370 1355/1355/1355 
f 1370/1370/1370 1371/1371/1371 1355/1355/1355 
f 1355/1355/1355 1371/1371/1371 1357/1357/1357 
f 1371/1371/1371 1372/1372/1372 1357/1357/1357 
f 1357/1357/1357 1372/1372/1372 1359/1359/1359 
f 1372/1372/1372 1373/1373/1373 1359/1359/1359 
f 1359/1359/1359 1373/1373/1373 1361/1361/1361 
f 1373/1373/1373 1374/1374/1374 1361/1361/1361 
f 1361/1361/1361 1374/1374/1374 1374/1374/1374 
f 1374/1374/1374 1375/1375/1375 1374/1374/1374 
f 1374/1374/1374 1375/1375/1375 1375/1375/1375 
f 1375/1375/1375 1376/1376/1376 1375/1375/1375 
f 1375/1375/1375 1376/1376/1376 1377/1377/1377 
f 1376/1376/1376 1378/1378/1378 1377/1377/1377 
f 1377/1377/1377 1378/1378/1378 1378/1378/1378 
f 1378/1378/1378 1379/1379/1379 1378/1378/1378 
f 1378/1378/1378 1379/1379/1379 1379/1379/1379 
f 1379/1379/1379 1380/1380/1380 1379/1379/1379 
f 1379/1379/1379 1380/1380/1380 1381/1381/1381 
f 1380/1380/1380 1382/1382/1382 1381/1381/1381 
f 1381/1381/1381 1382/1382/1382 1382/1382/1382 
f 1382/1382/1382 1383/1383/1383 1382/1382/1382 
f 1382/1382/1382 1383/1383/1383 1383/1383/1383 
f 1383/1383/1383 1384/1384/1384 1383/1383/1383 
f 1383/1383/1383 1384/1384/1384 1385/1385/1385 
f 1384/1384/1384 1386/1386/1386 1385/1385/1385 
f 1385/1385/1385 1386/1386/1386 1386/1386/1386 
f 1386/1386/1386 1387/1387/1387 1386/1386/1386 
f 1386/1386/1386 1387/1387/1387 1387/1387/1387 
f 1387/1387/1387 1388/1388/1388 1387/1387/1387 
f 1387/1387/1387 1388/1388/1388 1389/1389/1389 
f 1388/1388/1388 1390/1390/1390 1389/1389/1389 
f 1389/1389/1389 1390/1390/1390 1390/1390/1390 
f 1390/1390/1390 1388/1388/1388 1390/1390/1390 
f 1390/1390/1390 1388/1388/1388 1391/1391/1391 
f 1388/1388/1388 1392/1392/1392 1391/1391/1391 
f 1391/1391/1391 1392/1392/1392 1392/1392/1392 
f 1392/1392/1392 1388/1388/1388 1392/1392/1392 
f 1392/1392/1392 1388/1388/1388 1393/1393/1393 
f 1388/1388/1388 1394/1394/1394 1393/1393/1393 
f 1393/1393/1393 1394/1394/1394 1394/1394/1394 
f 1394/1394/1394 1388/1388/1388 1394/1394/1394 
f 1394/1394/1394 1388/1388/1388 1395/1395/1395 
f 1388/1388/1388 1396/1396/1396 1395/1395/1395 
f 1395/1395/1395 1396/1396/1396 1396/1396/1396 
f 1396/1396/1396 1388/1388/1388 1396/1396/1396 
f 1396/1396/1396 1388/1388/1388 1397/1397/1397 
f 1388/1388/1388 1398/1398/1398 1397/1397/1397 
f 1397/1397/1397 1398/1398/1398 1398/1398/1398 
f 1398/1398/1398 1399/1399/1399 1398/1398/1398 
f 1398/1398/1398 1399/1399/1399 1399/1399/1399 
f 1399/1399/1399 1400/1400/1400 1399/1399/1399 
f 1399/1399/1399 1400/1400/1400 1401/1401/1401 
f 1400/1400/1400 1402/1402/1402 1401/1401/1401 
f 1401/1401/1401 1402/1402/1402 1402/1402/1402 
f 1402/1402/1402 1400/1400/1400 1402/1402/1402 
f 1402/1402/1402 1400/1400/1400 1403/1403/1403 
f 1400/1400/1400 1404/1404/1404 1403/1403/1403 
f 1403/1403/1403 1404/1404/1404 1404/1404/1404 
f 1404/1404/1404 1400/1400/1400 1404/1404/1404 
f 1404/1404/1404 1400/1400/1400 1405/1405/1405 
f 1400/1400/1400 1406/1406/1406 1405/1405/1405 
f 1405/1405/1405 1406/1406/1406 1406/1406/1406 
f 1406/1406/1406 1400/1400/1400 1406/1406/1406 
f 1406/1406/1406 1400/1400/1400 1407/1407/1407 
f 1400/1400/1400 1408/1408/1408 1407/1407/1407 
f 1407/1407/1407 1408/1408/1408 1408/1408/1408 
f 1408/1408/1408 1400/1400/1400 1408/1408/1408 
f 1408/1408/1408 1400/1400/1400 1409/1409/1409 
f 1400/1400/1400 1410/1410/1410 1409/1409/1409 
f 1409/1409/1409 1410/1410/1410 1410/1410/1410 
f 1410/1410/1410 1411/1411/1411 1410/1410/1410 
f 1410/1410/1410 1411/1411/1411 1411/1411/1411 
f 1411/1411/1411 1412/1412/1412 1411/1411/1411 
f 1411/1411/1411 1412/1412/1412 1413/1413/1413 
f 1412/1412/1412 1414/1414/1414 1413/1413/1413 
f 1413/1413/1413 1414/1414/1414 1414/1414/1414 
f 1414/1414/1414 1415/1415/1415 1414/1414/1414 
f 1414/1414/1414 1415/1415/1415 1415/1415/1415 
f 1415/1415/1415 1416/1416/1416 1415/1415/1415 
f 1415/1415/1415 1416/1416/1416 1417/1417/1417 
f 1416/1416/1416 1418/1418/1418 1417/1417/1417 
f 1417/1417/1417 1418/1418/1418 1418/1418/1418 
f 1418/1418/1418 1419/1419/1419 1418/1418/1418 
f 1418/1418/1418 1419/1419/1419 1419/1419/1419 
f 1419/1419/1419 1420/1420/1420 1419/1419/1419 
f 1419/1419/1419 1420/1420/1420 1421/1421/1421 
f 1420/1420/1420 1422/1422/1422 1421/1421/1421 
f 1421/1421/1421 1422/1422/1422 1423/1423/1423 
f 1422/1422/1422 1424/1424/1424 1423/1423/1423 
f 1423/1423/1423 1424/1424/1424 1425/1425/1425 
f 1424/1424/1424 1426/1426/1426 1425/1425/1425 
f 1425/1425/1425 1426/1426/1426 1427/1427/1427 
f 1426/1426/1426 1428/1428/1428 1427/1427/1427 
f 1427/1427/1427 1428/1428/1428 1429/1429/1429 
f 1428/1428/1428 1430/1430/1430 1429/1429/1429 
f 1429/1429/1429 1430/1430/1430 1431/1431/1431 
f 1430/1430/1430 1432/1432/1432 1431/1431/1431 
f 1431/1431/1431 1432/1432/1432 1433/1433/1433 
f 1432/1432/1432 1434/1434/1434 1433/1433/1433 
f 1433/1433/1433 1434/1434/1434 1435/1435/1435 
f 1434/1434/1434 1436/1436/1436 1435/1435/1435 
f 1435/1435/1435 1436/1436/1436 1437/1437/1437 
f 1436/1436/1436 1438/1438/1438 1437/1437/1437 
f 1437/1437/1437 1438/1438/1438 1439/1439/1439 
f 1438/1438/1438 1440/1440/1440 1439/1439/1439 
f 1439/1439/1439 1440/1440/1440 1441/1441/1441 
f 1440/1440/1440 1442/1442/1442 1441/1441/1441 
f 1441/1441/1441 1442/1442/1442 1443/1443/1443 
f 1442/1442/1442 1444/1444/1444 1443/1443/1443 
f 1443/1443/1443 1444/1444/1444 1444/1444/1444 
f 1444/1444/1444 1445/1445/1445 1444/1444/1444 
f 1444/1444/1444 1445/1445/1445 1445/1445/1445 
f 1445/1445/1445 1446/1446/1446 1445/1445/1445 
f 1445/1445/1445 1446/1446/1446 1447/1447/1447 
f 1446/1446/1446 1448/1448/1448 1447/1447/1447 
f 1447/1447/1447 1448/1448/1448 1449/1449/1449 
f 1448/1448/1448 1450/1450/1450 1449/1449/1449 
f 1449/1449/1449 1450/1450/1450 1451/1451/1451 
f 1450/1450/1450 1452/1452/1452 1451/1451/1451 
f 1451/1451/1451 1452/1452/1452 1453/1453/1453 
f 1452/1452/1452 1454/1454/1454 1453/1453/1453 
f 1453/1453/1453 1454/1454/1454 1455/1455/1455 
f 1454/1454/1454 1456/1456/1456 1455/1455/1455 
f 1455/1455/1455 1456/1456/1456 1457/1457/1457 
f 1456/1456/1456 1458/1458/1458 1457/1457/1457 
f 1457/1457/1457 1458/1458/1458 1459/1459/1459 
f 1458/1458/1458 1460/1460/1460 1459/1459/1459 
f 1459/1459/1459 1460/1460/1460 1461/1461/1461 
f 1460/1460/1460 1462/1462/1462 1461/1461/1461 
f 1461/1461/1461 1462/1462/1462 1463/1463/1463 
f 1462/1462/1462 1464/1464/1464 1463/1463/1463 
f 1463/1463/1463 1464/1464/1464 1465/1465/1465 
f 1464/1464/1464 1466/1466/1466 1465/1465/1465 
f 1465/1465/1465 1466/1466/1466 1467/1467/1467 
f 1466/1466/1466 1468/1468/1468 1467/1467/1467 
f 1467/1467/1467 1468/1468/1468 1469/1469/1469 
f 1468/1468/1468 1470/1470/1470 1469/1469/1469 
f 1469/1469/1469 1470/1470/1470 1470/1470/1470 
f 1470/1470/1470 1446/1446/1446 1470/1470/1470 
f 1470/1470/1470 1446/1446/1446 1446/1446/1446 
f 1446/1446/1446 1471/1471/1471 1446/1446/1446 
f 1446/1446/1446 1471/1471/1471 1448/1448/1448 
f 1471/1471/1471 1472/1472/1472 1448/1448/1448 
f 1448/1448/1448 1472/1472/1472 1450/1450/1450 
f 1472/1472/1472 1473/1473/1473 1450/1450/1450 
f 1450/1450/1450 1473/1473/1473 1452/1452/1452 
f 1473/1473/1473 1474/1474/1474 1452/1452/1452 
f 1452/1452/1452 1474/1474/1474 1454/1454/1454 
f 1474/1474/1474 1475/1475/1475 1454/1454/1454 
f 1454/1454/1454 1475/1475/1475 1456/1456/1456 
f 1475/1475/1475 1476/1476/1476 1456/1456/1456 
f 1456/1456/1456 1476/1476/1476 1458/1458/1458 
f 1476/1476/1476 1477/1477/1477 1458/1458/1458 
f 1458/1458/1458 1477/1477/1477 1460/1460/1460 
f 1477/1477/1477 1478/1478/1478 1460/1460/1460 
f 1460/1460/1460 1478/1478/1478 1462/1462/1462 
f 1478/1478/1478 1479/1479/1479 1462/1462/1462 
f 1462/1462/1462 1479/1479/1479 1464/1464/1464 
f 1479/1479/1479 1480/1480/1480 1464/1464/1464 
f 1464/1464/1464 1480/1480/1480 1466/1466/1466 
f 1480/1480/1480 1481/1481/1481 1466/1466/1466 
f 1466/1466/1466 1481/1481/1481 1468/1468/1468 
f 1481/1481/1481 1482/1482/1482 1468/1468/1468 
f 1468/1468/1468 1482/1482/1482 1470/1470/1470 
f 1482/1482/1482 1483/1483/1483 1470/1470/1470 
f 1470/1470/1470 1483/1483/1483 1483/1483/1483 
f 1483/1483/1483 1484/1484/1484 1483/1483/1483 
f 1483/1483/1483 1484/1484/1484 1484/1484/1484 
f 1484/1484/1484 1485/1485/1485 1484/1484/1484 
f 1484/1484/1484 1485/1485/1485 1486/1486/1486 
f 1485/1485/1485 1487/1487/1487 1486/1486/1486 
f 1486/1486/1486 1487/1487/1487 1488/1488/1488 
f 1487/1487/1487 1489/1489/1489 1488/1488/1488 
f 1488/1488/1488 1489/1489/1489 1490/1490/1490 
f 1489/1489/1489 1491/1491/1491 1490/1490/1490 
f 1490/1490/1490 1491/1491/1491 1492/1492/1492 
f 1491/1491/1491 1493/1493/1493 1492/1492/1492 
f 1492/1492/1492 1493/1493/1493 1494/1494/1494 
f 1493/1493/1493 1495/1495/1495 1494/1494/1494 
f 1494/1494/1494 1495/1495/1495 1496/1496/1496 
f 1495/1495/1495 1497/1497/1497 1496/1496/1496 
f 1496/1496/1496 1497/1497/1497 1498/1498/1498 
f 1497/1497/1497 1499/1499/1499 1498/1498/1498 
f 1498/1498/1498 1499/1499/1499 1500/1500/1500 
f 1499/1499/1499 1501/1501/1501 1500/1500/1500 
f 1500/1500/1500 1501/1501/1501 1502/1502/1502 
f 1501/1501/1501 1503/1503/1503 1502/1502/1502 
f 1502/1502/1502 1503/1503/1503 1504/1504/1504 
f 1503/1503/1503 1505/1505/1505 1504/1504/1504 
f 1504/1504/1504 1505/1505/1505 1506/1506/1506 
f 1505/1505/1505 1507/1507/1507 1506/1506/1506 
f 1506/1506/1506 1507/1507/1507 1508/1508/1508 
f 1507/1507/1507 1509/1509/1509 1508/1508/1508 
f 1508/1508/1508 1509/1509/1509 1509/1509/1509 
f 1509/1509/1509 1510/1510/1510 1509/1509/1509 
f 1509/1509/1509 1510/1510/1510 1510/1510/1510 
f 1510/1510/1510 1511/1511/1511 1510/1510/1510 
f 1510/1510/1510 1511/1511/1511 1512/1512/1512 
f 1511/1511/1511 1513/1513/1513 1512/1512/1512 
f 1512/1512/1512 1513/1513/1513 1513/1513/1513 
f 1513/1513/1513 1514/1514/1514 1513/1513/1513 
f 1513/1513/1513 1514/1514/1514 1514/1514/1514 
f 1514/1514/1514 1515/1515/1515 1514/1514/1514 
f 1514/1514/1514 1515/1515/1515 1516/1516/1516 
f 1515/1515/1515 1517/1517/1517 1516/1516/1516 
f 1516/1516/1516 1517/1517/1517 1517/1517/1517 
f 1517/1517/1517 1518/1518/1518 1517/1517/1517 
f 1517/1517/1517 1518/1518/1518 1518/1518/1518 
f 1518/1518/1518 1519/1519/1519 1518/1518/1518 
f 1518/1518/1518 1519/1519/1519 1520/1520/1520 
f 1519/1519/1519 1521/1521/1521 1520/1520/1520 
f 1520/1520/1520 1521/1521/1521 1522/1522/1522 
f 1521/1521/1521 1522/1522/1522 1522/1522/1522 
f 1522/1522/1522 1522/1522/1522 1522/1522/1522 
f 1522/1522/1522 1523/1523/1523 1522/1522/1522 
f 1522/1522/1522 1523/1523/1523 1520/1520/1520 
f 1523/1523/1523 1524/1524/1524 1520/1520/1520 
f 1520/1520/1520 1524/1524/1524 1525/1525/1525 
f 1524/1524/1524 1525/1525/1525 1525/1525/1525 
f 1525/1525/1525 1525/1525/1525 1525/1525/1525 
f 1525/1525/1525 1526/1526/1526 1525/1525/1525 
f 1525/1525/1525 1526/1526/1526 1520/1520/1520 
f 1526/1526/1526 1527/1527/1527 1520/1520/1520 
f 1520/1520/1520 1527/1527/1527 1528/1528/1528 
f 1527/1527/1527 1528/1528/1528 1528/1528/1528 
f 1528/1528/1528 1528/1528/1528 1529/1529/1529 
f 1528/1528/1528 1529/1529/1529 1529/1529/1529 
f 1529/1529/1529 1529/1529/1529 1529/1529/1529 
f 1529/1529/1529 1530/1530/1530 1529/1529/1529 
f 1529/1529/1529 1530/1530/1530 1531/1531/1531 
f 1530/1530/1530 1532/1532/1532 1531/1531/1531 
f 1531/1531/1531 1532/1532/1532 1533/1533/1533 
f 1532/1532/1532 1534/1534/1534 1533/1533/1533 
f 1533/1533/1533 1534/1534/1534 1535/1535/1535 
f 1534/1534/1534 1536/1536/1536 1535/1535/1535 
f 1535/1535/1535 1536/1536/1536 1537/1537/1537 
f 1536/1536/1536 1538/1538/1538 1537/1537/1537 
f 1537/1537/1537 1538/1538/1538 1539/1539/1539 
f 1538/1538/1538 1540/1540/1540 1539/1539/1539 
f 1539/1539/1539 1540/1540/1540 1541/1541/1541 
f 1540/1540/1540 1542/1542/1542 1541/1541/1541 
f 1541/1541/1541 1542/1542/1542 1543/1543/1543 
f 1542/1542/1542 1544/1544/1544 1543/1543/1543 
f 1543/1543/1543 1544/1544/1544 1545/1545/1545 
f 1544/1544/1544 1546/1546/1546 1545/1545/1545 
f 1545/1545/1545 1546/1546/1546 1547/1547/1547 
f 1546/1546/1546 1548/1548/1548 1547/1547/1547 
f 1547/1547/1547 1548/1548/1548 1549/1549/1549 
f 1548/1548/1548 1550/1550/1550 1549/1549/1549 
f 1549/1549/1549 1550/1550/1550 1551/1551/1551 
f 1550/1550/1550 1552/1552/1552 1551/1551/1551 
f 1551/1551/1551 1552/1552/1552 1553/1553/1553 
f 1552/1552/1552 1554/1554/1554 1553/1553/1553 
f 1553/1553/1553 1554/1554/1554 1554/1554/1554 
f 1554/1554/1554 1530/1530/1530 1554/1554/1554 
f 1554/1554/1554 1530/1530/1530 1530/1530/1530 
f 1530/1530/1530 1555/1555/1555 1530/1530/1530 
f 1530/1530/1530 1555/1555/1555 1532/1532/1532 
f 1555/1555/1555 1556/1556/1556 1532/1532/1532 
f 1532/1532/1532 1556/1556/1556 1534/1534/1534 
f 1556/1556/1556 1557/1557/1557 1534/1534/1534 
f 1534/1534/1534 1557/1557/1557 1536/1536/1536 
f 1557/1557/1557 1558/1558/1558 1536/1536/1536 
f 1536/1536/1536 1558/1558/1558 1538/1538/1538 
f 1558/1558/1558 1559/1559/1559 1538/1538/1538 
f 1538/1538/1538 1559/1559/1559 1540/1540/1540 
f 1559/1559/1559 1560/1560/1560 1540/1540/1540 
f 1540/1540/1540 1560/1560/1560 1542/1542/1542 
f 1560/1560/1560 1561/1561/1561 1542/1542/1542 
f 1542/1542/1542 1561/1561/1561 1544/1544/1544 
f 1561/1561/1561 1562/1562/1562 1544/1544/1544 
f 1544/1544/1544 1562/1562/1562 1546/1546/1546 
f 1562/1562/1562 1563/1563/1563 1546/1546/1546 
f 1546/1546/1546 1563/1563/1563 1548/1548/1548 
f 1563/1563/1563 1564/1564/1564 1548/1548/1548 
f 1548/1548/1548 1564/1564/1564 1550/1550/1550 
f 1564/1564/1564 1565/1565/1565 1550/1550/1550 
f 1550/1550/1550 1565/1565/1565 1552/1552/1552 
f 1565/1565/1565 1566/1566/1566 1552/1552/1552 
f 1552/1552/1552 1566/1566/1566 1554/1554/1554 
f 1566/1566/1566 1567/1567/1567 1554/1554/1554 
f 1554/1554/1554 1567/1567/1567 1567/1567/1567 
f 1567/1567/1567 1568/1568/1568 1567/1567/1567 
f 1567/1567/1567 1568/1568/1568 1568/1568/1568 
f 1568/1568/1568 1569/1569/1569 1568/1568/1568 
f 1568/1568/1568 1569/1569/1569 1570/1570/1570 
f 1569/1569/1569 1571/1571/1571 1570/1570/1570 
f 1570/1570/1570 1571/1571/1571 1572/1572/1572 
f 1571/1571/1571 1572/1572/1572 1572/1572/1572 
f 1572/1572/1572 1572/1572/1572 1572/1572/1572 
f 1572/1572/1572 1573/1573/1573 1572/1572/1572 
f 1572/1572/1572 1573/1573/1573 1570/1570/1570 
f 1573/1573/1573 1574/1574/1574 1570/1570/1570 
f 1570/1570/1570 1574/1574/1574 1575/1575/1575 
f 1574/1574/1574 1575/1575/1575 1575/1575/1575 
f 1575/1575/1575 1575/1575/1575 1575/1575/1575 
f 1575/1575/1575 1576/1576/1576 1575/1575/1575 
f 1575/1575/1575 1576/1576/1576 1570/1570/1570 
f 1576/1576/1576 1577/1577/1577 1570/1570/1570 
f 1570/1570/1570 1577/1577/1577 1578/1578/1578 
f 1577/1577/1577 1578/1578/1578 1578/1578/1578 
f 1578/1578/1578 1578/1578/1578 1579/1579/1579 
f 1578/1578/1578 1579/1579/1579 1579/1579/1579 
f 1579/1579/1579 1579/1579/1579 1579/1579/1579 
f 1579/1579/1579 1580/1580/1580 1579/1579/1579 
f 1579/1579/1579 1580/1580/1580 1581/1581/1581 
f 1580/1580/1580 1582/1582/1582 1581/1581/1581 
f 1581/1581/1581 1582/1582/1582 1582/1582/1582 
f 1582/1582/1582 1583/1583/1583 1582/1582/1582 
f 1582/1582/1582 1583/1583/1583 1583/1583/1583 
f 1583/1583/1583 1584/1584/1584 1583/1583/1583 
f 1583/1583/1583 1584/1584/1584 1585/1585/1585 
f 1584/1584/1584 1586/1586/1586 1585/1585/1585 
f 1585/1585/1585 1586/1586/1586 1586/1586/1586 
f 1586/1586/1586 1587/1587/1587 1586/1586/1586 
f 1586/1586/1586 1587/1587/1587 1587/1587/1587 
f 1587/1587/1587 1588/1588/1588 1587/1587/1587 
f 1587/1587/1587 1588/1588/1588 1589/1589/1589 
f 1588/1588/1588 1590/1590/1590 1589/1589/1589 
f 1589/1589/1589 1590/1590/1590 1591/1591/1591 
f 1590/1590/1590 1592/1592/1592 1591/1591/1591 
f 1591/1591/1591 1592/1592/1592 1593/1593/1593 
f 1592/1592/1592 1594/1594/1594 1593/1593/1593 
f 1593/1593/1593 1594/1594/1594 1595/1595/1595 
f 1594/1594/1594 1596/1596/1596 1595/1595/1595 
f 1595/1595/1595 1596/1596/1596 1597/1597/1597 
f 1596/1596/1596 1598/1598/1598 1597/1597/1597 
f 1597/1597/1597 1598/1598/1598 1599/1599/1599 
f 1598/1598/1598 1600/1600/1600 1599/1599/1599 
f 1599/1599/1599 1600/1600/1600 1601/1601/1601 
f 1600/1600/1600 1602/1602/1602 1601/1601/1601 
f 1601/1601/1601 1602/1602/1602 1603/1603/1603 
f 1602/1602/1602 1604/1604/1604 1603/1603/1603 
f 1603/1603/1603 1604/1604/1604 1605/1605/1605 
f 1604/1604/1604 1606/1606/1606 1605/1605/1605 
f 1605/1605/1605 1606/1606/1606 1607/1607/1607 
f 1606/1606/1606 1608/1608/1608 1607/1607/1607 
f 1607/1607/1607 1608/1608/1608 1609/1609/1609 
f 1608/1608/1608 1610/1610/1610 1609/1609/1609 
f 1609/1609/1609 1610/1610/1610 1611/1611/1611 
f 1610/1610/1610 1612/1612/1612 1611/1611/1611 
f 1611/1611/1611 1612/1612/1612 1612/1612/1612 
f 1612/1612/1612 1613/1613/1613 1612/1612/1612 
f 1612/1612/1612 1613/1613/1613 1613/1613/1613 
f 1613/1613/1613 1614/1614/1614 1613/1613/1613 
f 1613/1613/1613 1614/1614/1614 1615/1615/1615 
f 1614/1614/1614 1616/1616/1616 1615/1615/1615 
f 1615/1615/1615 1616/1616/1616 1616/1616/1616 
f 1616/1616/1616 1617/1617/1617 1616/1616/1616 
f 1616/1616/1616 1617/1617/1617 1617/1617/1617 
f 1617/1617/1617 1618/1618/1618 1617/1617/1617 
f 1617/1617/1617 1618/1618/1618 1619/1619/1619 
f 1618/1618/1618 1620/1620/1620 1619/1619/1619 
f 1619/1619/1619 1620/1620/1620 1620/1620/1620 
f 1620/1620/1620 1621/1621/1621 1620/1620/1620 
f 1620/1620/1620 1621/1621/1621 1621/1621/1621 
f 1621/1621/1621 1622/1622/1622 1621/1621/1621 
f 1621/1621/1621 1622/1622/1622 1623/1623/1623 
f 1622/1622/1622 1624/1624/1624 1623/1623/1623 
f 1623/1623/1623 1624/1624/1624 1625/1625/1625 
f 1624/1624/1624 1626/1626/1626 1625/1625/1625 
f 1625/1625/1625 1626/1626/1626 1627/1627/1627 
f 1626/1626/1626 1628/1628/1628 1627/1627/1627 
f 1627/1627/1627 1628/1628/1628 1629/1629/1629 
f 1628/1628/1628 1630/1630/1630 1629/1629/1629 
f 1629/1629/1629 1630/1630/1630 1631/1631/1631 
f 1630/1630/1630 1632/1632/1632 1631/1631/1631 
f 1631/1631/1631 1632/1632/1632 1633/1633/1633 
f 1632/1632/1632 1634/1634/1634 1633/1633/1633 
f 1633/1633/1633 1634/1634/1634 1635/1635/1635 
f 1634/1634/1634 1636/1636/1636 1635/1635/1635 
f 1635/1635/1635 1636/1636/1636 1637/1637/1637 
f 1636/1636/1636 1638/1638/1638 1637/1637/1637 
f 1637/1637/1637 1638/1638/1638 1639/1639/1639 
f 1638/1638/1638 1640/1640/1640 1639/1639/1639 
f 1639/1639/1639 1640/1640/1640 1641/1641/1641 
f 1640/1640/1640 1642/1642/1642 1641/1641/1641 
f 1641/1641/1641 1642/1642/1642 1643/1643/1643 
f 1642/1642/1642 1644/1644/1644 1643/1643/1643 
f 1643/1643/1643 1644/1644/1644 1645/1645/1645 
f 1644/1644/1644 1646/1646/1646 1645/1645/1645 
f 1645/1645/1645 1646/1646/1646 1646/1646/1646 
f 1646/1646/1646 1647/1647/1647 1646/1646/1646 
f 1646/1646/1646 1647/1647/1647 1647/1647/1647 
f 1647/1647/1647 1648/1648/1648 1647/1647/1647 
f 1647/1647/1647 1648/1648/1648 1649/1649/1649 
f 1648/1648/1648 1650/1650/1650 1649/1649/1649 
f 1649/1649/1649 1650/1650/1650 1651/1651/1651 
f 1650/1650/1650 1652/1652/1652 1651/1651/1651 
f 1651/1651/1651 1652/1652/1652 1653/1653/1653 
f 1652/1652/1652 1654/1654/1654 1653/1653/1653 
f 1653/1653/1653 1654/1654/1654 1655/1655/1655 
f 1654/1654/1654 1656/1656/1656 1655/1655/1655 
f 1655/1655/1655 1656/1656/1656 1657/1657/1657 
f 1656/1656/1656 1658/1658/1658 1657/1657/1657 
f 1657/1657/1657 1658/1658/1658 1659/1659/1659 
f 1658/1658/1658 1660/1660/1660 1659/1659/1659 
f 1659/1659/1659 1660/1660/1660 1661/1661/1661 
f 1660/1660/1660 1662/1662/1662 1661/1661/1661 
f 1661/1661/1661 1662/1662/1662 1663/1663/1663 
f 1662/1662/1662 1664/1664/1664 1663/1663/1663 
f 1663/1663/1663 1664/1664/1664 1665/1665/1665 
f 1664/1664/1664 1666/1666/1666 1665/1665/1665 
f 1665/1665/1665 1666/1666/1666 1667/1667/1667 
f 1666/1666/1666 1668/1668/1668 1667/1667/1667 
f 1667/1667/1667 1668/1668/1668 1669/1669/1669 
f 1668/1668/1668 1670/1670/1670 1669/1669/1669 
f 1669/1669/1669 1670/1670/1670 1671/1671/1671 
f 1670/1670/1670 1672/1672/1672 1671/1671/1671 
f 1671/1671/1671 1672/1672/1672 1672/1672/1672 
f 1672/1672/1672 1648/1648/1648 1672/1672/1672 
f 1672/1672/1672 1648/1648/1648 1648/1648/1648 
f 1648/1648/1648 1673/1673/1673 1648/1648/1648 
f 1648/1648/1648 1673/1673/1673 1650/1650/1650 
f 1673/1673/1673 1674/1674/1674 1650/1650/1650 
f 1650/1650/1650 1674/1674/1674 1652/1652/1652 
f 1674/1674/1674 1675/1675/1675 1652/1652/1652 
f 1652/1652/1652 1675/1675/1675 1654/1654/1654 
f 1675/1675/1675 1676/1676/1676 1654/1654/1654 
f 1654/1654/1654 1676/1676/1676 1656/1656/1656 
f 1676/1676/1676 1677/1677/1677 1656/1656/1656 
f 1656/1656/1656 1677/1677/1677 1658/1658/1658 
f 1677/1677/1677 1678/1678/1678 1658/1658/1658 
f 1658/1658/1658 1678/1678/1678 1660/1660/1660 
f 1678/1678/1678 1679/1679/1679 1660/1660/1660 
f 1660/1660/1660 1679/1679/1679 1662/1662/1662 
f 1679/1679/1679 1680/1680/1680 1662/1662/1662 
f 1662/1662/1662 1680/1680/1680 1664/1664/1664 
f 1680/1680/1680 1681/1681/1681 1664/1664/1664 
f 1664/1664/1664 1681/1681/1681 1666/1666/1666 
f 1681/1681/1681 1682/1682/1682 1666/1666/1666 
f 1666/1666/1666 1682/1682/1682 1668/1668/1668 
f 1682/1682/1682 1683/1683/1683 1668/1668/1668 
f 1668/1668/1668 1683/1683/1683 1670/1670/1670 
f 1683/1683/1683 1684/1684/1684 1670/1670/1670 
f 1670/1670/1670 1684/1684/1684 1672/1672/1672 
f 1684/1684/1684 1685/1685/1685 1672/1672/1672 
f 1672/1672/1672 1685/1685/1685 1685/1685/1685 
f 1685/1685/1685 1686/1686/1686 1685/1685/1685 
f 1685/1685/1685 1686/1686/1686 1686/1686/1686 
f 1686/1686/1686 1687/1687/1687 1686/1686/1686 
f 1686/1686/1686 1687/1687/1687 1688/1688/1688 
f 1687/1687/1687 1689/1689/1689 1688/1688/1688 
f 1688/1688/1688 1689/1689/1689 1690/1690/1690 
f 1689/1689/1689 1690/1690/1690 1690/1690/1690 
f 1690/1690/1690 1690/1690/1690 1690/1690/1690 
f 1690/1690/1690 1691/1691/1691 1690/1690/1690 
f 1690/1690/1690 1691/1691/1691 1688/1688/1688 
f 1691/1691/1691 1692/1692/1692 1688/1688/1688 
f 1688/1688/1688 1692/1692/1692 1693/1693/1693 
f 1692/1692/1692 1693/1693/1693 1693/1693/1693 
f 1693/1693/1693 1693/1693/1693 1693/1693/1693 
f 1693/1693/1693 1694/1694/1694 1693/1693/1693 
f 1693/1693/1693 1694/1694/1694 1688/1688/1688 
f 1694/1694/1694 1695/1695/1695 1688/1688/1688 
f 1688/1688/1688 1695/1695/1695 1696/1696/1696 
f 1695/1695/1695 1696/1696/1696 1696/1696/1696 
f 1696/1696/1696 1696/1696/1696 1697/1697/1697 
f 1696/1696/1696 1697/1697/1697 1697/1697/1697 
f 1697/1697/1697 1697/1697/1697 1697/1697/1697 
f 1697/1697/1697 1698/1698/1698 1697/1697/1697 
f 1697/1697/1697 1698/1698/1698 1699/1699/1699 
f 1698/1698/1698 1700/1700/1700 1699/1699/1699 
f 1699/1699/1699 1700/1700/1700 1700/1700/1700 
f 1700/1700/1700 1701/1701/1701 1700/1700/1700 
f 1700/1700/1700 1701/1701/1701 1701/1701/1701 
f 1701/1701/1701 1702/1702/1702 1701/1701/1701 
f 1701/1701/1701 1702/1702/1702 1703/1703/1703 
f 1702/1702/1702 1704/1704/1704 1703/1703/1703 
f 1703/1703/1703 1704/1704/1704 1705/1705/1705 
f 1704/1704/1704 1705/1705/1705 1705/1705/1705 
f 1705/1705/1705 1705/1705/1705 1705/1705/1705 
f 1705/1705/1705 1706/1706/1706 1705/1705/1705 
f 1705/1705/1705 1706/1706/1706 1703/1703/1703 
f 1706/1706/1706 1707/1707/1707 1703/1703/1703 
f 1703/1703/1703 1707/1707/1707 1708/1708/1708 
f 1707/1707/1707 1708/1708/1708 1708/1708/1708 
f 1708/1708/1708 1708/1708/1708 1708/1708/1708 
f 1708/1708/1708 1709/1709/1709 1708/1708/1708 
f 1708/1708/1708 1709/1709/1709 1703/1703/1703 
f 1709/1709/1709 1710/1710/1710 1703/1703/1703 
f 1703/1703/1703 1710/1710/1710 1711/1711/1711 
f 1710/1710/1710 1711/1711/1711 1711/1711/1711 
f 1711/1711/1711 1711/1711/1711 1712/1712/1712 
f 1711/1711/1711 1712/1712/1712 1712/1712/1712 
f 1712/1712/1712 1712/1712/1712 1712/1712/1712 
f 1712/1712/1712 1713/1713/1713 1712/1712/1712 
f 1712/1712/1712 1713/1713/1713 1714/1714/1714 
f 1713/1713/1713 1715/1715/1715 1714/1714/1714 
f 1714/1714/1714 1715/1715/1715 1716/1716/1716 
f 1715/1715/1715 1717/1717/1717 1716/1716/1716 
f 1716/1716/1716 1717/1717/1717 1718/1718/1718 
f 1717/1717/1717 1719/1719/1719 1718/1718/1718 
f 1718/1718/1718 1719/1719/1719 1720/1720/1720 
f 1719/1719/1719 1721/1721/1721 1720/1720/1720 
f 1720/1720/1720 1721/1721/1721 1722/1722/1722 
f 1721/1721/1721 1723/1723/1723 1722/1722/1722 
f 1722/1722/1722 1723/1723/1723 1724/1724/1724 
f 1723/1723/1723 1725/1725/1725 1724/1724/1724 
f 1724/1724/1724 1725/1725/1725 1726/1726/1726 
f 1725/1725/1725 1727/1727/1727 1726/1726/1726 
f 1726/1726/1726 1727/1727/1727 1728/1728/1728 
f 1727/1727/1727 1729/1729/1729 1728/1728/1728 
f 1728/1728/1728 1729/1729/1729 1730/1730/1730 
f 1729/1729/1729 1731/1731/1731 1730/1730/1730 
f 1730/1730/1730 1731/1731/1731 1732/1732/1732 
f 1731/1731/1731 1733/1733/1733 1732/1732/1732 
f 1732/1732/1732 1733/1733/1733 1734/1734/1734 
f 1733/1733/1733 1735/1735/1735 1734/1734/1734 
f 1734/1734/1734 1735/1735/1735 1736/1736/1736 
f 1735/1735/1735 1737/1737/1737 1736/1736/1736 
f 1736/1736/1736 1737/1737/1737 1737/1737/1737 
f 1737/1737/1737 1738/1738/1738 1737/1737/1737 
f 1737/1737/1737 1738/1738/1738 1738/1738/1738 
f 1738/1738/1738 1739/1739/1739 1738/1738/1738 
f 1738/1738/1738 1739/1739/1739 1740/1740/1740 
f 1739/1739/1739 1741/1741/1741 1740/1740/1740 
f 1740/1740/1740 1741/1741/1741 1741/1741/1741 
f 1741/1741/1741 1742/1742/1742 1741/1741/1741 
f 1741/1741/1741 1742/1742/1742 1742/1742/1742 
f 1742/1742/1742 1743/1743/1743 1742/1742/1742 
f 1742/1742/1742 1743/1743/1743 1744/1744/1744 
f 1743/1743/1743 1745/1745/1745 1744/1744/1744 
f 1744/1744/1744 1745/1745/1745 1746/1746/1746 
f 1745/1745/1745 1747/1747/1747 1746/1746/1746 
f 1746/1746/1746 1747/1747/1747 1748/1748/1748 
f 1747/1747/1747 1749/1749/1749 1748/1748/1748 
f 1748/1748/1748 1749/1749/1749 1750/1750/1750 
f 1749/1749/1749 1751/1751/1751 1750/1750/1750 
f 1750/1750/1750 1751/1751/1751 1752/1752/1752 
f 1751/1751/1751 1753/1753/1753 1752/1752/1752 
f 1752/1752/1752 1753/1753/1753 1754/1754/1754 
f 1753/1753/1753 1755/1755/1755 1754/1754/1754 
f 1754/1754/1754 1755/1755/1755 1756/1756/1756 
f 1755/1755/1755 1757/1757/1757 1756/1756/1756 
f 1756/1756/1756 1757/1757/1757 1758/1758/1758 
f 1757/1757/1757 1759/1759/1759 1758/1758/1758 
f 1758/1758/1758 1759/1759/1759 1760/1760/1760 
f 1759/1759/1759 1761/1761/1761 1760/1760/1760 
f 1760/1760/1760 1761/1761/1761 1762/1762/1762 
f 1761/1761/1761 1763/1763/1763 1762/1762/1762 
f 1762/1762/1762 1763/1763/1763 1764/1764/1764 
f 1763/1763/1763 1765/1765/1765 1764/1764/1764 
f 1764/1764/1764 1765/1765/1765 1766/1766/1766 
f 1765/1765/1765 1767/1767/1767 1766/1766/1766 
f 1766/1766/1766 1767/1767/1767 1767/1767/1767 
f 1767/1767/1767 1768/1768/1768 1767/1767/1767 
f 1767/1767/1767 1768/1768/1768 1768/1768/1768 
f 1768/1768/1768 1769/1769/1769 1768/1768/1768 
f 1768/1768/1768 1769/1769/1769 1770/1770/1770 
f 1769/1769/1769 1771/1771/1771 1770/1770/1770 
f 1770/1770/1770 1771/1771/1771 1772/1772/1772 
f 1771/1771/1771 1773/1773/1773 1772/1772/1772 
f 1772/1772/1772 1773/1773/1773 1774/1774/1774 
f 1773/1773/1773 1775/1775/1775 1774/1774/1774 
f 1774/1774/1774 1775/1775/1775 1776/1776/1776 
f 1775/1775/1775 1777/1777/1777 1776/1776/1776 
f 1776/1776/1776 1777/1777/1777 1778/1778/1778 
f 1777/1777/1777 1779/1779/1779 1778/1778/1778 
f 1778/1778/1778 1779/1779/1779 1780/1780/1780 
f 1779/1779/1779 1781/1781/1781 1780/1780/1780 
f 1780/1780/1780 1781/1781/1781 1782/1782/1782 
f 1781/1781/1781 1783/1783/1783 1782/1782/1782 
f 1782/1782/1782 1783/1783/1783 1784/1784/1784 
f 1783/1783/1783 1785/1785/1785 1784/1784/1784 
f 1784/1784/1784 1785/1785/1785 1786/1786/1786 
f 1785/1785/1785 1787/1787/1787 1786/1786/1786 
f 1786/1786/1786 1787/1787/1787 1788/1788/1788 
f 1787/1787/1787 1789/1789/1789 1788/1788/1788 
f 1788/1788/1788 1789/1789/1789 1790/1790/1790 
f 1789/1789/1789 1791/1791/1791 1790/1790/1790 
f 1790/1790/1790 1791/1791/1791 1792/1792/1792 
f 1791/1791/1791 1793/1793/1793 1792/1792/1792 
f 1792/1792/1792 1793/1793/1793 1793/1793/1793 
f 1793/1793/1793 1769/1769/1769 1793/1793/1793 
f 1793/1793/1793 1769/1769/1769 1769/1769/1769 
f 1769/1769/1769 1794/1794/1794 1769/1769/1769 
f 1769/1769/1769 1794/1794/1794 1771/1771/1771 
f 1794/1794/1794 1795/1795/1795 1771/1771/1771 
f 1771/1771/1771 1795/1795/1795 1773/1773/1773 
f 1795/1795/1795 1796/1796/1796 1773/1773/1773 
f 1773/1773/1773 1796/1796/1796 1775/1775/1775 
f 1796/1796/1796 1797/1797/1797 1775/1775/1775 
f 1775/1775/1775 1797/1797/1797 1777/1777/1777 
f 1797/1797/1797 1798/1798/1798 1777/1777/1777 
f 1777/1777/1777 1798/1798/1798 1779/1779/1779 
f 1798/1798/1798 1799/1799/1799 1779/1779/1779 
f 1779/1779/1779 1799/1799/1799 1781/1781/1781 
f 1799/1799/1799 1800/1800/1800 1781/1781/1781 
f 1781/1781/1781 1800/1800/1800 1783/1783/1783 
f 1800/1800/1800 1801/1801/1801 1783/1783/1783 
f 1783/1783/1783 1801/1801/1801 1785/1785/1785 
f 1801/1801/1801 1802/1802/1802 1785/1785/1785 
f 1785/1785/1785 1802/1802/1802 1787/1787/1787 
f 1802/1802/1802 1803/1803/1803 1787/1787/1787 
f 1787/1787/1787 1803/1803/1803 1789/1789/1789 
f 1803/1803/1803 1804/1804/1804 1789/1789/1789 
f 1789/1789/1789 1804/1804/1804 1791/1791/1791 
f 1804/1804/1804 1805/1805/1805 1791/1791/1791 
f 1791/1791/1791 1805/1805/1805 1793/1793/1793 
f 1805/1805/1805 1806/1806/1806 1793/1793/1793 
f 1793/1793/1793 1806/1806/1806 1806/1806/1806 
f 1806/1806/1806 1807/1807/1807 1806/1806/1806 
f 1806/1806/1806 1807/1807/1807 1807/1807/1807 
f 1807/1807/1807 1808/1808/1808 1807/1807/1807 
f 1807/1807/1807 1808/1808/1808 1809/1809/1809 
f 1808/1808/1808 1810/1810/1810 1809/1809/1809 
f 1809/1809/1809 1810/1810/1810 1811/1811/1811 
f 1810/1810/1810 1812/1812/1812 1811/1811/1811 
f 1811/1811/1811 1812/1812/1812 1813/1813/1813 
f 1812/1812/1812 1814/1814/1814 1813/1813/1813 
f 1813/1813/1813 1814/1814/1814 1815/1815/1815 
f 1814/1814/1814 1816/1816/1816 1815/1815/1815 
f 1815/1815/1815 1816/1816/1816 1817/1817/1817 
f 1816/1816/1816 1818/1818/1818 1817/1817/1817 
f 1817/1817/1817 1818/1818/1818 1819/1819/1819 
f 1818/1818/1818 1820/1820/1820 1819/1819/1819 
f 1819/1819/1819 1820/1820/1820 1821/1821/1821 
f 1820/1820/1820 1822/1822/1822 1821/1821/1821 
f 1821/1821/1821 1822/1822/1822 1823/1823/1823 
f 1822/1822/1822 1824/1824/1824 1823/1823/1823 
f 1823/1823/1823 1824/1824/1824 1825/1825/1825 
f 1824/1824/1824 1826/1826/1826 1825/1825/1825 
f 1825/1825/1825 1826/1826/1826 1827/1827/1827 
f 1826/1826/1826 1828/1828/1828 1827/1827/1827 
f 1827/1827/1827 1828/1828/1828 1829/1829/1829 
f 1828/1828/1828 1830/1830/1830 1829/1829/1829 
f 1829/1829/1829 1830/1830/1830 1831/1831/1831 
f 1830/1830/1830 1832/1832/1832 1831/1831/1831 
f 1831/1831/1831 1832/1832/1832 1832/1832/1832 
f 1832/1832/1832 1808/1808/1808 1832/1832/1832 
f 1832/1832/1832 1808/1808/1808 1808/1808/1808 
f 1808/1808/1808 1833/1833/1833 1808/1808/1808 
f 1808/1808/1808 1833/1833/1833 1810/1810/1810 
f 1833/1833/1833 1834/1834/1834 1810/1810/1810 
f 1810/1810/1810 1834/1834/1834 1812/1812/1812 
f 1834/1834/1834 1835/1835/1835 1812/1812/1812 
f 1812/1812/1812 1835/1835/1835 1814/1814/1814 
f 1835/1835/1835 1836/1836/1836 1814/1814/1814 
f 1814/1814/1814 1836/1836/1836 1816/1816/1816 
f 1836/1836/1836 1837/1837/1837 1816/1816/1816 
f 1816/1816/1816 1837/1837/1837 1818/1818/1818 
f 1837/1837/1837 1838/1838/1838 1818/1818/1818 
f 1818/1818/1818 1838/1838/1838 1820/1820/1820 
f 1838/1838/1838 1839/1839/1839 1820/1820/1820 
f 1820/1820/1820 1839/1839/1839 1822/1822/1822 
f 1839/1839/1839 1840/1840/1840 1822/1822/1822 
f 1822/1822/1822 1840/1840/1840 1824/1824/1824 
f 1840/1840/1840 1841/1841/1841 1824/1824/1824 
f 1824/1824/1824 1841/1841/1841 1826/1826/1826 
f 1841/1841/1841 1842/1842/1842 1826/1826/1826 
f 1826/1826/1826 1842/1842/1842 1828/1828/1828 
f 1842/1842/1842 1843/1843/1843 1828/1828/1828 
f 1828/1828/1828 1843/1843/1843 1830/1830/1830 
f 1843/1843/1843 1844/1844/1844 1830/1830/1830 
f 1830/1830/1830 1844/1844/1844 1832/1832/1832 
f 1844/1844/1844 1845/1845/1845 1832/1832/1832 
f 1832/1832/1832 1845/1845/1845 1845/1845/1845 
f 1845/1845/1845 1846/1846/1846 1845/1845/1845 
f 1845/1845/1845 1846/1846/1846 1846/1846/1846 
f 1846/1846/1846 1847/1847/1847 1846/1846/1846 
f 1846/1846/1846 1847/1847/1847 1848/1848/1848 
f 1847/1847/1847 1849/1849/1849 1848/1848/1848 
f 1848/1848/1848 1849/1849/1849 1850/1850/1850 
f 1849/1849/1849 1851/1851/1851 1850/1850/1850 
f 1850/1850/1850 1851/1851/1851 1852/1852/1852 
f 1851/1851/1851 1853/1853/1853 1852/1852/1852 
f 1852/1852/1852 1853/1853/1853 1854/1854/1854 
f 1853/1853/1853 1855/1855/1855 1854/1854/1854 
f 1854/1854/1854 1855/1855/1855 1856/1856/1856 
f 1855/1855/1855 1857/1857/1857 1856/1856/1856 
f 1856/1856/1856 1857/1857/1857 1858/1858/1858 
f 1857/1857/1857 1859/1859/1859 1858/1858/1858 
f 1858/1858/1858 1859/1859/1859 1860/1860/1860 
f 1859/1859/1859 1861/1861/1861 1860/1860/1860 
f 1860/1860/1860 1861/1861/1861 1862/1862/1862 
f 1861/1861/1861 1863/1863/1863 1862/1862/1862 
f 1862/1862/1862 1863/1863/1863 1864/1864/1864 
f 1863/1863/1863 1865/1865/1865 1864/1864/1864 
f 1864/1864/1864 1865/1865/1865 1866/1866/1866 
f 1865/1865/1865 1867/1867/1867 1866/1866/1866 
f 1866/1866/1866 1867/1867/1867 1868/1868/1868 
f 1867/1867/1867 1869/1869/1869 1868/1868/1868 
f 1868/1868/1868 1869/1869/1869 1870/1870/1870 
f 1869/1869/1869 1871/1871/1871 1870/1870/1870 
f 1870/1870/1870 1871/1871/1871 1871/1871/1871 
f 1871/1871/1871 1847/1847/1847 1871/1871/1871 
f 1871/1871/1871 1847/1847/1847 1847/1847/1847 
f 1847/1847/1847 1872/1872/1872 1847/1847/1847 
f 1847/1847/1847 1872/1872/1872 1849/1849/1849 
f 1872/1872/1872 1873/1873/1873 1849/1849/1849 
f 1849/1849/1849 1873/1873/1873 1851/1851/1851 
f 1873/1873/1873 1874/1874/1874 1851/1851/1851 
f 1851/1851/1851 1874/1874/1874 1853/1853/1853 
f 1874/1874/1874 1875/1875/1875 1853/1853/1853 
f 1853/1853/1853 1875/1875/1875 1855/1855/1855 
f 1875/1875/1875 1876/1876/1876 1855/1855/1855 
f 1855/1855/1855 1876/1876/1876 1857/1857/1857 
f 1876/1876/1876 1877/1877/1877 1857/1857/1857 
f 1857/1857/1857 1877/1877/1877 1859/1859/1859 
f 1877/1877/1877 1878/1878/1878 1859/1859/1859 
f 1859/1859/1859 1878/1878/1878 1861/1861/1861 
f 1878/1878/1878 1879/1879/1879 1861/1861/1861 
f 1861/1861/1861 1879/1879/1879 1863/1863/1863 
f 1879/1879/1879 1880/1880/1880 1863/1863/1863 
f 1863/1863/1863 1880/1880/1880 1865/1865/1865 
f 1880/1880/1880 1881/1881/1881 1865/1865/1865 
f 1865/1865/1865 1881/1881/1881 1867/1867/1867 
f 1881/1881/1881 1882/1882/1882 1867/1867/1867 
f 1867/1867/1867 1882/1882/1882 1869/1869/1869 
f 1882/1882/1882 1883/1883/1883 1869/1869/1869 
f 1869/1869/1869 1883/1883/1883 1871/1871/1871 
f 1883/1883/1883 1884/1884/1884 1871/1871/1871 
f 1871/1871/1871 1884/1884/1884 1884/1884/1884 
f 1884/1884/1884 1885/1885/1885 1884/1884/1884 
f 1884/1884/1884 1885/1885/1885 1885/1885/1885 
f 1885/1885/1885 1886/1886/1886 1885/1885/1885 
f 1885/1885/1885 1886/1886/1886 1887/1887/1887 
f 1886/1886/1886 1888/1888/1888 1887/1887/1887 
f 1887/1887/1887 1888/1888/1888 1888/1888/1888 
f 1888/1888/1888 1889/1889/1889 1888/1888/1888 
f 1888/1888/1888 1889/1889/1889 1889/1889/1889 
f 1889/1889/1889 1890/1890/1890 1889/1889/1889 
f 1889/1889/1889 1890/1890/1890 1891/1891/1891 
f 1890/1890/1890 1892/1892/1892 1891/1891/1891 
f 1891/1891/1891 1892/1892/1892 1893/1893/1893 
f 1892/1892/1892 1893/1893/1893 1893/1893/1893 
f 1893/1893/1893 1893/1893/1893 1893/1893/1893 
f 1893/1893/1893 1894/1894/1894 1893/1893/1893 
f 1893/1893/1893 1894/1894/1894 1891/1891/1891 
f 1894/1894/1894 1895/1895/1895 1891/1891/1891 
f 1891/1891/1891 1895/1895/1895 1896/1896/1896 
f 1895/1895/1895 1896/1896/1896 1896/1896/1896 
f 1896/1896/1896 1896/1896/1896 1896/1896/1896 
f 1896/1896/1896 1897/1897/1897 1896/1896/1896 
f 1896/1896/1896 1897/1897/1897 1891/1891/1891 
f 1897/1897/1897 1898/1898/1898 1891/1891/1891 
f 1891/1891/1891 1898/1898/1898 1899/1899/1899 
f 1898/1898/1898 1899/1899/1899 1899/1899/1899 
f 1899/1899/1899 1899/1899/1899 1900/1900/1900 
f 1899/1899/1899 1900/1900/1900 1900/1900/1900 
f 1900/1900/1900 1900/1900/1900 1900/1900/1900 
f 1900/1900/1900 1901/1901/1901 1900/1900/1900 
f 1900/1900/1900 1901/1901/1901 1902/1902/1902 
f 1901/1901/1901 1903/1903/1903 1902/1902/1902 
f 1902/1902/1902 1903/1903/1903 1903/1903/1903 
f 1903/1903/1903 1904/1904/1904 1903/1903/1903 
f 1903/1903/1903 1904/1904/1904 1904/1904/1904 
f 1904/1904/1904 1905/1905/1905 1904/1904/1904 
f 1904/1904/1904 1905/1905/1905 1906/1906/1906 
f 1905/1905/1905 1907/1907/1907 1906/1906/1906 
f 1906/1906/1906 1907/1907/1907 1908/1908/1908 
f 1907/1907/1907 1909/1909/1909 1908/1908/1908 
f 1908/1908/1908 1909/1909/1909 1910/1910/1910 
f 1909/1909/1909 1911/1911/1911 1910/1910/1910 
f 1910/1910/1910 1911/1911/1911 1912/1912/1912 
f 1911/1911/1911 1913/1913/1913 1912/1912/1912 
f 1912/1912/1912 1913/1913/1913 1914/1914/1914 
f 1913/1913/1913 1915/1915/1915 1914/1914/1914 
f 1914/1914/1914 1915/1915/1915 1916/1916/1916 
f 1915/1915/1915 1917/1917/1917 1916/1916/1916 
f 1916/1916/1916 1917/1917/1917 1918/1918/1918 
f 1917/1917/1917 1919/1919/1919 1918/1918/1918 
f 1918/1918/1918 1919/1919/1919 1920/1920/1920 
f 1919/1919/1919 1921/1921/1921 1920/1920/1920 
f 1920/1920/1920 1921/1921/1921 1922/1922/1922 
f 1921/1921/1921 1923/1923/1923 1922/1922/1922 
f 1922/1922/1922 1923/1923/1923 1924/1924/1924 
f 1923/1923/1923 1925/1925/1925 1924/1924/1924 
f 1924/1924/1924 1925/1925/1925 1926/1926/1926 
f 1925/1925/1925 1927/1927/1927 1926/1926/1926 
f 1926/1926/1926 1927/1927/1927 1928/1928/1928 
f 1927/1927/1927 1929/1929/1929 1928/1928/1928 
f 1928/1928/1928 1929/1929/1929 1929/1929/1929 
f 1929/1929/1929 1930/1930/1930 1929/1929/1929 
f 1929/1929/1929 1930/1930/1930 1930/1930/1930 
f 1930/1930/1930 1931/1931/1931 1930/1930/1930 
f 1930/1930/1930 1931/1931/1931 1932/1932/1932 
f 1931/1931/1931 1933/1933/1933 1932/1932/1932 
f 1932/1932/1932 1933/1933/1933 1933/1933/1933 
f 1933/1933/1933 1934/1934/1934 1933/1933/1933 
f 1933/1933/1933 1934/1934/1934 1934/1934/1934 
f 1934/1934/1934 1935/1935/1935 1934/1934/1934 
f 1934/1934/1934 1935/1935/1935 1936/1936/1936 
f 1935/1935/1935 1937/1937/1937 1936/1936/1936 
f 1936/1936/1936 1937/1937/1937 1938/1938/1938 
f 1937/1937/1937 1939/1939/1939 1938/1938/1938 
f 1938/1938/1938 1939/1939/1939 1940/1940/1940 
f 1939/1939/1939 1941/1941/1941 1940/1940/1940 
f 1940/1940/1940 1941/1941/1941 1942/1942/1942 
f 1941/1941/1941 1943/1943/1943 1942/1942/1942 
f 1942/1942/1942 1943/1943/1943 1944/1944/1944 
f 1943/1943/1943 1945/1945/1945 1944/1944/1944 
f 1944/1944/1944 1945/1945/1945 1946/1946/1946 
f 1945/1945/1945 1947/1947/1947 1946/1946/1946 
f 1946/1946/1946 1947/1947/1947 1948/1948/1948 
f 1947/1947/1947 1949/1949/1949 1948/1948/1948 
f 1948/1948/1948 1949/1949/1949 1950/1950/1950 
f 1949/1949/1949 1951/1951/1951 1950/1950/1950 
f 1950/1950/1950 1951/1951/1951 1952/1952/1952 
f 1951/1951/1951 1953/1953/1953 1952/1952/1952 
f 1952/1952/1952 1953/1953/1953 1954/1954/1954 
f 1953/1953/1953 1955/1955/1955 1954/1954/1954 
f 1954/1954/1954 1955/1955/1955 1956/1956/1956 
f 1955/1955/1955 1957/1957/1957 1956/1956/1956 
f 1956/1956/1956 1957/1957/1957 1958/1958/1958 
f 1957/1957/1957 1959/1959/1959 1958/1958/1958 
f 1958/1958/1958 1959/1959/1959 1959/1959/1959 
f 1959/1959/1959 1960/1960/1960 1959/1959/1959 
f 1959/1959/1959 1960/1960/1960 1960/1960/1960 
f 1960/1960/1960 1961/1961/1961 1960/1960/1960 
f 1960/1960/1960 1961/1961/1961 1962/1962/1962 
f 1961/1961/1961 1963/1963/1963 1962/1962/1962 
f 1962/1962/1962 1963/1963/1963 1964/1964/1964 
f 1963/1963/1963 1965/1965/1965 1964/1964/1964 
f 1964/1964/1964 1965/1965/1965 1966/1966/1966 
f 1965/1965/1965 1967/1967/1967 1966/1966/1966 
f 1966/1966/1966 1967/1967/1967 1968/1968/1968 
f 1967/1967/1967 1969/1969/1969 1968/1968/1968 
f 1968/1968/1968 1969/1969/1969 1970/1970/1970 
f 1969/1969/1969 1971/1971/1971 1970/1970/1970 
f 1970/1970/1970 1971/1971/1971 1972/1972/1972 
f 1971/1971/1971 1973/1973/1973 1972/1972/1972 
f 1972/1972/1972 1973/1973/1973 1974/1974/1974 
f 1973/1973/1973 1975/1975/1975 1974/1974/1974 
f 1974/1974/1974 1975/1975/1975 1976/1976/1976 
f 1975/1975/1975 1977/1977/1977 1976/1976/1976 
f 1976/1976/1976 1977/1977/1977 1978/1978/1978 
f 1977/1977/1977 1979/1979/1979 1978/1978/1978 
f 1978/1978/1978 1979/1979/1979 1980/1980/1980 
f 1979/1979/1979 1981/1981/1981 1980/1980/1980 
f 1980/1980/1980 1981/1981/1981 1982/1982/1982 
f 1981/1981/1981 1983/1983/1983 1982/1982/1982 
f 1982/1982/1982 1983/1983/1983 1984/1984/1984 
f 1983/1983/1983 1985/1985/1985 1984/1984/1984 
f 1984/1984/1984 1985/1985/1985 1985/1985/1985 
f 1985/1985/1985 1961/1961/1961 1985/1985/1985 
f 1985/1985/1985 1961/1961/1961 1961/1961/1961 
f 1961/1961/1961 1986/1986/1986 1961/1961/1961 
f 1961/1961/1961 1986/1986/1986 1963/1963/1963 
f 1986/1986/1986 1987/1987/1987 1963/1963/1963 
f 1963/1963/1963 1987/1987/1987 1965/1965/1965 
f 1987/1987/1987 1988/1988/1988 1965/1965/1965 
f 1965/1965/1965 1988/1988/1988 1967/1967/1967 
f 1988/1988/1988 1989/1989/1989 1967/1967/1967 
f 1967/1967/1967 1989/1989/1989 1969/1969/1969 
f 1989/1989/1989 1990/1990/1990 1969/1969/1969 
f 1969/1969/1969 1990/1990/1990 1971/1971/1971 
f 1990/1990/1990 1991/1991/1991 1971/1971/1971 
f 1971/1971/1971 1991/1991/1991 1973/1973/1973 
f 1991/1991/1991 1992/1992/1992 1973/1973/1973 
f 1973/1973/1973 1992/1992/1992 1975/1975/1975 
f 1992/1992/1992 1993/1993/1993 1975/1975/1975 
f 1975/1975/1975 1993/1993/1993 1977/1977/1977 
f 1993/1993/1993 1994/1994/1994 1977/1977/1977 
f 1977/1977/1977 1994/1994/1994 1979/1979/1979 
f 1994/1994/1994 1995/1995/1995 1979/1979/1979 
f 1979/1979/1979 1995/1995/1995 1981/1981/1981 
f 1995/1995/1995 1996/1996/1996 1981/1981/1981 
f 1981/1981/1981 1996/1996/1996 1983/1983/1983 
f 1996/1996/1996 1997/1997/1997 1983/1983/1983 
f 1983/1983/1983 1997/1997/1997 1985/1985/1985 
f 1997/1997/1997 1998/1998/1998 1985/1985/1985 
f 1985/1985/1985 1998/1998/1998 1998/1998/1998 
f 1998/1998/1998 1999/1999/1999 1998/1998/1998 
f 1998/1998/1998 1999/1999/1999 1999/1999/1999 
f 1999/1999/1999 2000/2000/2000 1999/1999/1999 
f 1999/1999/1999 2000/2000/2000 2001/2001/2001 
f 2000/2000/2000 2002/2002/2002 2001/2001/2001 
f 2001/2001/2001 2002/2002/2002 2003/2003/2003 
f 2002/2002/2002 2003/2003/2003 2003/2003/2003 
f 2003/2003/2003 2003/2003/2003 2003/2003/2003 
f 2003/2003/2003 2004/2004/2004 2003/2003/2003 
f 2003/2003/2003 2004/2004/2004 2001/2001/2001 
f 2004/2004/2004 2005/2005/2005 2001/2001/2001 
f 2001/2001/2001 2005/2005/2005 2006/2006/2006 
f 2005/2005/2005 2006/2006/2006 2006/2006/2006 
f 2006/2006/2006 2006/2006/2006 2006/2006/2006 
f 2006/2006/2006 2007/2007/2007 2006/2006/2006 
f 2006/2006/2006 2007/2007/2007 2001/2001/2001 
f 2007/2007/2007 2008/2008/2008 2001/2001/2001 
f 2001/2001/2001 2008/2008/2008 2009/2009/2009 
f 2008/2008/2008 2009/2009/2009 2009/2009/2009 
f 2009/2009/2009 2009/2009/2009 2010/2010/2010 
f 2009/2009/2009 2010/2010/2010 2010/2010/2010 
f 2010/2010/2010 2010/2010/2010 2010/2010/2010 
f 2010/2010/2010 2011/2011/2011 2010/2010/2010 
f 2010/2010/2010 2011/2011/2011 2012/2012/2012 
f 2011/2011/2011 2013/2013/2013 2012/2012/2012 
f 2012/2012/2012 2013/2013/2013 2014/2014/2014 
f 2013/2013/2013 2014/2014/2014 2014/2014/2014 
f 2014/2014/2014 2014/2014/2014 2015/2015/2015 
f 2014/2014/2014 2015/2015/2015 2015/2015/2015 
f 2015/2015/2015 2015/2015/2015 2015/2015/2015 
f 2015/2015/2015 2016/2016/2016 2015/2015/2015 
f 2015/2015/2015 2016/2016/2016 2017/2017/2017 
f 2016/2016/2016 2018/2018/2018 2017/2017/2017 
f 2017/2017/2017 2018/2018/2018 2018/2018/2018 
f 2018/2018/2018 2016/2016/2016 2018/2018/2018 
f 2018/2018/2018 2016/2016/2016 2019/2019/2019 
f 2016/2016/2016 2020/2020/2020 2019/2019/2019 
f 2019/2019/2019 2020/2020/2020 2020/2020/2020 
f 2020/2020/2020 2016/2016/2016 2020/2020/2020 
f 2020/2020/2020 2016/2016/2016 2021/2021/2021 
f 2016/2016/2016 2022/2022/2022 2021/2021/2021 
f 2021/2021/2021 2022/2022/2022 2022/2022/2022 
f 2022/2022/2022 2016/2016/2016 2022/2022/2022 
f 2022/2022/2022 2016/2016/2016 2023/2023/2023 
f 2016/2016/2016 2024/2024/2024 2023/2023/2023 
f 2023/2023/2023 2024/2024/2024 2024/2024/2024 
f 2024/2024/2024 2016/2016/2016 2024/2024/2024 
f 2024/2024/2024 2016/2016/2016 2025/2025/2025 
f 2016/2016/2016 2026/2026/2026 2025/2025/2025 
f 2025/2025/2025 2026/2026/2026 2026/2026/2026 
f 2026/2026/2026 2027/2027/2027 2026/2026/2026 
f 2026/2026/2026 2027/2027/2027 2027/2027/2027 
f 2027/2027/2027 2028/2028/2028 2027/2027/2027 
f 2027/2027/2027 2028/2028/2028 2029/2029/2029 
f 2028/2028/2028 2030/2030/2030 2029/2029/2029 
f 2029/2029/2029 2030/2030/2030 2030/2030/2030 
f 2030/2030/2030 2028/2028/2028 2030/2030/2030 
f 2030/2030/2030 2028/2028/2028 2031/2031/2031 
f 2028/2028/2028 2032/2032/2032 2031/2031/2031 
f 2031/2031/2031 2032/2032/2032 2032/2032/2032 
f 2032/2032/2032 2028/2028/2028 2032/2032/2032 
f 2032/2032/2032 2028/2028/2028 2033/2033/2033 
f 2028/2028/2028 2034/2034/2034 2033/2033/2033 
f 2033/2033/2033 2034/2034/2034 2034/2034/2034 
f 2034/2034/2034 2028/2028/2028 2034/2034/2034 
f 2034/2034/2034 2028/2028/2028 2035/2035/2035 
f 2028/2028/2028 2036/2036/2036 2035/2035/2035 
f 2035/2035/2035 2036/2036/2036 2036/2036/2036 
f 2036/2036/2036 2028/2028/2028 2036/2036/2036 
f 2036/2036/2036 2028/2028/2028 2037/2037/2037 
f 2028/2028/2028 2038/2038/2038 2037/2037/2037 
f 2037/2037/2037 2038/2038/2038 2038/2038/2038 
f 2038/2038/2038 2039/2039/2039 2038/2038/2038 
f 2038/2038/2038 2039/2039/2039 2039/2039/2039 
f 2039/2039/2039 2040/2040/2040 2039/2039/2039 
f 2039/2039/2039 2040/2040/2040 2041/2041/2041 
f 2040/2040/2040 2042/2042/2042 2041/2041/2041 
f 2041/2041/2041 2042/2042/2042 2042/2042/2042 
f 2042/2042/2042 2043/2043/2043 2042/2042/2042 
f 2042/2042/2042 2043/2043/2043 2043/2043/2043 
f 2043/2043/2043 2044/2044/2044 2043/2043/2043 
f 2043/2043/2043 2044/2044/2044 2045/2045/2045 
f 2044/2044/2044 2046/2046/2046 2045/2045/2045 
f 2045/2045/2045 2046/2046/2046 2047/2047/2047 
f 2046/2046/2046 2048/2048/2048 2047/2047/2047 
f 2047/2047/2047 2048/2048/2048 2049/2049/2049 
f 2048/2048/2048 2050/2050/2050 2049/2049/2049 
f 2049/2049/2049 2050/2050/2050 2051/2051/2051 
f 2050/2050/2050 2052/2052/2052 2051/2051/2051 
f 2051/2051/2051 2052/2052/2052 2053/2053/2053 
f 2052/2052/2052 2054/2054/2054 2053/2053/2053 
f 2053/2053/2053 2054/2054/2054 2055/2055/2055 
f 2054/2054/2054 2056/2056/2056 2055/2055/2055 
f 2055/2055/2055 2056/2056/2056 2057/2057/2057 
f 2056/2056/2056 2058/2058/2058 2057/2057/2057 
f 2057/2057/2057 2058/2058/2058 2059/2059/2059 
f 2058/2058/2058 2060/2060/2060 2059/2059/2059 
f 2059/2059/2059 2060/2060/2060 2061/2061/2061 
f 2060/2060/2060 2062/2062/2062 2061/2061/2061 
f 2061/2061/2061 2062/2062/2062 2063/2063/2063 
f 2062/2062/2062 2064/2064/2064 2063/2063/2063 
f 2063/2063/2063 2064/2064/2064 2065/2065/2065 
f 2064/2064/2064 2066/2066/2066 2065/2065/2065 
f 2065/2065/2065 2066/2066/2066 2067/2067/2067 
f 2066/2066/2066 2068/2068/2068 2067/2067/2067 
f 2067/2067/2067 2068/2068/2068 2068/2068/2068 
f 2068/2068/2068 2069/2069/2069 2068/2068/2068 
f 2068/2068/2068 2069/2069/2069 2069/2069/2069 
f 2069/2069/2069 2070/2070/2070 2069/2069/2069 
f 2069/2069/2069 2070/2070/2070 2071/2071/2071 
f 2070/2070/2070 2072/2072/2072 2071/2071/2071 
f 2071/2071/2071 2072/2072/2072 2073/2073/2073 
f 2072/2072/2072 2074/2074/2074 2073/2073/2073 
f 2073/2073/2073 2074/2074/2074 2075/2075/2075 
f 2074/2074/2074 2076/2076/2076 2075/2075/2075 
f 2075/2075/2075 2076/2076/2076 2077/2077/2077 
f 2076/2076/2076 2078/2078/2078 2077/2077/2077 
f 2077/2077/2077 2078/2078/2078 2079/2079/2079 
f 2078/2078/2078 2080/2080/2080 2079/2079/2079 
f 2079/2079/2079 2080/2080/2080 2081/2081/2081 
f 2080/2080/2080 2082/2082/2082 2081/2081/2081 
f 2081/2081/2081 2082/2082/2082 2083/2083/2083 
f 2082/2082/2082 2084/2084/2084 2083/2083/2083 
f 2083/2083/2083 2084/2084/2084 2085/2085/2085 
f 2084/2084/2084 2086/2086/2086 2085/2085/2085 
f 2085/2085/2085 2086/2086/2086 2087/2087/2087 
f 2086/2086/2086 2088/2088/2088 2087/2087/2087 
f 2087/2087/2087 2088/2088/2088 2089/2089/2089 
f 2088/2088/2088 2090/2090/2090 2089/2089/2089 
f 2089/2089/2089 2090/2090/2090 2091/2091/2091 
f 2090/2090/2090 2092/2092/2092 2091/2091/2091 
f 2091/2091/2091 2092/2092/2092 2093/2093/2093 
f 2092/2092/2092 2094/2094/2094 2093/2093/2093 
f 2093/2093/2093 2094/2094/2094 2094/2094/2094 
f 2094/2094/2094 2095/2095/2095 2094/2094/2094 
f 2094/2094/2094 2095/2095/2095 2095/2095/2095 
f 2095/2095/2095 2096/2096/2096 2095/2095/2095 
f 2095/2095/2095 2096/2096/2096 2097/2097/2097 
f 2096/2096/2096 2098/2098/2098 2097/2097/2097 
f 2097/2097/2097 2098/2098/2098 2099/2099/2099 
f 2098/2098/2098 2100/2100/2100 2099/2099/2099 
f 2099/2099/2099 2100/2100/2100 2101/2101/2101 
f 2100/2100/2100 2102/2102/2102 2101/2101/2101 
f 2101/2101/2101 2102/2102/2102 2103/2103/2103 
f 2102/2102/2102 2104/2104/2104 2103/2103/2103 
f 2103/2103/2103 2104/2104/2104 2105/2105/2105 
f 2104/2104/2104 2106/2106/2106 2105/2105/2105 
f 2105/2105/2105 2106/2106/2106 2107/2107/2107 
f 2106/2106/2106 2108/2108/2108 2107/2107/2107 
f 2107/2107/2107 2108/2108/2108 2109/2109/2109 
f 2108/2108/2108 2110/2110/2110 2109/2109/2109 
f 2109/2109/2109 2110/2110/2110 2111/2111/2111 
f 2110/2110/2110 2112/2112/2112 2111/2111/2111 
f 2111/2111/2111 2112/2112/2112 2113/2113/2113 
f 2112/2112/2112 2114/2114/2114 2113/2113/2113 
f 2113/2113/2113 2114/2114/2114 2115/2115/2115 
f 2114/2114/2114 2116/2116/2116 2115/2115/2115 
f 2115/2115/2115 2116/2116/2116 2117/2117/2117 
f 2116/2116/2116 2118/2118/2118 2117/2117/2117 
f 2117/2117/2117 2118/2118/2118 2119/2119/2119 
f 2118/2118/2118 2120/2120/2120 2119/2119/2119 
f 2119/2119/2119 2120/2120/2120 2120/2120/2120 
f 2120/2120/2120 2096/2096/2096 2120/2120/2120 
f 2120/2120/2120 2096/2096/2096 2096/2096/2096 
f 2096/2096/2096 2121/2121/2121 2096/2096/2096 
f 2096/2096/2096 2121/2121/2121 2098/2098/2098 
f 2121/2121/2121 2122/2122/2122 2098/2098/2098 
f 2098/2098/2098 2122/2122/2122 2100/2100/2100 
f 2122/2122/2122 2123/2123/2123 2100/2100/2100 
f 2100/2100/2100 2123/2123/2123 2102/2102/2102 
f 2123/2123/2123 2124/2124/2124 2102/2102/2102 
f 2102/2102/2102 2124/2124/2124 2104/2104/2104 
f 2124/2124/2124 2125/2125/2125 2104/2104/2104 
f 2104/2104/2104 2125/2125/2125 2106/2106/2106 
f 2125/2125/2125 2126/2126/2126 2106/2106/2106 
f 2106/2106/2106 2126/2126/2126 2108/2108/2108 
f 2126/2126/2126 2127/2127/2127 2108/2108/2108 
f 2108/2108/2108 2127/2127/2127 2110/2110/2110 
f 2127/2127/2127 2128/2128/2128 2110/2110/2110 
f 2110/2110/2110 2128/2128/2128 2112/2112/2112 
f 2128/2128/2128 2129/2129/2129 2112/2112/2112 
f 2112/2112/2112 2129/2129/2129 2114/2114/2114 
f 2129/2129/2129 2130/2130/2130 2114/2114/2114 
f 2114/2114/2114 2130/2130/2130 2116/2116/2116 
f 2130/2130/2130 2131/2131/2131 2116/2116/2116 
f 2116/2116/2116 2131/2131/2131 2118/2118/2118 
f 2131/2131/2131 2132/2132/2132 2118/2118/2118 
f 2118/2118/2118 2132/2132/2132 2120/2120/2120 
f 2132/2132/2132 2133/2133/2133 2120/2120/2120 
f 2120/2120/2120 2133/2133/2133 2133/2133/2133 
f 2133/2133/2133 2134/2134/2134 2133/2133/2133 
f 2133/2133/2133 2134/2134/2134 2134/2134/2134 
f 2134/2134/2134 2135/2135/2135 2134/2134/2134 
f 2134/2134/2134 2135/2135/2135 2136/2136/2136 
f 2135/2135/2135 2137/2137/2137 2136/2136/2136 
f 2136/2136/2136 2137/2137/2137 2138/2138/2138 
f 2137/2137/2137 2139/2139/2139 2138/2138/2138 
f 2138/2138/2138 2139/2139/2139 2140/2140/2140 
f 2139/2139/2139 2141/2141/2141 2140/2140/2140 
f 2140/2140/2140 2141/2141/2141 2142/2142/2142 
f 2141/2141/2141 2143/2143/2143 2142/2142/2142 
f 2142/2142/2142 2143/2143/2143 2144/2144/2144 
f 2143/2143/2143 2145/2145/2145 2144/2144/2144 
f 2144/2144/2144 2145/2145/2145 2146/2146/2146 
f 2145/2145/2145 2147/2147/2147 2146/2146/2146 
f 2146/2146/2146 2147/2147/2147 2148/2148/2148 
f 2147/2147/2147 2149/2149/2149 2148/2148/2148 
f 2148/2148/2148 2149/2149/2149 2150/2150/2150 
f 2149/2149/2149 2151/2151/2151 2150/2150/2150 
f 2150/2150/2150 2151/2151/2151 2152/2152/2152 
f 2151/2151/2151 2153/2153/2153 2152/2152/2152 
f 2152/2152/2152 2153/2153/2153 2154/2154/2154 
f 2153/2153/2153 2155/2155/2155 2154/2154/2154 
f 2154/2154/2154 2155/2155/2155 2156/2156/2156 
f 2155/2155/2155 2157/2157/2157 2156/2156/2156 
f 2156/2156/2156 2157/2157/2157 2158/2158/2158 
f 2157/2157/2157 2159/2159/2159 2158/2158/2158 
f 2158/2158/2158 2159/2159/2159 2159/2159/2159 
f 2159/2159/2159 2135/2135/2135 2159/2159/2159 
f 2159/2159/2159 2135/2135/2135 2135/2135/2135 
f 2135/2135/2135 2160/2160/2160 2135/2135/2135 
f 2135/2135/2135 2160/2160/2160 2137/2137/2137 
f 2160/2160/2160 2161/2161/2161 2137/2137/2137 
f 2137/2137/2137 2161/2161/2161 2139/2139/2139 
f 2161/2161/2161 2162/2162/2162 2139/2139/2139 
f 2139/2139/2139 2162/2162/2162 2141/2141/2141 
f 2162/2162/2162 2163/2163/2163 2141/2141/2141 
f 2141/2141/2141 2163/2163/2163 2143/2143/2143 
f 2163/2163/2163 2164/2164/2164 2143/2143/2143 
f 2143/2143/2143 2164/2164/2164 2145/2145/2145 
f 2164/2164/2164 2165/2165/2165 2145/2145/2145 
f 2145/2145/2145 2165/2165/2165 2147/2147/2147 
f 2165/2165/2165 2166/2166/2166 2147/2147/2147 
f 2147/2147/2147 2166/2166/2166 2149/2149/2149 
f 2166/2166/2166 2167/2167/2167 2149/2149/2149 
f 2149/2149/2149 2167/2167/2167 2151/2151/2151 
f 2167/2167/2167 2168/2168/2168 2151/2151/2151 
f 2151/2151/2151 2168/2168/2168 2153/2153/2153 
f 2168/2168/2168 2169/2169/2169 2153/2153/2153 
f 2153/2153/2153 2169/2169/2169 2155/2155/2155 
f 2169/2169/2169 2170/2170/2170 2155/2155/2155 
f 2155/2155/2155 2170/2170/2170 2157/2157/2157 
f 2170/2170/2170 2171/2171/2171 2157/2157/2157 
f 2157/2157/2157 2171/2171/2171 2159/2159/2159 
f 2171/2171/2171 2172/2172/2172 2159/2159/2159 
f 2159/2159/2159 2172/2172/2172 2172/2172/2172 
f 2172/2172/2172 2173/2173/2173 2172/2172/2172 
f 2172/2172/2172 2173/2173/2173 2173/2173/2173 
f 2173/2173/2173 2174/2174/2174 2173/2173/2173 
f 2173/2173/2173 2174/2174/2174 2175/2175/2175 
f 2174/2174/2174 2176/2176/2176 2175/2175/2175 
f 2175/2175/2175 2176/2176/2176 2177/2177/2177 
f 2176/2176/2176 2177/2177/2177 2177/2177/2177 
f 2177/2177/2177 2177/2177/2177 2177/2177/2177 
f 2177/2177/2177 2178/2178/2178 2177/2177/2177 
f 2177/2177/2177 2178/2178/2178 2175/2175/2175 
f 2178/2178/2178 2179/2179/2179 2175/2175/2175 
f 2175/2175/2175 2179/2179/2179 2180/2180/2180 
f 2179/2179/2179 2180/2180/2180 2180/2180/2180 
f 2180/2180/2180 2180/2180/2180 2180/2180/2180 
f 2180/2180/2180 2181/2181/2181 2180/2180/2180 
f 2180/2180/2180 2181/2181/2181 2175/2175/2175 
f 2181/2181/2181 2182/2182/2182 2175/2175/2175 
f 2175/2175/2175 2182/2182/2182 2183/2183/2183 
f 2182/2182/2182 2183/2183/2183 2183/2183/2183 
f 2183/2183/2183 2183/2183/2183 2184/2184/2184 
f 2183/2183/2183 2184/2184/2184 2184/2184/2184 
f 2184/2184/2184 2184/2184/2184 2184/2184/2184 
f 2184/2184/2184 2185/2185/2185 2184/2184/2184 
f 2184/2184/2184 2185/2185/2185 2186/2186/2186 
f 2185/2185/2185 2187/2187/2187 2186/2186/2186 
f 2186/2186/2186 2187/2187/2187 2188/2188/2188 
f 2187/2187/2187 2188/2188/2188 2188/2188/2188 
f 2188/2188/2188 2188/2188/2188 2188/2188/2188 
f 2188/2188/2188 2189/2189/2189 2188/2188/2188 
f 2188/2188/2188 2189/2189/2189 2186/2186/2186 
f 2189/2189/2189 2190/2190/2190 2186/2186/2186 
f 2186/2186/2186 2190/2190/2190 2191/2191/2191 
f 2190/2190/2190 2191/2191/2191 2191/2191/2191 
f 2191/2191/2191 2191/2191/2191 2191/2191/2191 
f 2191/2191/2191 2192/2192/2192 2191/2191/2191 
f 2191/2191/2191 2192/2192/2192 2186/2186/2186 
f 2192/2192/2192 2193/2193/2193 2186/2186/2186 
f 2186/2186/2186 2193/2193/2193 2194/2194/2194 
f 2193/2193/2193 2194/2194/2194 2194/2194/2194 
f 2194/2194/2194 2194/2194/2194 2195/2195/2195 
f 2194/2194/2194 2195/2195/2195 2195/2195/2195 
f 2195/2195/2195 2195/2195/2195 2195/2195/2195 
f 2195/2195/2195 2196/2196/2196 2195/2195/2195 
f 2195/2195/2195 2196/2196/2196 2197/2197/2197 
f 2196/2196/2196 2198/2198/2198 2197/2197/2197 
f 2197/2197/2197 2198/2198/2198 2198/2198/2198 
f 2198/2198/2198 2199/2199/2199 2198/2198/2198 
f 2198/2198/2198 2199/2199/2199 2199/2199/2199 
f 2199/2199/2199 2200/2200/2200 2199/2199/2199 
f 2199/2199/2199 2200/2200/2200 2201/2201/2201 
f 2200/2200/2200 2202/2202/2202 2201/2201/2201 
f 2201/2201/2201 2202/2202/2202 2202/2202/2202 
f 2202/2202/2202 2203/2203/2203 2202/2202/2202 
f 2202/2202/2202 2203/2203/2203 2203/2203/2203 
f 2203/2203/2203 2204/2204/2204 2203/2203/2203 
f 2203/2203/2203 2204/2204/2204 2205/2205/2205 
f 2204/2204/2204 2206/2206/2206 2205/2205/2205 
f 2205/2205/2205 2206/2206/2206 2207/2207/2207 
f 2206/2206/2206 2208/2208/2208 2207/2207/2207 
f 2207/2207/2207 2208/2208/2208 2209/2209/2209 
f 2208/2208/2208 2210/2210/2210 2209/2209/2209 
f 2209/2209/2209 2210/2210/2210 2211/2211/2211 
f 2210/2210/2210 2212/2212/2212 2211/2211/2211 
f 2211/2211/2211 2212/2212/2212 2213/2213/2213 
f 2212/2212/2212 2214/2214/2214 2213/2213/2213 
f 2213/2213/2213 2214/2214/2214 2215/2215/2215 
f 2214/2214/2214 2216/2216/2216 2215/2215/2215 
f 2215/2215/2215 2216/2216/2216 2217/2217/2217 
f 2216/2216/2216 2218/2218/2218 2217/2217/2217 
f 2217/2217/2217 2218/2218/2218 2219/2219/2219 
f 2218/2218/2218 2220/2220/2220 2219/2219/2219 
f 2219/2219/2219 2220/2220/2220 2221/2221/2221 
f 2220/2220/2220 2222/2222/2222 2221/2221/2221 
f 2221/2221/2221 2222/2222/2222 2223/2223/2223 
f 2222/2222/2222 2224/2224/2224 2223/2223/2223 
f 2223/2223/2223 2224/2224/2224 2225/2225/2225 
f 2224/2224/2224 2226/2226/2226 2225/2225/2225 
f 2225/2225/2225 2226/2226/2226 2227/2227/2227 
f 2226/2226/2226 2228/2228/2228 2227/2227/2227 
f 2227/2227/2227 2228/2228/2228 2228/2228/2228 
f 2228/2228/2228 2229/2229/2229 2228/2228/2228 
f 2228/2228/2228 2229/2229/2229 2229/2229/2229 
f 2229/2229/2229 2230/2230/2230 2229/2229/2229 
f 2229/2229/2229 2230/2230/2230 2231/2231/2231 
f 2230/2230/2230 2232/2232/2232 2231/2231/2231 
f 2231/2231/2231 2232/2232/2232 2233/2233/2233 
f 2232/2232/2232 2234/2234/2234 2233/2233/2233 
f 2233/2233/2233 2234/2234/2234 2235/2235/2235 
f 2234/2234/2234 2236/2236/2236 2235/2235/2235 
f 2235/2235/2235 2236/2236/2236 2237/2237/2237 
f 2236/2236/2236 2238/2238/2238 2237/2237/2237 
f 2237/2237/2237 2238/2238/2238 2239/2239/2239 
f 2238/2238/2238 2240/2240/2240 2239/2239/2239 
f 2239/2239/2239 2240/2240/2240 2241/2241/2241 
f 2240/2240/2240 2242/2242/2242 2241/2241/2241 
f 2241/2241/2241 2242/2242/2242 2243/2243/2243 
f 2242/2242/2242 2244/2244/2244 2243/2243/2243 
f 2243/2243/2243 2244/2244/2244 2245/2245/2245 
f 2244/2244/2244 2246/2246/2246 2245/2245/2245 
f 2245/2245/2245 2246/2246/2246 2247/2247/2247 
f 2246/2246/2246 2248/2248/2248 2247/2247/2247 
f 2247/2247/2247 2248/2248/2248 2249/2249/2249 
f 2248/2248/2248 2250/2250/2250 2249/2249/2249 
f 2249/2249/2249 2250/2250/2250 2251/2251/2251 
f 2250/2250/2250 2252/2252/2252 2251/2251/2251 
f 2251/2251/2251 2252/2252/2252 2253/2253/2253 
f 2252/2252/2252 2254/2254/2254 2253/2253/2253 
f 2253/2253/2253 2254/2254/2254 2254/2254/2254 
f 2254/2254/2254 2255/2255/2255 2254/2254/2254 
f 2254/2254/2254 2255/2255/2255 2255/2255/2255 
f 2255/2255/2255 2256/2256/2256 2255/2255/2255 
f 2255/2255/2255 2256/2256/2256 2257/2257/2257 
f 2256/2256/2256 2258/2258/2258 2257/2257/2257 
f 2257/2257/2257 2258/2258/2258 2259/2259/2259 
f 2258/2258/2258 2260/2260/2260 2259/2259/2259 
f 2259/2259/2259 2260/2260/2260 2261/2261/2261 
f 2260/2260/2260 2262/2262/2262 2261/2261/2261 
f 2261/2261/2261 2262/2262/2262 2263/2263/2263 
f 2262/2262/2262 2264/2264/2264 2263/2263/2263 
f 2263/2263/2263 2264/2264/2264 2265/2265/2265 
f 2264/2264/2264 2266/2266/2266 2265/2265/2265 
f 2265/2265/2265 2266/2266/2266 2267/2267/2267 
f 2266/2266/2266 2268/2268/2268 2267/2267/2267 
f 2267/2267/2267 2268/2268/2268 2269/2269/2269 
f 2268/2268/2268 2270/2270/2270 2269/2269/2269 
f 2269/2269/2269 2270/2270/2270 2271/2271/2271 
f 2270/2270/2270 2272/2272/2272 2271/2271/2271 
f 2271/2271/2271 2272/2272/2272 2273/2273/2273 
f 2272/2272/2272 2274/2274/2274 2273/2273/2273 
f 2273/2273/2273 2274/2274/2274 2275/2275/2275 
f 2274/2274/2274 2276/2276/2276 2275/2275/2275 
f 2275/2275/2275 2276/2276/2276 2277/2277/2277 
f 2276/2276/2276 2278/2278/2278 2277/2277/2277 
f 2277/2277/2277 2278/2278/2278 2279/2279/2279 
f 2278/2278/2278 2280/2280/2280 2279/2279/2279 
f 2279/2279/2279 2280/2280/2280 2280/2280/2280 
f 2280/2280/2280 2281/2281/2281 2280/2280/2280 
f 2280/2280/2280 2281/2281/2281 2281/2281/2281 
f 2281/2281/2281 2282/2282/2282 2281/2281/2281 
f 2281/2281/2281 2282/2282/2282 2283/2283/2283 
f 2282/2282/2282 2284/2284/2284 2283/2283/2283 
f 2283/2283/2283 2284/2284/2284 2285/2285/2285 
f 2284/2284/2284 2286/2286/2286 2285/2285/2285 
f 2285/2285/2285 2286/2286/2286 2287/2287/2287 
f 2286/2286/2286 2288/2288/2288 2287/2287/2287 
f 2287/2287/2287 2288/2288/2288 2289/2289/2289 
f 2288/2288/2288 2290/2290/2290 2289/2289/2289 
f 2289/2289/2289 2290/2290/2290 2291/2291/2291 
f 2290/2290/2290 2292/2292/2292 2291/2291/2291 
f 2291/2291/2291 2292/2292/2292 2293/2293/2293 
f 2292/2292/2292 2294/2294/2294 2293/2293/2293 
f 2293/2293/2293 2294/2294/2294 2295/2295/2295 
f 2294/2294/2294 2296/2296/2296 2295/2295/2295 
f 2295/2295/2295 2296/2296/2296 2297/2297/2297 
f 2296/2296/2296 2298/2298/2298 2297/2297/2297 
f 2297/2297/2297 2298/2298/2298 2299/2299/2299 
f 2298/2298/2298 2300/2300/2300 2299/2299/2299 
f 2299/2299/2299 2300/2300/2300 2301/2301/2301 
f 2300/2300/2300 2302/2302/2302 2301/2301/2301 
f 2301/2301/2301 2302/2302/2302 2303/2303/2303 
f 2302/2302/2302 2304/2304/2304 2303/2303/2303 
f 2303/2303/2303 2304/2304/2304 2305/2305/2305 
f 2304/2304/2304 2306/2306/2306 2305/2305/2305 
f 2305/2305/2305 2306/2306/2306 2306/2306/2306 
f 2306/2306/2306 2282/2282/2282 2306/2306/2306 
f 2306/2306/2306 2282/2282/2282 2282/2282/2282 
f 2282/2282/2282 2307/2307/2307 2282/2282/2282 
f 2282/2282/2282 2307/2307/2307 2284/2284/2284 
f 2307/2307/2307 2308/2308/2308 2284/2284/2284 
f 2284/2284/2284 2308/2308/2308 2286/2286/2286 
f 2308/2308/2308 2309/2309/2309 2286/2286/2286 
f 2286/2286/2286 2309/2309/2309 2288/2288/2288 
f 2309/2309/2309 2310/2310/2310 2288/2288/2288 
f 2288/2288/2288 2310/2310/2310 2290/2290/2290 
f 2310/2310/2310 2311/2311/2311 2290/2290/2290 
f 2290/2290/2290 2311/2311/2311 2292/2292/2292 
f 2311/2311/2311 2312/2312/2312 2292/2292/2292 
f 2292/2292/2292 2312/2312/2312 2294/2294/2294 
f 2312/2312/2312 2313/2313/2313 2294/2294/2294 
f 2294/2294/2294 2313/2313/2313 2296/2296/2296 
f 2313/2313/2313 2314/2314/2314 2296/2296/2296 
f 2296/2296/2296 2314/2314/2314 2298/2298/2298 
f 2314/2314/2314 2315/2315/2315 2298/2298/2298 
f 2298/2298/2298 2315/2315/2315 2300/2300/2300 
f 2315/2315/2315 2316/2316/2316 2300/2300/2300 
f 2300/2300/2300 2316/2316/2316 2302/2302/2302 
f 2316/2316/2316 2317/2317/2317 2302/2302/2302 
f 2302/2302/2302 2317/2317/2317 2304/2304/2304 
f 2317/2317/2317 2318/2318/2318 2304/2304/2304 
f 2304/2304/2304 2318/2318/2318 2306/2306/2306 
f 2318/2318/2318 2319/2319/2319 2306/2306/2306 
f 2306/2306/2306 2319/2319/2319 2319/2319/2319 
f 2319/2319/2319 2320/2320/2320 2319/2319/2319 
f 2319/2319/2319 2320/2320/2320 2320/2320/2320 
f 2320/2320/2320 2321/2321/2321 2320/2320/2320 
f 2320/2320/2320 2321/2321/2321 2322/2322/2322 
f 2321/2321/2321 2323/2323/2323 2322/2322/2322 
f 2322/2322/2322 2323/2323/2323 2324/2324/2324 
f 2323/2323/2323 2324/2324/2324 2324/2324/2324 
f 2324/2324/2324 2324/2324/2324 2324/2324/2324 
f 2324/2324/2324 2325/2325/2325 2324/2324/2324 
f 2324/2324/2324 2325/2325/2325 2322/2322/2322 
f 2325/2325/2325 2326/2326/2326 2322/2322/2322 
f 2322/2322/2322 2326/2326/2326 2327/2327/2327 
f 2326/2326/2326 2327/2327/2327 2327/2327/2327 
f 2327/2327/2327 2327/2327/2327 2327/2327/2327 
f 2327/2327/2327 2328/2328/2328 2327/2327/2327 
f 2327/2327/2327 2328/2328/2328 2322/2322/2322 
f 2328/2328/2328 2329/2329/2329 2322/2322/2322 
f 2322/2322/2322 2329/2329/2329 2330/2330/2330 
f 2329/2329/2329 2330/2330/2330 2330/2330/2330 
f 2330/2330/2330 2330/2330/2330 2331/2331/2331 
f 2330/2330/2330 2331/2331/2331 2331/2331/2331 
f 2331/2331/2331 2331/2331/2331 2331/2331/2331 
f 2331/2331/2331 2332/2332/2332 2331/2331/2331 
f 2331/2331/2331 2332/2332/2332 2333/2333/2333 
f 2332/2332/2332 2334/2334/2334 2333/2333/2333 
f 2333/2333/2333 2334/2334/2334 2335/2335/2335 
f 2334/2334/2334 2336/2336/2336 2335/2335/2335 
f 2335/2335/2335 2336/2336/2336 2337/2337/2337 
f 2336/2336/2336 2338/2338/2338 2337/2337/2337 
f 2337/2337/2337 2338/2338/2338 2339/2339/2339 
f 2338/2338/2338 2340/2340/2340 2339/2339/2339 
f 2339/2339/2339 2340/2340/2340 2341/2341/2341 
f 2340/2340/2340 2342/2342/2342 2341/2341/2341 
f 2341/2341/2341 2342/2342/2342 2343/2343/2343 
f 2342/2342/2342 2344/2344/2344 2343/2343/2343 
f 2343/2343/2343 2344/2344/2344 2345/2345/2345 
f 2344/2344/2344 2346/2346/2346 2345/2345/2345 
f 2345/2345/2345 2346/2346/2346 2347/2347/2347 
f 2346/2346/2346 2348/2348/2348 2347/2347/2347 
f 2347/2347/2347 2348/2348/2348 2349/2349/2349 
f 2348/2348/2348 2350/2350/2350 2349/2349/2349 
f 2349/2349/2349 2350/2350/2350 2351/2351/2351 
f 2350/2350/2350 2352/2352/2352 2351/2351/2351 
f 2351/2351/2351 2352/2352/2352 2353/2353/2353 
f 2352/2352/2352 2354/2354/2354 2353/2353/2353 
f 2353/2353/2353 2354/2354/2354 2355/2355/2355 
f 2354/2354/2354 2356/2356/2356 2355/2355/2355 
f 2355/2355/2355 2356/2356/2356 2356/2356/2356 
f 2356/2356/2356 2332/2332/2332 2356/2356/2356 
f 2356/2356/2356 2332/2332/2332 2332/2332/2332 
f 2332/2332/2332 2357/2357/2357 2332/2332/2332 
f 2332/2332/2332 2357/2357/2357 2334/2334/2334 
f 2357/2357/2357 2358/2358/2358 2334/2334/2334 
f 2334/2334/2334 2358/2358/2358 2336/2336/2336 
f 2358/2358/2358 2359/2359/2359 2336/2336/2336 
f 2336/2336/2336 2359/2359/2359 2338/2338/2338 
f 2359/2359/2359 2360/2360/2360 2338/2338/2338 
f 2338/2338/2338 2360/2360/2360 2340/2340/2340 
f 2360/2360/2360 2361/2361/2361 2340/2340/2340 
f 2340/2340/2340 2361/2361/2361 2342/2342/2342 
f 2361/2361/2361 2362/2362/2362 2342/2342/2342 
f 2342/2342/2342 2362/2362/2362 2344/2344/2344 
f 2362/2362/2362 2363/2363/2363 2344/2344/2344 
f 2344/2344/2344 2363/2363/2363 2346/2346/2346 
f 2363/2363/2363 2364/2364/2364 2346/2346/2346 
f 2346/2346/2346 2364/2364/2364 2348/2348/2348 
f 2364/2364/2364 2365/2365/2365 2348/2348/2348 
f 2348/2348/2348 2365/2365/2365 2350/2350/2350 
f 2365/2365/2365 2366/2366/2366 2350/2350/2350 
f 2350/2350/2350 2366/2366/2366 2352/2352/2352 
f 2366/2366/2366 2367/2367/2367 2352/2352/2352 
f 2352/2352/2352 2367/2367/2367 2354/2354/2354 
f 2367/2367/2367 2368/2368/2368 2354/2354/2354 
f 2354/2354/2354 2368/2368/2368 2356/2356/2356 
f 2368/2368/2368 2369/2369/2369 2356/2356/2356 
f 2356/2356/2356 2369/2369/2369 2369/2369/2369 
f 2369/2369/2369 2370/2370/2370 2369/2369/2369 
f 2369/2369/2369 2370/2370/2370 2370/2370/2370 
f 2370/2370/2370 2371/2371/2371 2370/2370/2370 
f 2370/2370/2370 2371/2371/2371 2372/2372/2372 
f 2371/2371/2371 2373/2373/2373 2372/2372/2372 
f 2372/2372/2372 2373/2373/2373 2373/2373/2373 
f 2373/2373/2373 2374/2374/2374 2373/2373/2373 
f 2373/2373/2373 2374/2374/2374 2374/2374/2374 
f 2374/2374/2374 2375/2375/2375 2374/2374/2374 
f 2374/2374/2374 2375/2375/2375 2376/2376/2376 
f 2375/2375/2375 2377/2377/2377 2376/2376/2376 
f 2376/2376/2376 2377/2377/2377 2378/2378/2378 
f 2377/2377/2377 2378/2378/2378 2378/2378/2378 
f 2378/2378/2378 2378/2378/2378 2378/2378/2378 
f 2378/2378/2378 2379/2379/2379 2378/2378/2378 
f 2378/2378/2378 2379/2379/2379 2376/2376/2376 
f 2379/2379/2379 2380/2380/2380 2376/2376/2376 
f 2376/2376/2376 2380/2380/2380 2381/2381/2381 
f 2380/2380/2380 2381/2381/2381 2381/2381/2381 
f 2381/2381/2381 2381/2381/2381 2381/2381/2381 
f 2381/2381/2381 2382/2382/2382 2381/2381/2381 
f 2381/2381/2381 2382/2382/2382 2376/2376/2376 
f 2382/2382/2382 2383/2383/2383 2376/2376/2376 
f 2376/2376/2376 2383/2383/2383 2384/2384/2384 
f 2383/2383/2383 2384/2384/2384 2384/2384/2384 
f 2384/2384/2384 2384/2384/2384 2385/2385/2385 
f 2384/2384/2384 2385/2385/2385 2385/2385/2385 
f 2385/2385/2385 2385/2385/2385 2385/2385/2385 
f 2385/2385/2385 2386/2386/2386 2385/2385/2385 
f 2385/2385/2385 2386/2386/2386 2387/2387/2387 
f 2386/2386/2386 2388/2388/2388 2387/2387/2387 
f 2387/2387/2387 2388/2388/2388 2388/2388/2388 
f 2388/2388/2388 2389/2389/2389 2388/2388/2388 
f 2388/2388/2388 2389/2389/2389 2389/2389/2389 
f 2389/2389/2389 2390/2390/2390 2389/2389/2389 
f 2389/2389/2389 2390/2390/2390 2391/2391/2391 
f 2390/2390/2390 2392/2392/2392 2391/2391/2391 
f 2391/2391/2391 2392/2392/2392 2393/2393/2393 
f 2392/2392/2392 2394/2394/2394 2393/2393/2393 
f 2393/2393/2393 2394/2394/2394 2395/2395/2395 
f 2394/2394/2394 2396/2396/2396 2395/2395/2395 
f 2395/2395/2395 2396/2396/2396 2397/2397/2397 
f 2396/2396/2396 2398/2398/2398 2397/2397/2397 
f 2397/2397/2397 2398/2398/2398 2399/2399/2399 
f 2398/2398/2398 2400/2400/2400 2399/2399/2399 
f 2399/2399/2399 2400/2400/2400 2401/2401/2401 
f 2400/2400/2400 2402/2402/2402 2401/2401/2401 
f 2401/2401/2401 2402/2402/2402 2403/2403/2403 
f 2402/2402/2402 2404/2404/2404 2403/2403/2403 
f 2403/2403/2403 2404/2404/2404 2405/2405/2405 
f 2404/2404/2404 2406/2406/2406 2405/2405/2405 
f 2405/2405/2405 2406/2406/2406 2407/2407/2407 
f 2406/2406/2406 2408/2408/2408 2407/2407/2407 
f 2407/2407/2407 2408/2408/2408 2409/2409/2409 
f 2408/2408/2408 2410/2410/2410 2409/2409/2409 
f 2409/2409/2409 2410/2410/2410 2411/2411/2411 
f 2410/2410/2410 2412/2412/2412 2411/2411/2411 
f 2411/2411/2411 2412/2412/2412 2413/2413/2413 
f 2412/2412/2412 2414/2414/2414 2413/2413/2413 
f 2413/2413/2413 2414/2414/2414 2414/2414/2414 
f 2414/2414/2414 2415/2415/2415 2414/2414/2414 
f 2414/2414/2414 2415/2415/2415 2415/2415/2415 
f 2415/2415/2415 2416/2416/2416 2415/2415/2415 
f 2415/2415/2415 2416/2416/2416 2417/2417/2417 
f 2416/2416/2416 2418/2418/2418 2417/2417/2417 
f 2417/2417/2417 2418/2418/2418 2419/2419/2419 
f 2418/2418/2418 2420/2420/2420 2419/2419/2419 
f 2419/2419/2419 2420/2420/2420 2421/2421/2421 
f 2420/2420/2420 2422/2422/2422 2421/2421/2421 
f 2421/2421/2421 2422/2422/2422 2423/2423/2423 
f 2422/2422/2422 2424/2424/2424 2423/2423/2423 
f 2423/2423/2423 2424/2424/2424 2425/2425/2425 
f 2424/2424/2424 2426/2426/2426 2425/2425/2425 
f 2425/2425/2425 2426/2426/2426 2427/2427/2427 
f 2426/2426/2426 2428/2428/2428 2427/2427/2427 
f 2427/2427/2427 2428/2428/2428 2429/2429/2429 
f 2428/2428/2428 2430/2430/2430 2429/2429/2429 
f 2429/2429/2429 2430/2430/2430 2431/2431/2431 
f 2430/2430/2430 2432/2432/2432 2431/2431/2431 
f 2431/2431/2431 2432/2432/2432 2433/2433/2433 
f 2432/2432/2432 2434/2434/2434 2433/2433/2433 
f 2433/2433/2433 2434/2434/2434 2435/2435/2435 
f 2434/2434/2434 2436/2436/2436 2435/2435/2435 
f 2435/2435/2435 2436/2436/2436 2437/2437/2437 
f 2436/2436/2436 2438/2438/2438 2437/2437/2437 
f 2437/2437/2437 2438/2438/2438 2439/2439/2439 
f 2438/2438/2438 2440/2440/2440 2439/2439/2439 
f 2439/2439/2439 2440/2440/2440 2440/2440/2440 
f 2440/2440/2440 2416/2416/2416 2440/2440/2440 
f 2440/2440/2440 2416/2416/2416 2416/2416/2416 
f 2416/2416/2416 2441/2441/2441 2416/2416/2416 
f 2416/2416/2416 2441/2441/2441 2418/2418/2418 
f 2441/2441/2441 2442/2442/2442 2418/2418/2418 
f 2418/2418/2418 2442/2442/2442 2420/2420/2420 
f 2442/2442/2442 2443/2443/2443 2420/2420/2420 
f 2420/2420/2420 2443/2443/2443 2422/2422/2422 
f 2443/2443/2443 2444/2444/2444 2422/2422/2422 
f 2422/2422/2422 2444/2444/2444 2424/2424/2424 
f 2444/2444/2444 2445/2445/2445 2424/2424/2424 
f 2424/2424/2424 2445/2445/2445 2426/2426/2426 
f 2445/2445/2445 2446/2446/2446 2426/2426/2426 
f 2426/2426/2426 2446/2446/2446 2428/2428/2428 
f 2446/2446/2446 2447/2447/2447 2428/2428/2428 
f 2428/2428/2428 2447/2447/2447 2430/2430/2430 
f 2447/2447/2447 2448/2448/2448 2430/2430/2430 
f 2430/2430/2430 2448/2448/2448 2432/2432/2432 
f 2448/2448/2448 2449/2449/2449 2432/2432/2432 
f 2432/2432/2432 2449/2449/2449 2434/2434/2434 
f 2449/2449/2449 2450/2450/2450 2434/2434/2434 
f 2434/2434/2434 2450/2450/2450 2436/2436/2436 
f 2450/2450/2450 2451/2451/2451 2436/2436/2436 
f 2436/2436/2436 2451/2451/2451 2438/2438/2438 
f 2451/2451/2451 2452/2452/2452 2438/2438/2438 
f 2438/2438/2438 2452/2452/2452 2440/2440/2440 
f 2452/2452/2452 2453/2453/2453 2440/2440/2440 
f 2440/2440/2440 2453/2453/2453 2453/2453/2453 
f 2453/2453/2453 2454/2454/2454 2453/2453/2453 
f 2453/2453/2453 2454/2454/2454 2454/2454/2454 
f 2454/2454/2454 2455/2455/2455 2454/2454/2454 
f 2454/2454/2454 2455/2455/2455 2456/2456/2456 
f 2455/2455/2455 2457/2457/2457 2456/2456/2456 
f 2456/2456/2456 2457/2457/2457 2457/2457/2457 
f 2457/2457/2457 2458/2458/2458 2457/2457/2457 
f 2457/2457/2457 2458/2458/2458 2458/2458/2458 
f 2458/2458/2458 2459/2459/2459 2458/2458/2458 
f 2458/2458/2458 2459/2459/2459 2460/2460/2460 
f 2459/2459/2459 2461/2461/2461 2460/2460/2460 
f 2460/2460/2460 2461/2461/2461 2461/2461/2461 
f 2461/2461/2461 2462/2462/2462 2461/2461/2461 
f 2461/2461/2461 2462/2462/2462 2462/2462/2462 
f 2462/2462/2462 2463/2463/2463 2462/2462/2462 
f 2462/2462/2462 2463/2463/2463 2464/2464/2464 
f 2463/2463/2463 2465/2465/2465 2464/2464/2464 
f 2464/2464/2464 2465/2465/2465 2466/2466/2466 
f 2465/2465/2465 2467/2467/2467 2466/2466/2466 
f 2466/2466/2466 2467/2467/2467 2468/2468/2468 
f 2467/2467/2467 2469/2469/2469 2468/2468/2468 
f 2468/2468/2468 2469/2469/2469 2470/2470/2470 
f 2469/2469/2469 2471/2471/2471 2470/2470/2470 
f 2470/2470/2470 2471/2471/2471 2472/2472/2472 
f 2471/2471/2471 2473/2473/2473 2472/2472/2472 
f 2472/2472/2472 2473/2473/2473 2474/2474/2474 
f 2473/2473/2473 2475/2475/2475 2474/2474/2474 
f 2474/2474/2474 2475/2475/2475 2476/2476/2476 
f 2475/2475/2475 2477/2477/2477 2476/2476/2476 
f 2476/2476/2476 2477/2477/2477 2478/2478/2478 
f 2477/2477/2477 2479/2479/2479 2478/2478/2478 
f 2478/2478/2478 2479/2479/2479 2480/2480/2480 
f 2479/2479/2479 2481/2481/2481 2480/2480/2480 
f 2480/2480/2480 2481/2481/2481 2482/2482/2482 
f 2481/2481/2481 2483/2483/2483 2482/2482/2482 
f 2482/2482/2482 2483/2483/2483 2484/2484/2484 
f 2483/2483/2483 2485/2485/2485 2484/2484/2484 
f 2484/2484/2484 2485/2485/2485 2486/2486/2486 
f 2485/2485/2485 2487/2487/2487 2486/2486/2486 
f 2486/2486/2486 2487/2487/2487 2487/2487/2487 
f 2487/2487/2487 2463/2463/2463 2487/2487/2487 
f 2487/2487/2487 2463/2463/2463 2463/2463/2463 
f 2463/2463/2463 2488/2488/2488 2463/2463/2463 
f 2463/2463/2463 2488/2488/2488 2465/2465/2465 
f 2488/2488/2488 2489/2489/2489 2465/2465/2465 
f 2465/2465/2465 2489/2489/2489 2467/2467/2467 
f 2489/2489/2489 2490/2490/2490 2467/2467/2467 
f 2467/2467/2467 2490/2490/2490 2469/2469/2469 
f 2490/2490/2490 2491/2491/2491 2469/2469/2469 
f 2469/2469/2469 2491/2491/2491 2471/2471/2471 
f 2491/2491/2491 2492/2492/2492 2471/2471/2471 
f 2471/2471/2471 2492/2492/2492 2473/2473/2473 
f 2492/2492/2492 2493/2493/2493 2473/2473/2473 
f 2473/2473/2473 2493/2493/2493 2475/2475/2475 
f 2493/2493/2493 2494/2494/2494 2475/2475/2475 
f 2475/2475/2475 2494/2494/2494 2477/2477/2477 
f 2494/2494/2494 2495/2495/2495 2477/2477/2477 
f 2477/2477/2477 2495/2495/2495 2479/2479/2479 
f 2495/2495/2495 2496/2496/2496 2479/2479/2479 
f 2479/2479/2479 2496/2496/2496 2481/2481/2481 
f 2496/2496/2496 2497/2497/2497 2481/2481/2481 
f 2481/2481/2481 2497/2497/2497 2483/2483/2483 
f 2497/2497/2497 2498/2498/2498 2483/2483/2483 
f 2483/2483/2483 2498/2498/2498 2485/2485/2485 
f 2498/2498/2498 2499/2499/2499 2485/2485/2485 
f 2485/2485/2485 2499/2499/2499 2487/2487/2487 
f 2499/2499/2499 2500/2500/2500 2487/2487/2487 
f 2487/2487/2487 2500/2500/2500 2500/2500/2500 
f 2500/2500/2500 2501/2501/2501 2500/2500/2500 
f 2500/2500/2500 2501/2501/2501 2501/2501/2501 
f 2501/2501/2501 2502/2502/2502 2501/2501/2501 
f 2501/2501/2501 2502/2502/2502 2503/2503/2503 
f 2502/2502/2502 2504/2504/2504 2503/2503/2503 
f 2503/2503/2503 2504/2504/2504 2505/2505/2505 
f 2504/2504/2504 2506/2506/2506 2505/2505/2505 
f 2505/2505/2505 2506/2506/2506 2507/2507/2507 
f 2506/2506/2506 2508/2508/2508 2507/2507/2507 
f 2507/2507/2507 2508/2508/2508 2509/2509/2509 
f 2508/2508/2508 2510/2510/2510 2509/2509/2509 
f 2509/2509/2509 2510/2510/2510 2511/2511/2511 
f 2510/2510/2510 2512/2512/2512 2511/2511/2511 
f 2511/2511/2511 2512/2512/2512 2513/2513/2513 
f 2512/2512/2512 2514/2514/2514 2513/2513/2513 
f 2513/2513/2513 2514/2514/2514 2515/2515/2515 
f 2514/2514/2514 2516/2516/2516 2515/2515/2515 
f 2515/2515/2515 2516/2516/2516 2517/2517/2517 
f 2516/2516/2516 2518/2518/2518 2517/2517/2517 
f 2517/2517/2517 2518/2518/2518 2519/2519/2519 
f 2518/2518/2518 2520/2520/2520 2519/2519/2519 
f 2519/2519/2519 2520/2520/2520 2521/2521/2521 
f 2520/2520/2520 2522/2522/2522 2521/2521/2521 
f 2521/2521/2521 2522/2522/2522 2523/2523/2523 
f 2522/2522/2522 2524/2524/2524 2523/2523/2523 
f 2523/2523/2523 2524/2524/2524 2525/2525/2525 
f 2524/2524/2524 2526/2526/2526 2525/2525/2525 
f 2525/2525/2525 2526/2526/2526 2526/2526/2526 
f 2526/2526/2526 2502/2502/2502 2526/2526/2526 
f 2526/2526/2526 2502/2502/2502 2502/2502/2502 
f 2502/2502/2502 2527/2527/2527 2502/2502/2502 
f 2502/2502/2502 2527/2527/2527 2504/2504/2504 
f 2527/2527/2527 2528/2528/2528 2504/2504/2504 
f 2504/2504/2504 2528/2528/2528 2506/2506/2506 
f 2528/2528/2528 2529/2529/2529 2506/2506/2506 
f 2506/2506/2506 2529/2529/2529 2508/2508/2508 
f 2529/2529/2529 2530/2530/2530 2508/2508/2508 
f 2508/2508/2508 2530/2530/2530 2510/2510/2510 
f 2530/2530/2530 2531/2531/2531 2510/2510/2510 
f 2510/2510/2510 2531/2531/2531 2512/2512/2512 
f 2531/2531/2531 2532/2532/2532 2512/2512/2512 
f 2512/2512/2512 2532/2532/2532 2514/2514/2514 
f 2532/2532/2532 2533/2533/2533 2514/2514/2514 
f 2514/2514/2514 2533/2533/2533 2516/2516/2516 
f 2533/2533/2533 2534/2534/2534 2516/2516/2516 
f 2516/2516/2516 2534/2534/2534 2518/2518/2518 
f 2534/2534/2534 2535/2535/2535 2518/2518/2518 
f 2518/2518/2518 2535/2535/2535 2520/2520/2520 
f 2535/2535/2535 2536/2536/2536 2520/2520/2520 
f 2520/2520/2520 2536/2536/2536 2522/2522/2522 
f 2536/2536/2536 2537/2537/2537 2522/2522/2522 
f 2522/2522/2522 2537/2537/2537 2524/2524/2524 
f 2537/2537/2537 2538/2538/2538 2524/2524/2524 
f 2524/2524/2524 2538/2538/2538 2526/2526/2526 
f 2538/2538/2538 2539/2539/2539 2526/2526/2526 
f 2526/2526/2526 2539/2539/2539 2539/2539/2539 
f 2539/2539/2539 2540/2540/2540 2539/2539/2539 
f 2539/2539/2539 2540/2540/2540 2540/2540/2540 
f 2540/2540/2540 2541/2541/2541 2540/2540/2540 
f 2540/2540/2540 2541/2541/2541 2542/2542/2542 
f 2541/2541/2541 2543/2543/2543 2542/2542/2542 
f 2542/2542/2542 2543/2543/2543 2544/2544/2544 
f 2543/2543/2543 2544/2544/2544 2544/2544/2544 
f 2544/2544/2544 2544/2544/2544 2544/2544/2544 
f 2544/2544/2544 2545/2545/2545 2544/2544/2544 
f 2544/2544/2544 2545/2545/2545 2542/2542/2542 
f 2545/2545/2545 2546/2546/2546 2542/2542/2542 
f 2542/2542/2542 2546/2546/2546 2547/2547/2547 
f 2546/2546/2546 2547/2547/2547 2547/2547/2547 
f 2547/2547/2547 2547/2547/2547 2547/2547/2547 
f 2547/2547/2547 2548/2548/2548 2547/2547/2547 
f 2547/2547/2547 2548/2548/2548 2542/2542/2542 
f 2548/2548/2548 2549/2549/2549 2542/2542/2542 
f 2542/2542/2542 2549/2549/2549 2550/2550/2550 
f 2549/2549/2549 2550/2550/2550 2550/2550/2550 
f 2550/2550/2550 2550/2550/2550 2551/2551/2551 
f 2550/2550/2550 2551/2551/2551 2551/2551/2551 
f 2551/2551/2551 2551/2551/2551 2551/2551/2551 
f 2551/2551/2551 2552/2552/2552 2551/2551/2551 
f 2551/2551/2551 2552/2552/2552 2553/2553/2553 
f 2552/2552/2552 2554/2554/2554 2553/2553/2553 
f 2553/2553/2553 2554/2554/2554 2555/2555/2555 
f 2554/2554/2554 2556/2556/2556 2555/2555/2555 
f 2555/2555/2555 2556/2556/2556 2557/2557/2557 
f 2556/2556/2556 2558/2558/2558 2557/2557/2557 
f 2557/2557/2557 2558/2558/2558 2559/2559/2559 
f 2558/2558/2558 2560/2560/2560 2559/2559/2559 
f 2559/2559/2559 2560/2560/2560 2561/2561/2561 
f 2560/2560/2560 2562/2562/2562 2561/2561/2561 
f 2561/2561/2561 2562/2562/2562 2563/2563/2563 
f 2562/2562/2562 2564/2564/2564 2563/2563/2563 
f 2563/2563/2563 2564/2564/2564 2565/2565/2565 
f 2564/2564/2564 2566/2566/2566 2565/2565/2565 
f 2565/2565/2565 2566/2566/2566 2567/2567/2567 
f 2566/2566/2566 2568/2568/2568 2567/2567/2567 
f 2567/2567/2567 2568/2568/2568 2569/2569/2569 
f 2568/2568/2568 2570/2570/2570 2569/2569/2569 
f 2569/2569/2569 2570/2570/2570 2571/2571/2571 
f 2570/2570/2570 2572/2572/2572 2571/2571/2571 
f 2571/2571/2571 2572/2572/2572 2573/2573/2573 
f 2572/2572/2572 2574/2574/2574 2573/2573/2573 
f 2573/2573/2573 2574/2574/2574 2575/2575/2575 
f 2574/2574/2574 2576/2576/2576 2575/2575/2575 
f 2575/2575/2575 2576/2576/2576 2576/2576/2576 
f 2576/2576/2576 2552/2552/2552 2576/2576/2576 
f 2576/2576/2576 2552/2552/2552 2552/2552/2552 
f 2552/2552/2552 2577/2577/2577 2552/2552/2552 
f 2552/2552/2552 2577/2577/2577 2554/2554/2554 
f 2577/2577/2577 2578/2578/2578 2554/2554/2554 
f 2554/2554/2554 2578/2578/2578 2556/2556/2556 
f 2578/2578/2578 2579/2579/2579 2556/2556/2556 
f 2556/2556/2556 2579/2579/2579 2558/2558/2558 
f 2579/2579/2579 2580/2580/2580 2558/2558/2558 
f 2558/2558/2558 2580/2580/2580 2560/2560/2560 
f 2580/2580/2580 2581/2581/2581 2560/2560/2560 
f 2560/2560/2560 2581/2581/2581 2562/2562/2562 
f 2581/2581/2581 2582/2582/2582 2562/2562/2562 
f 2562/2562/2562 2582/2582/2582 2564/2564/2564 
f 2582/2582/2582 2583/2583/2583 2564/2564/2564 
f 2564/2564/2564 2583/2583/2583 2566/2566/2566 
f 2583/2583/2583 2584/2584/2584 2566/2566/2566 
f 2566/2566/2566 2584/2584/2584 2568/2568/2568 
f 2584/2584/2584 2585/2585/2585 2568/2568/2568 
f 2568/2568/2568 2585/2585/2585 2570/2570/2570 
f 2585/2585/2585 2586/2586/2586 2570/2570/2570 
f 2570/2570/2570 2586/2586/2586 2572/2572/2572 
f 2586/2586/2586 2587/2587/2587 2572/2572/2572 
f 2572/2572/2572 2587/2587/2587 2574/2574/2574 
f 2587/2587/2587 2588/2588/2588 2574/2574/2574 
f 2574/2574/2574 2588/2588/2588 2576/2576/2576 
f 2588/2588/2588 2589/2589/2589 2576/2576/2576 
f 2576/2576/2576 2589/2589/2589 2589/2589/2589 
f 2589/2589/2589 2590/2590/2590 2589/2589/2589 
f 2589/2589/2589 2590/2590/2590 2590/2590/2590 
f 2590/2590/2590 2591/2591/2591 2590/2590/2590 
f 2590/2590/2590 2591/2591/2591 2592/2592/2592 
f 2591/2591/2591 2593/2593/2593 2592/2592/2592 
f 2592/2592/2592 2593/2593/2593 2593/2593/2593 
f 2593/2593/2593 2594/2594/2594 2593/2593/2593 
f 2593/2593/2593 2594/2594/2594 2594/2594/2594 
f 2594/2594/2594 2595/2595/2595 2594/2594/2594 
f 2594/2594/2594 2595/2595/2595 2596/2596/2596 
f 2595/2595/2595 2597/2597/2597 2596/2596/2596 
f 2596/2596/2596 2597/2597/2597 2598/2598/2598 
f 2597/2597/2597 2599/2599/2599 2598/2598/2598 
f 2598/2598/2598 2599/2599/2599 2600/2600/2600 
f 2599/2599/2599 2601/2601/2601 2600/2600/2600 
f 2600/2600/2600 2601/2601/2601 2602/2602/2602 
f 2601/2601/2601 2603/2603/2603 2602/2602/2602 
f 2602/2602/2602 2603/2603/2603 2604/2604/2604 
f 2603/2603/2603 2605/2605/2605 2604/2604/2604 
f 2604/2604/2604 2605/2605/2605 2606/2606/2606 
f 2605/2605/2605 2607/2607/2607 2606/2606/2606 
f 2606/2606/2606 2607/2607/2607 2608/2608/2608 
f 2607/2607/2607 2609/2609/2609 2608/2608/2608 
f 2608/2608/2608 2609/2609/2609 2610/2610/2610 
f 2609/2609/2609 2611/2611/2611 2610/2610/2610 
f 2610/2610/2610 2611/2611/2611 2612/2612/2612 
f 2611/2611/2611 2613/2613/2613 2612/2612/2612 
f 2612/2612/2612 2613/2613/2613 2614/2614/2614 
f 2613/2613/2613 2615/2615/2615 2614/2614/2614 
f 2614/2614/2614 2615/2615/2615 2616/2616/2616 
f 2615/2615/2615 2617/2617/2617 2616/2616/2616 
f 2616/2616/2616 2617/2617/2617 2618/2618/2618 
f 2617/2617/2617 2619/2619/2619 2618/2618/2618 
f 2618/2618/2618 2619/2619/2619 2619/2619/2619 
f 2619/2619/2619 2620/2620/2620 2619/2619/2619 
f 2619/2619/2619 2620/2620/2620 2620/2620/2620 
f 2620/2620/2620 2621/2621/2621 2620/2620/2620 
f 2620/2620/2620 2621/2621/2621 2622/2622/2622 
f 2621/2621/2621 2623/2623/2623 2622/2622/2622 
f 2622/2622/2622 2623/2623/2623 2623/2623/2623 
f 2623/2623/2623 2624/2624/2624 2623/2623/2623 
f 2623/2623/2623 2624/2624/2624 2624/2624/2624 
f 2624/2624/2624 2625/2625/2625 2624/2624/2624 
f 2624/2624/2624 2625/2625/2625 2626/2626/2626 
f 2625/2625/2625 2627/2627/2627 2626/2626/2626 
f 2626/2626/2626 2627/2627/2627 2627/2627/2627 
f 2627/2627/2627 2628/2628/2628 2627/2627/2627 
f 2627/2627/2627 2628/2628/2628 2628/2628/2628 
f 2628/2628/2628 2629/2629/2629 2628/2628/2628 
f 2628/2628/2628 2629/2629/2629 2630/2630/2630 
f 2629/2629/2629 2631/2631/2631 2630/2630/2630 
f 2630/2630/2630 2631/2631/2631 2631/2631/2631 
f 2631/2631/2631 2632/2632/2632 2631/2631/2631 
f 2631/2631/2631 2632/2632/2632 2632/2632/2632 
f 2632/2632/2632 2633/2633/2633 2632/2632/2632 
f 2632/2632/2632 2633/2633/2633 2634/2634/2634 
f 2633/2633/2633 2635/2635/2635 2634/2634/2634 
f 2634/2634/2634 2635/2635/2635 2635/2635/2635 
f 2635/2635/2635 2636/2636/2636 2635/2635/2635 
f 2635/2635/2635 2636/2636/2636 2636/2636/2636 
f 2636/2636/2636 2637/2637/2637 2636/2636/2636 
f 2636/2636/2636 2637/2637/2637 2638/2638/2638 
f 2637/2637/2637 2639/2639/2639 2638/2638/2638 
f 2638/2638/2638 2639/2639/2639 2640/2640/2640 
f 2639/2639/2639 2641/2641/2641 2640/2640/2640 
f 2640/2640/2640 2641/2641/2641 2642/2642/2642 
f 2641/2641/2641 2643/2643/2643 2642/2642/2642 
f 2642/2642/2642 2643/2643/2643 2644/2644/2644 
f 2643/2643/2643 2645/2645/2645 2644/2644/2644 
f 2644/2644/2644 2645/2645/2645 2646/2646/2646 
f 2645/2645/2645 2647/2647/2647 2646/2646/2646 
f 2646/2646/2646 2647/2647/2647 2648/2648/2648 
f 2647/2647/2647 2649/2649/2649 2648/2648/2648 
f 2648/2648/2648 2649/2649/2649 2650/2650/2650 
f 2649/2649/2649 2651/2651/2651 2650/2650/2650 
f 2650/2650/2650 2651/2651/2651 2652/2652/2652 
f 2651/2651/2651 2653/2653/2653 2652/2652/2652 
f 2652/2652/2652 2653/2653/2653 2654/2654/2654 
f 2653/2653/2653 2655/2655/2655 2654/2654/2654 
f 2654/2654/2654 2655/2655/2655 2656/2656/2656 
f 2655/2655/2655 2657/2657/2657 2656/2656/2656 
f 2656/2656/2656 2657/2657/2657 2658/2658/2658 
f 2657/2657/2657 2659/2659/2659 2658/2658/2658 
f 2658/2658/2658 2659/2659/2659 2660/2660/2660 
f 2659/2659/2659 2661/2661/2661 2660/2660/2660 
f 2660/2660/2660 2661/2661/2661 2661/2661/2661 
f 2661/2661/2661 2662/2662/2662 2661/2661/2661 
f 2661/2661/2661 2662/2662/2662 2662/2662/2662 
f 2662/2662/2662 2663/2663/2663 2662/2662/2662 
f 2662/2662/2662 2663/2663/2663 2664/2664/2664 
f 2663/2663/2663 2665/2665/2665 2664/2664/2664 
f 2664/2664/2664 2665/2665/2665 2666/2666/2666 
f 2665/2665/2665 2666/2666/2666 2666/2666/2666 
f 2666/2666/2666 2666/2666/2666 2666/2666/2666 
f 2666/2666/2666 2667/2667/2667 2666/2666/2666 
f 2666/2666/2666 2667/2667/2667 2664/2664/2664 
f 2667/2667/2667 2668/2668/2668 2664/2664/2664 
f 2664/2664/2664 2668/2668/2668 2669/2669/2669 
f 2668/2668/2668 2669/2669/2669 2669/2669/2669 
f 2669/2669/2669 2669/2669/2669 2669/2669/2669 
f 2669/2669/2669 2670/2670/2670 2669/2669/2669 
f 2669/2669/2669 2670/2670/2670 2664/2664/2664 
f 2670/2670/2670 2671/2671/2671 2664/2664/2664 
f 2664/2664/2664 2671/2671/2671 2672/2672/2672 
f 2671/2671/2671 2672/2672/2672 2672/2672/2672 
f 2672/2672/2672 2672/2672/2672 2673/2673/2673 
f 2672/2672/2672 2673/2673/2673 2673/2673/2673 
f 2673/2673/2673 2673/2673/2673 2673/2673/2673 
f 2673/2673/2673 2674/2674/2674 2673/2673/2673 
f 2673/2673/2673 2674/2674/2674 2675/2675/2675 
f 2674/2674/2674 2676/2676/2676 2675/2675/2675 
f 2675/2675/2675 2676/2676/2676 2676/2676/2676 
f 2676/2676/2676 2677/2677/2677 2676/2676/2676 
f 2676/2676/2676 2677/2677/2677 2677/2677/2677 
f 2677/2677/2677 2678/2678/2678 2677/2677/2677 
f 2677/2677/2677 2678/2678/2678 2679/2679/2679 
f 2678/2678/2678 2680/2680/2680 2679/2679/2679 
f 2679/2679/2679 2680/2680/2680 2681/2681/2681 
f 2680/2680/2680 2681/2681/2681 2681/2681/2681 
f 2681/2681/2681 2681/2681/2681 2681/2681/2681 
f 2681/2681/2681 2682/2682/2682 2681/2681/2681 
f 2681/2681/2681 2682/2682/2682 2679/2679/2679 
f 2682/2682/2682 2683/2683/2683 2679/2679/2679 
f 2679/2679/2679 2683/2683/2683 2684/2684/2684 
f 2683/2683/2683 2684/2684/2684 2684/2684/2684 
f 2684/2684/2684 2684/2684/2684 2684/2684/2684 
f 2684/2684/2684 2685/2685/2685 2684/2684/2684 
f 2684/2684/2684 2685/2685/2685 2679/2679/2679 
f 2685/2685/2685 2686/2686/2686 2679/2679/2679 
f 2679/2679/2679 2686/2686/2686 2687/2687/2687 
f 2686/2686/2686 2687/2687/2687 2687/2687/2687 
f 2687/2687/2687 2687/2687/2687 2688/2688/2688 
f 2687/2687/2687 2688/2688/2688 2688/2688/2688 
f 2688/2688/2688 2688/2688/2688 2688/2688/2688 
f 2688/2688/2688 2689/2689/2689 2688/2688/2688 
f 2688/2688/2688 2689/2689/2689 2690/2690/2690 
f 2689/2689/2689 2691/2691/2691 2690/2690/2690 
f 2690/2690/2690 2691/2691/2691 2691/2691/2691 
f 2691/2691/2691 2692/2692/2692 2691/2691/2691 
f 2691/2691/2691 2692/2692/2692 2692/2692/2692 
f 2692/2692/2692 2693/2693/2693 2692/2692/2692 
f 2692/2692/2692 2693/2693/2693 2694/2694/2694 
f 2693/2693/2693 2695/2695/2695 2694/2694/2694 
f 2694/2694/2694 2695/2695/2695 2695/2695/2695 
f 2695/2695/2695 2696/2696/2696 2695/2695/2695 
f 2695/2695/2695 2696/2696/2696 2696/2696/2696 
f 2696/2696/2696 2697/2697/2697 2696/2696/2696 
f 2696/2696/2696 2697/2697/2697 2698/2698/2698 
f 2697/2697/2697 2699/2699/2699 2698/2698/2698 
f 2698/2698/2698 2699/2699/2699 2700/2700/2700 
f 2699/2699/2699 2701/2701/2701 2700/2700/2700 
f 2700/2700/2700 2701/2701/2701 2702/2702/2702 
f 2701/2701/2701 2703/2703/2703 2702/2702/2702 
f 2702/2702/2702 2703/2703/2703 2704/2704/2704 
f 2703/2703/2703 2705/2705/2705 2704/2704/2704 
f 2704/2704/2704 2705/2705/2705 2706/2706/2706 
f 2705/2705/2705 2707/2707/2707 2706/2706/2706 
f 2706/2706/2706 2707/2707/2707 2708/2708/2708 
f 2707/2707/2707 2709/2709/2709 2708/2708/2708 
f 2708/2708/2708 2709/2709/2709 2710/2710/2710 
f 2709/2709/2709 2711/2711/2711 2710/2710/2710 
f 2710/2710/2710 2711/2711/2711 2712/2712/2712 
f 2711/2711/2711 2713/2713/2713 2712/2712/2712 
f 2712/2712/2712 2713/2713/2713 2714/2714/2714 
f 2713/2713/2713 2715/2715/2715 2714/2714/2714 
f 2714/2714/2714 2715/2715/2715 2716/2716/2716 
f 2715/2715/2715 2717/2717/2717 2716/2716/2716 
f 2716/2716/2716 2717/2717/2717 2718/2718/2718 
f 2717/2717/2717 2719/2719/2719 2718/2718/2718 
f 2718/2718/2718 2719/2719/2719 2720/2720/2720 
f 2719/2719/2719 2721/2721/2721 2720/2720/2720 
f 2720/2720/2720 2721/2721/2721 2721/2721/2721 
f 2721/2721/2721 2722/2722/2722 2721/2721/2721 
f 2721/2721/2721 2722/2722/2722 2722/2722/2722 
f 2722/2722/2722 2723/2723/2723 2722/2722/2722 
f 2722/2722/2722 2723/2723/2723 2724/2724/2724 
f 2723/2723/2723 2725/2725/2725 2724/2724/2724 
f 2724/2724/2724 2725/2725/2725 2726/2726/2726 
f 2725/2725/2725 2727/2727/2727 2726/2726/2726 
f 2726/2726/2726 2727/2727/2727 2728/2728/2728 
f 2727/2727/2727 2729/2729/2729 2728/2728/2728 
f 2728/2728/2728 2729/2729/2729 2730/2730/2730 
f 2729/2729/2729 2731/2731/2731 2730/2730/2730 
f 2730/2730/2730 2731/2731/2731 2732/2732/2732 
f 2731/2731/2731 2733/2733/2733 2732/2732/2732 
f 2732/2732/2732 2733/2733/2733 2734/2734/2734 
f 2733/2733/2733 2735/2735/2735 2734/2734/2734 
f 2734/2734/2734 2735/2735/2735 2736/2736/2736 
f 2735/2735/2735 2737/2737/2737 2736/2736/2736 
f 2736/2736/2736 2737/2737/2737 2738/2738/2738 
f 2737/2737/2737 2739/2739/2739 2738/2738/2738 
f 2738/2738/2738 2739/2739/2739 2740/2740/2740 
f 2739/2739/2739 2741/2741/2741 2740/2740/2740 
f 2740/2740/2740 2741/2741/2741 2742/2742/2742 
f 2741/2741/2741 2743/2743/2743 2742/2742/2742 
f 2742/2742/2742 2743/2743/2743 2744/2744/2744 
f 2743/2743/2743 2745/2745/2745 2744/2744/2744 
f 2744/2744/2744 2745/2745/2745 2746/2746/2746 
f 2745/2745/2745 2747/2747/2747 2746/2746/2746 
f 2746/2746/2746 2747/2747/2747 2747/2747/2747 
f 2747/2747/2747 2748/2748/2748 2747/2747/2747 
f 2747/2747/2747 2748/2748/2748 2748/2748/2748 
f 2748/2748/2748 2749/2749/2749 2748/2748/2748 
f 2748/2748/2748 2749/2749/2749 2750/2750/2750 
f 2749/2749/2749 2751/2751/2751 2750/2750/2750 
f 2750/2750/2750 2751/2751/2751 2752/2752/2752 
f 2751/2751/2751 2753/2753/2753 2752/2752/2752 
f 2752/2752/2752 2753/2753/2753 2754/2754/2754 
f 2753/2753/2753 2755/2755/2755 2754/2754/2754 
f 2754/2754/2754 2755/2755/2755 2756/2756/2756 
f 2755/2755/2755 2757/2757/2757 2756/2756/2756 
f 2756/2756/2756 2757/2757/2757 2758/2758/2758 
f 2757/2757/2757 2759/2759/2759 2758/2758/2758 
f 2758/2758/2758 2759/2759/2759 2760/2760/2760 
f 2759/2759/2759 2761/2761/2761 2760/2760/2760 
f 2760/2760/2760 2761/2761/2761 2762/2762/2762 
f 2761/2761/2761 2763/2763/2763 2762/2762/2762 
f 2762/2762/2762 2763/2763/2763 2764/2764/2764 
f 2763/2763/2763 2765/2765/2765 2764/2764/2764 
f 2764/2764/2764 2765/2765/2765 2766/2766/2766 
f 2765/2765/2765 2767/2767/2767 2766/2766/2766 
f 2766/2766/2766 2767/2767/2767 2768/2768/2768 
f 2767/2767/2767 2769/2769/2769 2768/2768/2768 
f 2768/2768/2768 2769/2769/2769 2770/2770/2770 
f 2769/2769/2769 2771/2771/2771 2770/2770/2770 
f 2770/2770/2770 2771/2771/2771 2772/2772/2772 
f 2771/2771/2771 2773/2773/2773 2772/2772/2772 
f 2772/2772/2772 2773/2773/2773 2773/2773/2773 
f 2773/2773/2773 2749/2749/2749 2773/2773/2773 
f 2773/2773/2773 2749/2749/2749 2749/2749/2749 
f 2749/2749/2749 2774/2774/2774 2749/2749/2749 
f 2749/2749/2749 2774/2774/2774 2751/2751/2751 
f 2774/2774/2774 2775/2775/2775 2751/2751/2751 
f 2751/2751/2751 2775/2775/2775 2753/2753/2753 
f 2775/2775/2775 2776/2776/2776 2753/2753/2753 
f 2753/2753/2753 2776/2776/2776 2755/2755/2755 
f 2776/2776/2776 2777/2777/2777 2755/2755/2755 
f 2755/2755/2755 2777/2777/2777 2757/2757/2757 
f 2777/2777/2777 2778/2778/2778 2757/2757/2757 
f 2757/2757/2757 2778/2778/2778 2759/2759/2759 
f 2778/2778/2778 2779/2779/2779 2759/2759/2759 
f 2759/2759/2759 2779/2779/2779 2761/2761/2761 
f 2779/2779/2779 2780/2780/2780 2761/2761/2761 
f 2761/2761/2761 2780/2780/2780 2763/2763/2763 
f 2780/2780/2780 2781/2781/2781 2763/2763/2763 
f 2763/2763/2763 2781/2781/2781 2765/2765/2765 
f 2781/2781/2781 2782/2782/2782 2765/2765/2765 
f 2765/2765/2765 2782/2782/2782 2767/2767/2767 
f 2782/2782/2782 2783/2783/2783 2767/2767/2767 
f 2767/2767/2767 2783/2783/2783 2769/2769/2769 
f 2783/2783/2783 2784/2784/2784 2769/2769/2769 
f 2769/2769/2769 2784/2784/2784 2771/2771/2771 
f 2784/2784/2784 2785/2785/2785 2771/2771/2771 
f 2771/2771/2771 2785/2785/2785 2773/2773/2773 
f 2785/2785/2785 2786/2786/2786 2773/2773/2773 
f 2773/2773/2773 2786/2786/2786 2786/2786/2786 
f 2786/2786/2786 2787/2787/2787 2786/2786/2786 
f 2786/2786/2786 2787/2787/2787 2787/2787/2787 
f 2787/2787/2787 2788/2788/2788 2787/2787/2787 
f 2787/2787/2787 2788/2788/2788 2789/2789/2789 
f 2788/2788/2788 2790/2790/2790 2789/2789/2789 
f 2789/2789/2789 2790/2790/2790 2791/2791/2791 
f 2790/2790/2790 2792/2792/2792 2791/2791/2791 
f 2791/2791/2791 2792/2792/2792 2793/2793/2793 
f 2792/2792/2792 2794/2794/2794 2793/2793/2793 
f 2793/2793/2793 2794/2794/2794 2795/2795/2795 
f 2794/2794/2794 2796/2796/2796 2795/2795/2795 
f 2795/2795/2795 2796/2796/2796 2797/2797/2797 
f 2796/2796/2796 2798/2798/2798 2797/2797/2797 
f 2797/2797/2797 2798/2798/2798 2799/2799/2799 
f 2798/2798/2798 2800/2800/2800 2799/2799/2799 
f 2799/2799/2799 2800/2800/2800 2801/2801/2801 
f 2800/2800/2800 2802/2802/2802 2801/2801/2801 
f 2801/2801/2801 2802/2802/2802 2803/2803/2803 
f 2802/2802/2802 2804/2804/2804 2803/2803/2803 
f 2803/2803/2803 2804/2804/2804 2805/2805/2805 
f 2804/2804/2804 2806/2806/2806 2805/2805/2805 
f 2805/2805/2805 2806/2806/2806 2807/2807/2807 
f 2806/2806/2806 2808/2808/2808 2807/2807/2807 
f 2807/2807/2807 2808/2808/2808 2809/2809/2809 
f 2808/2808/2808 2810/2810/2810 2809/2809/2809 
f 2809/2809/2809 2810/2810/2810 2811/2811/2811 
f 2810/2810/2810 2812/2812/2812 2811/2811/2811 
f 2811/2811/2811 2812/2812/2812 2812/2812/2812 
f 2812/2812/2812 2813/2813/2813 2812/2812/2812 
f 2812/2812/2812 2813/2813/2813 2813/2813/2813 
f 2813/2813/2813 2814/2814/2814 2813/2813/2813 
f 2813/2813/2813 2814/2814/2814 2815/2815/2815 
f 2814/2814/2814 2816/2816/2816 2815/2815/2815 
f 2815/2815/2815 2816/2816/2816 2817/2817/2817 
f 2816/2816/2816 2818/2818/2818 2817/2817/2817 
f 2817/2817/2817 2818/2818/2818 2819/2819/2819 
f 2818/2818/2818 2820/2820/2820 2819/2819/2819 
f 2819/2819/2819 2820/2820/2820 2821/2821/2821 
f 2820/2820/2820 2822/2822/2822 2821/2821/2821 
f 2821/2821/2821 2822/2822/2822 2823/2823/2823 
f 2822/2822/2822 2824/2824/2824 2823/2823/2823 
f 2823/2823/2823 2824/2824/2824 2825/2825/2825 
f 2824/2824/2824 2826/2826/2826 2825/2825/2825 
f 2825/2825/2825 2826/2826/2826 2827/2827/2827 
f 2826/2826/2826 2828/2828/2828 2827/2827/2827 
f 2827/2827/2827 2828/2828/2828 2829/2829/2829 
f 2828/2828/2828 2830/2830/2830 2829/2829/2829 
f 2829/2829/2829 2830/2830/2830 2831/2831/2831 
f 2830/2830/2830 2832/2832/2832 2831/2831/2831 
f 2831/2831/2831 2832/2832/2832 2833/2833/2833 
f 2832/2832/2832 2834/2834/2834 2833/2833/2833 
f 2833/2833/2833 2834/2834/2834 2835/2835/2835 
f 2834/2834/2834 2836/2836/2836 2835/2835/2835 
f 2835/2835/2835 2836/2836/2836 2837/2837/2837 
f 2836/2836/2836 2838/2838/2838 2837/2837/2837 
f 2837/2837/2837 2838/2838/2838 2838/2838/2838 
f 2838/2838/2838 2814/2814/2814 2838/2838/2838 
f 2838/2838/2838 2814/2814/2814 2814/2814/2814 
f 2814/2814/2814 2839/2839/2839 2814/2814/2814 
f 2814/2814/2814 2839/2839/2839 2816/2816/2816 
f 2839/2839/2839 2840/2840/2840 2816/2816/2816 
f 2816/2816/2816 2840/2840/2840 2818/2818/2818 
f 2840/2840/2840 2841/2841/2841 2818/2818/2818 
f 2818/2818/2818 2841/2841/2841 2820/2820/2820 
f 2841/2841/2841 2842/2842/2842 2820/2820/2820 
f 2820/2820/2820 2842/2842/2842 2822/2822/2822 
f 2842/2842/2842 2843/2843/2843 2822/2822/2822 
f 2822/2822/2822 2843/2843/2843 2824/2824/2824 
f 2843/2843/2843 2844/2844/2844 2824/2824/2824 
f 2824/2824/2824 2844/2844/2844 2826/2826/2826 
f 2844/2844/2844 2845/2845/2845 2826/2826/2826 
f 2826/2826/2826 2845/2845/2845 2828/2828/2828 
f 2845/2845/2845 2846/2846/2846 2828/2828/2828 
f 2828/2828/2828 2846/2846/2846 2830/2830/2830 
f 2846/2846/2846 2847/2847/2847 2830/2830/2830 
f 2830/2830/2830 2847/2847/2847 2832/2832/2832 
f 2847/2847/2847 2848/2848/2848 2832/2832/2832 
f 2832/2832/2832 2848/2848/2848 2834/2834/2834 
f 2848/2848/2848 2849/2849/2849 2834/2834/2834 
f 2834/2834/2834 2849/2849/2849 2836/2836/2836 
f 2849/2849/2849 2850/2850/2850 2836/2836/2836 
f 2836/2836/2836 2850/2850/2850 2838/2838/2838 
f 2850/2850/2850 2851/2851/2851 2838/2838/2838 
f 2838/2838/2838 2851/2851/2851 2851/2851/2851 
f 2851/2851/2851 2852/2852/2852 2851/2851/2851 
f 2851/2851/2851 2852/2852/2852 2852/2852/2852 
f 2852/2852/2852 2853/2853/2853 2852/2852/2852 
f 2852/2852/2852 2853/2853/2853 2854/2854/2854 
f 2853/2853/2853 2855/2855/2855 2854/2854/2854 
f 2854/2854/2854 2855/2855/2855 2855/2855/2855 
f 2855/2855/2855 2853/2853/2853 2855/2855/2855 
f 2855/2855/2855 2853/2853/2853 2856/2856/2856 
f 2853/2853/2853 2857/2857/2857 2856/2856/2856 
f 2856/2856/2856 2857/2857/2857 2857/2857/2857 
f 2857/2857/2857 2853/2853/2853 2857/2857/2857 
f 2857/2857/2857 2853/2853/2853 2858/2858/2858 
f 2853/2853/2853 2859/2859/2859 2858/2858/2858 
f 2858/2858/2858 2859/2859/2859 2859/2859/2859 
f 2859/2859/2859 2853/2853/2853 2859/2859/2859 
f 2859/2859/2859 2853/2853/2853 2860/2860/2860 
f 2853/2853/2853 2861/2861/2861 2860/2860/2860 
f 2860/2860/2860 2861/2861/2861 2861/2861/2861 
f 2861/2861/2861 2853/2853/2853 2861/2861/2861 
f 2861/2861/2861 2853/2853/2853 2862/2862/2862 
f 2853/2853/2853 2863/2863/2863 2862/2862/2862 
f 2862/2862/2862 2863/2863/2863 2863/2863/2863 
f 2863/2863/2863 2864/2864/2864 2863/2863/2863 
f 2863/2863/2863 2864/2864/2864 2864/2864/2864 
f 2864/2864/2864 2865/2865/2865 2864/2864/2864 
f 2864/2864/2864 2865/2865/2865 2866/2866/2866 
f 2865/2865/2865 2867/2867/2867 2866/2866/2866 
f 2866/2866/2866 2867/2867/2867 2867/2867/2867 
f 2867/2867/2867 2865/2865/2865 2867/2867/2867 
f 2867/2867/2867 2865/2865/2865 2868/2868/2868 
f 2865/2865/2865 2869/2869/2869 2868/2868/2868 
f 2868/2868/2868 2869/2869/2869 2869/2869/2869 
f 2869/2869/2869 2865/2865/2865 2869/2869/2869 
f 2869/2869/2869 2865/2865/2865 2870/2870/2870 
f 2865/2865/2865 2871/2871/2871 2870/2870/2870 
f 2870/2870/2870 2871/2871/2871 2871/2871/2871 
f 2871/2871/2871 2865/2865/2865 2871/2871/2871 
f 2871/2871/2871 2865/2865/2865 2872/2872/2872 
f 2865/2865/2865 2873/2873/2873 2872/2872/2872 
f 2872/2872/2872 2873/2873/2873 2873/2873/2873 
f 2873/2873/2873 2865/2865/2865 2873/2873/2873 
f 2873/2873/2873 2865/2865/2865 2874/2874/2874 
f 2865/2865/2865 2875/2875/2875 2874/2874/2874 
f 2874/2874/2874 2875/2875/2875 2875/2875/2875 
f 2875/2875/2875 2876/2876/2876 2875/2875/2875 
f 2875/2875/2875 2876/2876/2876 2876/2876/2876 
f 2876/2876/2876 2877/2877/2877 2876/2876/2876 
f 2876/2876/2876 2877/2877/2877 2878/2878/2878 
f 2877/2877/2877 2879/2879/2879 2878/2878/2878 
f 2878/2878/2878 2879/2879/2879 2880/2880/2880 
f 2879/2879/2879 2881/2881/2881 2880/2880/2880 
f 2880/2880/2880 2881/2881/2881 2882/2882/2882 
f 2881/2881/2881 2883/2883/2883 2882/2882/2882 
f 2882/2882/2882 2883/2883/2883 2884/2884/2884 
f 2883/2883/2883 2885/2885/2885 2884/2884/2884 
f 2884/2884/2884 2885/2885/2885 2886/2886/2886 
f 2885/2885/2885 2887/2887/2887 2886/2886/2886 
f 2886/2886/2886 2887/2887/2887 2888/2888/2888 
f 2887/2887/2887 2889/2889/2889 2888/2888/2888 
f 2888/2888/2888 2889/2889/2889 2890/2890/2890 
f 2889/2889/2889 2891/2891/2891 2890/2890/2890 
f 2890/2890/2890 2891/2891/2891 2892/2892/2892 
f 2891/2891/2891 2893/2893/2893 2892/2892/2892 
f 2892/2892/2892 2893/2893/2893 2894/2894/2894 
f 2893/2893/2893 2895/2895/2895 2894/2894/2894 
f 2894/2894/2894 2895/2895/2895 2896/2896/2896 
f 2895/2895/2895 2897/2897/2897 2896/2896/2896 
f 2896/2896/2896 2897/2897/2897 2898/2898/2898 
f 2897/2897/2897 2899/2899/2899 2898/2898/2898 
f 2898/2898/2898 2899/2899/2899 2900/2900/2900 
f 2899/2899/2899 2901/2901/2901 2900/2900/2900 
f 2900/2900/2900 2901/2901/2901 2901/2901/2901 
f 2901/2901/2901 2902/2902/2902 2901/2901/2901 
f 2901/2901/2901 2902/2902/2902 2902/2902/2902 
f 2902/2902/2902 2903/2903/2903 2902/2902/2902 
f 2902/2902/2902 2903/2903/2903 2904/2904/2904 
f 2903/2903/2903 2905/2905/2905 2904/2904/2904 
f 2904/2904/2904 2905/2905/2905 2906/2906/2906 
f 2905/2905/2905 2907/2907/2907 2906/2906/2906 
f 2906/2906/2906 2907/2907/2907 2908/2908/2908 
f 2907/2907/2907 2909/2909/2909 2908/2908/2908 
f 2908/2908/2908 2909/2909/2909 2910/2910/2910 
f 2909/2909/2909 2911/2911/2911 2910/2910/2910 
f 2910/2910/2910 2911/2911/2911 2912/2912/2912 
f 2911/2911/2911 2913/2913/2913 2912/2912/2912 
f 2912/2912/2912 2913/2913/2913 2914/2914/2914 
f 2913/2913/2913 2915/2915/2915 2914/2914/2914 
f 2914/2914/2914 2915/2915/2915 2916/2916/2916 
f 2915/2915/2915 2917/2917/2917 2916/2916/2916 
f 2916/2916/2916 2917/2917/2917 2918/2918/2918 
f 2917/2917/2917 2919/2919/2919 2918/2918/2918 
f 2918/2918/2918 2919/2919/2919 2920/2920/2920 
f 2919/2919/2919 2921/2921/2921 2920/2920/2920 
f 2920/2920/2920 2921/2921/2921 2922/2922/2922 
f 2921/2921/2921 2923/2923/2923 2922/2922/2922 
f 2922/2922/2922 2923/2923/2923 2924/2924/2924 
f 2923/2923/2923 2925/2925/2925 2924/2924/2924 
f 2924/2924/2924 2925/2925/2925 2926/2926/2926 
f 2925/2925/2925 2927/2927/2927 2926/2926/2926 
f 2926/2926/2926 2927/2927/2927 2927/2927/2927 
f 2927/2927/2927 2928/2928/2928 2927/2927/2927 
f 2927/2927/2927 2928/2928/2928 2928/2928/2928 
f 2928/2928/2928 2929/2929/2929 2928/2928/2928 
f 2928/2928/2928 2929/2929/2929 2930/2930/2930 
f 2929/2929/2929 2931/2931/2931 2930/2930/2930 
f 2930/2930/2930 2931/2931/2931 2932/2932/2932 
f 2931/2931/2931 2933/2933/2933 2932/2932/2932 
f 2932/2932/2932 2933/2933/2933 2934/2934/2934 
f 2933/2933/2933 2935/2935/2935 2934/2934/2934 
f 2934/2934/2934 2935/2935/2935 2936/2936/2936 
f 2935/2935/2935 2937/2937/2937 2936/2936/2936 
f 2936/2936/2936 2937/2937/2937 2938/2938/2938 
f 2937/2937/2937 2939/2939/2939 2938/2938/2938 
f 2938/2938/2938 2939/2939/2939 2940/2940/2940 
f 2939/2939/2939 2941/2941/2941 2940/2940/2940 
f 2940/2940/2940 2941/2941/2941 2942/2942/2942 
f 2941/2941/2941 2943/2943/2943 2942/2942/2942 
f 2942/2942/2942 2943/2943/2943 2944/2944/2944 
f 2943/2943/2943 2945/2945/2945 2944/2944/2944 
f 2944/2944/2944 2945/2945/2945 2946/2946/2946 
f 2945/2945/2945 2947/2947/2947 2946/2946/2946 
f 2946/2946/2946 2947/2947/2947 2948/2948/2948 
f 2947/2947/2947 2949/2949/2949 2948/2948/2948 
f 2948/2948/2948 2949/2949/2949 2950/2950/2950 
f 2949/2949/2949 2951/2951/2951 2950/2950/2950 
f 2950/2950/2950 2951/2951/2951 2952/2952/2952 
f 2951/2951/2951 2953/2953/2953 2952/2952/2952 
f 2952/2952/2952 2953/2953/2953 2953/2953/2953 
f 2953/2953/2953 2954/2954/2954 2953/2953/2953 
f 2953/2953/2953 2954/2954/2954 2954/2954/2954 
f 2954/2954/2954 2955/2955/2955 2954/2954/2954 
f 2954/2954/2954 2955/2955/2955 2956/2956/2956 
f 2955/2955/2955 2957/2957/2957 2956/2956/2956 
f 2956/2956/2956 2957/2957/2957 2958/2958/2958 
f 2957/2957/2957 2958/2958/2958 2958/2958/2958 
f 2958/2958/2958 2958/2958/2958 2958/2958/2958 
f 2958/2958/2958 2959/2959/2959 2958/2958/2958 
f 2958/2958/2958 2959/2959/2959 2956/2956/2956 
f 2959/2959/2959 2960/2960/2960 2956/2956/2956 
f 2956/2956/2956 2960/2960/2960 2961/2961/2961 
f 2960/2960/2960 2961/2961/2961 2961/2961/2961 
f 2961/2961/2961 2961/2961/2961 2961/2961/2961 
f 2961/2961/2961 2962/2962/2962 2961/2961/2961 
f 2961/2961/2961 2962/2962/2962 2956/2956/2956 
f 2962/2962/2962 2963/2963/2963 2956/2956/2956 
f 2956/2956/2956 2963/2963/2963 2964/2964/2964 
f 2963/2963/2963 2964/2964/2964 2964/2964/2964 
f 2964/2964/2964 2964/2964/2964 2965/2965/2965 
f 2964/2964/2964 2965/2965/2965 2965/2965/2965 
f 2965/2965/2965 2965/2965/2965 2965/2965/2965 
f 2965/2965/2965 2966/2966/2966 2965/2965/2965 
f 2965/2965/2965 2966/2966/2966 2967/2967/2967 
f 2966/2966/2966 2968/2968/2968 2967/2967/2967 
f 2967/2967/2967 2968/2968/2968 2968/2968/2968 
f 2968/2968/2968 2969/2969/2969 2968/2968/2968 
f 2968/2968/2968 2969/2969/2969 2969/2969/2969 
f 2969/2969/2969 2970/2970/2970 2969/2969/2969 
f 2969/2969/2969 2970/2970/2970 2971/2971/2971 
f 2970/2970/2970 2972/2972/2972 2971/2971/2971 
f 2971/2971/2971 2972/2972/2972 2973/2973/2973 
f 2972/2972/2972 2973/2973/2973 2973/2973/2973 
f 2973/2973/2973 2973/2973/2973 2973/2973/2973 
f 2973/2973/2973 2974/2974/2974 2973/2973/2973 
f 2973/2973/2973 2974/2974/2974 2971/2971/2971 
f 2974/2974/2974 2975/2975/2975 2971/2971/2971 
f 2971/2971/2971 2975/2975/2975 2976/2976/2976 
f 2975/2975/2975 2976/2976/2976 2976/2976/2976 
f 2976/2976/2976 2976/2976/2976 2976/2976/2976 
f 2976/2976/2976 2977/2977/2977 2976/2976/2976 
f 2976/2976/2976 2977/2977/2977 2971/2971/2971 
f 2977/2977/2977 2978/2978/2978 2971/2971/2971 
f 2971/2971/2971 2978/2978/2978 2979/2979/2979 
f 2978/2978/2978 2979/2979/2979 2979/2979/2979 
f 2979/2979/2979 2979/2979/2979 2980/2980/2980 
f 2979/2979/2979 2980/2980/2980 2980/2980/2980 
f 2980/2980/2980 2980/2980/2980 2980/2980/2980 
f 2980/2980/2980 2981/2981/2981 2980/2980/2980 
f 2980/2980/2980 2981/2981/2981 2982/2982/2982 
f 2981/2981/2981 2983/2983/2983 2982/2982/2982 
f 2982/2982/2982 2983/2983/2983 2983/2983/2983 
f 2983/2983/2983 2984/2984/2984 2983/2983/2983 
f 2983/2983/2983 2984/2984/2984 2984/2984/2984 
f 2984/2984/2984 2985/2985/2985 2984/2984/2984 
f 2984/2984/2984 2985/2985/2985 2986/2986/2986 
f 2985/2985/2985 2987/2987/2987 2986/2986/2986 
f 2986/2986/2986 2987/2987/2987 2988/2988/2988 
f 2987/2987/2987 2989/2989/2989 2988/2988/2988 
f 2988/2988/2988 2989/2989/2989 2990/2990/2990 
f 2989/2989/2989 2991/2991/2991 2990/2990/2990 
f 2990/2990/2990 2991/2991/2991 2992/2992/2992 
f 2991/2991/2991 2993/2993/2993 2992/2992/2992 
f 2992/2992/2992 2993/2993/2993 2994/2994/2994 
f 2993/2993/2993 2995/2995/2995 2994/2994/2994 
f 2994/2994/2994 2995/2995/2995 2996/2996/2996 
f 2995/2995/2995 2997/2997/2997 2996/2996/2996 
f 2996/2996/2996 2997/2997/2997 2998/2998/2998 
f 2997/2997/2997 2999/2999/2999 2998/2998/2998 
f 2998/2998/2998 2999/2999/2999 3000/3000/3000 
f 2999/2999/2999 3001/3001/3001 3000/3000/3000 
f 3000/3000/3000 3001/3001/3001 3002/3002/3002 
f 3001/3001/3001 3003/3003/3003 3002/3002/3002 
f 3002/3002/3002 3003/3003/3003 3004/3004/3004 
f 3003/3003/3003 3005/3005/3005 3004/3004/3004 
f 3004/3004/3004 3005/3005/3005 3006/3006/3006 
f 3005/3005/3005 3007/3007/3007 3006/3006/3006 
f 3006/3006/3006 3007/3007/3007 3008/3008/3008 
f 3007/3007/3007 3009/3009/3009 3008/3008/3008 
f 3008/3008/3008 3009/3009/3009 3009/3009/3009 
f 3009/3009/3009 2985/2985/2985 3009/3009/3009 
f 3009/3009/3009 2985/2985/2985 2985/2985/2985 
f 2985/2985/2985 3010/3010/3010 2985/2985/2985 
f 2985/2985/2985 3010/3010/3010 2987/2987/2987 
f 3010/3010/3010 3011/3011/3011 2987/2987/2987 
f 2987/2987/2987 3011/3011/3011 2989/2989/2989 
f 3011/3011/3011 3012/3012/3012 2989/2989/2989 
f 2989/2989/2989 3012/3012/3012 2991/2991/2991 
f 3012/3012/3012 3013/3013/3013 2991/2991/2991 
f 2991/2991/2991 3013/3013/3013 2993/2993/2993 
f 3013/3013/3013 3014/3014/3014 2993/2993/2993 
f 2993/2993/2993 3014/3014/3014 2995/2995/2995 
f 3014/3014/3014 3015/3015/3015 2995/2995/2995 
f 2995/2995/2995 3015/3015/3015 2997/2997/2997 
f 3015/3015/3015 3016/3016/3016 2997/2997/2997 
f 2997/2997/2997 3016/3016/3016 2999/2999/2999 
f 3016/3016/3016 3017/3017/3017 2999/2999/2999 
f 2999/2999/2999 3017/3017/3017 3001/3001/3001 
f 3017/3017/3017 3018/3018/3018 3001/3001/3001 
f 3001/3001/3001 3018/3018/3018 3003/3003/3003 
f 3018/3018/3018 3019/3019/3019 3003/3003/3003 
f 3003/3003/3003 3019/3019/3019 3005/3005/3005 
f 3019/3019/3019 3020/3020/3020 3005/3005/3005 
f 3005/3005/3005 3020/3020/3020 3007/3007/3007 
f 3020/3020/3020 3021/3021/3021 3007/3007/3007 
f 3007/3007/3007 3021/3021/3021 3009/3009/3009 
f 3021/3021/3021 3022/3022/3022 3009/3009/3009 
f 3009/3009/3009 3022/3022/3022 3022/3022/3022 
f 3022/3022/3022 3023/3023/3023 3022/3022/3022 
f 3022/3022/3022 3023/3023/3023 3023/3023/3023 
f 3023/3023/3023 3024/3024/3024 3023/3023/3023 
f 3023/3023/3023 3024/3024/3024 3025/3025/3025 
f 3024/3024/3024 3026/3026/3026 3025/3025/3025 
f 3025/3025/3025 3026/3026/3026 3027/3027/3027 
f 3026/3026/3026 3028/3028/3028 3027/3027/3027 
f 3027/3027/3027 3028/3028/3028 3029/3029/3029 
f 3028/3028/3028 3030/3030/3030 3029/3029/3029 
f 3029/3029/3029 3030/3030/3030 3031/3031/3031 
f 3030/3030/3030 3032/3032/3032 3031/3031/3031 
f 3031/3031/3031 3032/3032/3032 3033/3033/3033 
f 3032/3032/3032 3034/3034/3034 3033/3033/3033 
f 3033/3033/3033 3034/3034/3034 3035/3035/3035 
f 3034/3034/3034 3036/3036/3036 3035/3035/3035 
f 3035/3035/3035 3036/3036/3036 3037/3037/3037 
f 3036/3036/3036 3038/3038/3038 3037/3037/3037 
f 3037/3037/3037 3038/3038/3038 3039/3039/3039 
f 3038/3038/3038 3040/3040/3040 3039/3039/3039 
f 3039/3039/3039 3040/3040/3040 3041/3041/3041 
f 3040/3040/3040 3042/3042/3042 3041/3041/3041 
f 3041/3041/3041 3042/3042/3042 3043/3043/3043 
f 3042/3042/3042 3044/3044/3044 3043/3043/3043 
f 3043/3043/3043 3044/3044/3044 3045/3045/3045 
f 3044/3044/3044 3046/3046/3046 3045/3045/3045 
f 3045/3045/3045 3046/3046/3046 3047/3047/3047 
f 3046/3046/3046 3048/3048/3048 3047/3047/3047 
f 3047/3047/3047 3048/3048/3048 3048/3048/3048 
f 3048/3048/3048 3049/3049/3049 3048/3048/3048 
f 3048/3048/3048 3049/3049/3049 3049/3049/3049 
f 3049/3049/3049 3050/3050/3050 3049/3049/3049 
f 3049/3049/3049 3050/3050/3050 3051/3051/3051 
f 3050/3050/3050 3052/3052/3052 3051/3051/3051 
f 3051/3051/3051 3052/3052/3052 3053/3053/3053 
f 3052/3052/3052 3054/3054/3054 3053/3053/3053 
f 3053/3053/3053 3054/3054/3054 3055/3055/3055 
f 3054/3054/3054 3056/3056/3056 3055/3055/3055 
f 3055/3055/3055 3056/3056/3056 3057/3057/3057 
f 3056/3056/3056 3058/3058/3058 3057/3057/3057 
f 3057/3057/3057 3058/3058/3058 3059/3059/3059 
f 3058/3058/3058 3060/3060/3060 3059/3059/3059 
f 3059/3059/3059 3060/3060/3060 3061/3061/3061 
f 3060/3060/3060 3062/3062/3062 3061/3061/3061 
f 3061/3061/3061 3062/3062/3062 3063/3063/3063 
f 3062/3062/3062 3064/3064/3064 3063/3063/3063 
f 3063/3063/3063 3064/3064/3064 3065/3065/3065 
f 3064/3064/3064 3066/3066/3066 3065/3065/3065 
f 3065/3065/3065 3066/3066/3066 3067/3067/3067 
f 3066/3066/3066 3068/3068/3068 3067/3067/3067 
f 3067/3067/3067 3068/3068/3068 3069/3069/3069 
f 3068/3068/3068 3070/3070/3070 3069/3069/3069 
f 3069/3069/3069 3070/3070/3070 3071/3071/3071 
f 3070/3070/3070 3072/3072/3072 3071/3071/3071 
f 3071/3071/3071 3072/3072/3072 3073/3073/3073 
f 3072/3072/3072 3074/3074/3074 3073/3073/3073 
f 3073/3073/3073 3074/3074/3074 3074/3074/3074 
f 3074/3074/3074 3050/3050/3050 3074/3074/3074 
f 3074/3074/3074 3050/3050/3050 3050/3050/3050 
f 3050/3050/3050 3075/3075/3075 3050/3050/3050 
f 3050/3050/3050 3075/3075/3075 3052/3052/3052 
f 3075/3075/3075 3076/3076/3076 3052/3052/3052 
f 3052/3052/3052 3076/3076/3076 3054/3054/3054 
f 3076/3076/3076 3077/3077/3077 3054/3054/3054 
f 3054/3054/3054 3077/3077/3077 3056/3056/3056 
f 3077/3077/3077 3078/3078/3078 3056/3056/3056 
f 3056/3056/3056 3078/3078/3078 3058/3058/3058 
f 3078/3078/3078 3079/3079/3079 3058/3058/3058 
f 3058/3058/3058 3079/3079/3079 3060/3060/3060 
f 3079/3079/3079 3080/3080/3080 3060/3060/3060 
f 3060/3060/3060 3080/3080/3080 3062/3062/3062 
f 3080/3080/3080 3081/3081/3081 3062/3062/3062 
f 3062/3062/3062 3081/3081/3081 3064/3064/3064 
f 3081/3081/3081 3082/3082/3082 3064/3064/3064 
f 3064/3064/3064 3082/3082/3082 3066/3066/3066 
f 3082/3082/3082 3083/3083/3083 3066/3066/3066 
f 3066/3066/3066 3083/3083/3083 3068/3068/3068 
f 3083/3083/3083 3084/3084/3084 3068/3068/3068 
f 3068/3068/3068 3084/3084/3084 3070/3070/3070 
f 3084/3084/3084 3085/3085/3085 3070/3070/3070 
f 3070/3070/3070 3085/3085/3085 3072/3072/3072 
f 3085/3085/3085 3086/3086/3086 3072/3072/3072 
f 3072/3072/3072 3086/3086/3086 3074/3074/3074 
f 3086/3086/3086 3087/3087/3087 3074/3074/3074 
f 3074/3074/3074 3087/3087/3087 3087/3087/3087 
f 3087/3087/3087 3088/3088/3088 3087/3087/3087 
f 3087/3087/3087 3088/3088/3088 3088/3088/3088 
f 3088/3088/3088 3089/3089/3089 3088/3088/3088 
f 3088/3088/3088 3089/3089/3089 3090/3090/3090 
f 3089/3089/3089 3091/3091/3091 3090/3090/3090 
f 3090/3090/3090 3091/3091/3091 3092/3092/3092 
f 3091/3091/3091 3093/3093/3093 3092/3092/3092 
f 3092/3092/3092 3093/3093/3093 3094/3094/3094 
f 3093/3093/3093 3095/3095/3095 3094/3094/3094 
f 3094/3094/3094 3095/3095/3095 3096/3096/3096 
f 3095/3095/3095 3097/3097/3097 3096/3096/3096 
f 3096/3096/3096 3097/3097/3097 3098/3098/3098 
f 3097/3097/3097 3099/3099/3099 3098/3098/3098 
f 3098/3098/3098 3099/3099/3099 3100/3100/3100 
f 3099/3099/3099 3101/3101/3101 3100/3100/3100 
f 3100/3100/3100 3101/3101/3101 3102/3102/3102 
f 3101/3101/3101 3103/3103/3103 3102/3102/3102 
f 3102/3102/3102 3103/3103/3103 3104/3104/3104 
f 3103/3103/3103 3105/3105/3105 3104/3104/3104 
f 3104/3104/3104 3105/3105/3105 3106/3106/3106 
f 3105/3105/3105 3107/3107/3107 3106/3106/3106 
f 3106/3106/3106 3107/3107/3107 3108/3108/3108 
f 3107/3107/3107 3109/3109/3109 3108/3108/3108 
f 3108/3108/3108 3109/3109/3109 3110/3110/3110 
f 3109/3109/3109 3111/3111/3111 3110/3110/3110 
f 3110/3110/3110 3111/3111/3111 3112/3112/3112 
f 3111/3111/3111 3113/3113/3113 3112/3112/3112 
f 3112/3112/3112 3113/3113/3113 3113/3113/3113 
f 3113/3113/3113 3089/3089/3089 3113/3113/3113 
f 3113/3113/3113 3089/3089/3089 3089/3089/3089 
f 3089/3089/3089 3114/3114/3114 3089/3089/3089 
f 3089/3089/3089 3114/3114/3114 3091/3091/3091 
f 3114/3114/3114 3115/3115/3115 3091/3091/3091 
f 3091/3091/3091 3115/3115/3115 3093/3093/3093 
f 3115/3115/3115 3116/3116/3116 3093/3093/3093 
f 3093/3093/3093 3116/3116/3116 3095/3095/3095 
f 3116/3116/3116 3117/3117/3117 3095/3095/3095 
f 3095/3095/3095 3117/3117/3117 3097/3097/3097 
f 3117/3117/3117 3118/3118/3118 3097/3097/3097 
f 3097/3097/3097 3118/3118/3118 3099/3099/3099 
f 3118/3118/3118 3119/3119/3119 3099/3099/3099 
f 3099/3099/3099 3119/3119/3119 3101/3101/3101 
f 3119/3119/3119 3120/3120/3120 3101/3101/3101 
f 3101/3101/3101 3120/3120/3120 3103/3103/3103 
f 3120/3120/3120 3121/3121/3121 3103/3103/3103 
f 3103/3103/3103 3121/3121/3121 3105/3105/3105 
f 3121/3121/3121 3122/3122/3122 3105/3105/3105 
f 3105/3105/3105 3122/3122/3122 3107/3107/3107 
f 3122/3122/3122 3123/3123/3123 3107/3107/3107 
f 3107/3107/3107 3123/3123/3123 3109/3109/3109 
f 3123/3123/3123 3124/3124/3124 3109/3109/3109 
f 3109/3109/3109 3124/3124/3124 3111/3111/3111 
f 3124/3124/3124 3125/3125/3125 3111/3111/3111 
f 3111/3111/3111 3125/3125/3125 3113/3113/3113 
f 3125/3125/3125 3126/3126/3126 3113/3113/3113 
f 3113/3113/3113 3126/3126/3126 3126/3126/3126 
f 3126/3126/3126 3127/3127/3127 3126/3126/3126 
f 3126/3126/3126 3127/3127/3127 3127/3127/3127 
f 3127/3127/3127 3128/3128/3128 3127/3127/3127 
f 3127/3127/3127 3128/3128/3128 3129/3129/3129 
f 3128/3128/3128 3130/3130/3130 3129/3129/3129 
f 3129/3129/3129 3130/3130/3130 3130/3130/3130 
f 3130/3130/3130 3131/3131/3131 3130/3130/3130 
f 3130/3130/3130 3131/3131/3131 3131/3131/3131 
f 3131/3131/3131 3132/3132/3132 3131/3131/3131 
f 3131/3131/3131 3132/3132/3132 3133/3133/3133 
f 3132/3132/3132 3134/3134/3134 3133/3133/3133 
f 3133/3133/3133 3134/3134/3134 3134/3134/3134 
f 3134/3134/3134 3135/3135/3135 3134/3134/3134 
f 3134/3134/3134 3135/3135/3135 3135/3135/3135 
f 3135/3135/3135 3136/3136/3136 3135/3135/3135 
f 3135/3135/3135 3136/3136/3136 3137/3137/3137 
f 3136/3136/3136 3138/3138/3138 3137/3137/3137 
f 3137/3137/3137 3138/3138/3138 3138/3138/3138 
f 3138/3138/3138 3139/3139/3139 3138/3138/3138 
f 3138/3138/3138 3139/3139/3139 3139/3139/3139 
f 3139/3139/3139 3140/3140/3140 3139/3139/3139 
f 3139/3139/3139 3140/3140/3140 3141/3141/3141 
f 3140/3140/3140 3142/3142/3142 3141/3141/3141 
f 3141/3141/3141 3142/3142/3142 3142/3142/3142 
f 3142/3142/3142 3143/3143/3143 3142/3142/3142 
f 3142/3142/3142 3143/3143/3143 3143/3143/3143 
f 3143/3143/3143 3144/3144/3144 3143/3143/3143 
f 3143/3143/3143 3144/3144/3144 3145/3145/3145 
f 3144/3144/3144 3146/3146/3146 3145/3145/3145 
f 3145/3145/3145 3146/3146/3146 3146/3146/3146 
f 3146/3146/3146 3147/3147/3147 3146/3146/3146 
f 3146/3146/3146 3147/3147/3147 3147/3147/3147 
f 3147/3147/3147 3148/3148/3148 3147/3147/3147 
f 3147/3147/3147 3148/3148/3148 3149/3149/3149 
f 3148/3148/3148 3150/3150/3150 3149/3149/3149 
f 3149/3149/3149 3150/3150/3150 3150/3150/3150 
f 3150/3150/3150 3148/3148/3148 3150/3150/3150 
f 3150/3150/3150 3148/3148/3148 3151/3151/3151 
f 3148/3148/3148 3152/3152/3152 3151/3151/3151 
f 3151/3151/3151 3152/3152/3152 3152/3152/3152 
f 3152/3152/3152 3148/3148/3148 3152/3152/3152 
f 3152/3152/3152 3148/3148/3148 3153/3153/3153 
f 3148/3148/3148 3154/3154/3154 3153/3153/3153 
f 3153/3153/3153 3154/3154/3154 3154/3154/3154 
f 3154/3154/3154 3148/3148/3148 3154/3154/3154 
f 3154/3154/3154 3148/3148/3148 3155/3155/3155 
f 3148/3148/3148 3156/3156/3156 3155/3155/3155 
f 3155/3155/3155 3156/3156/3156 3156/3156/3156 
f 3156/3156/3156 3148/3148/3148 3156/3156/3156 
f 3156/3156/3156 3148/3148/3148 3157/3157/3157 
f 3148/3148/3148 3158/3158/3158 3157/3157/3157 
f 3157/3157/3157 3158/3158/3158 3158/3158/3158 
f 3158/3158/3158 3159/3159/3159 3158/3158/3158 
f 3158/3158/3158 3159/3159/3159 3159/3159/3159 
f 3159/3159/3159 3160/3160/3160 3159/3159/3159 
f 3159/3159/3159 3160/3160/3160 3161/3161/3161 
f 3160/3160/3160 3162/3162/3162 3161/3161/3161 
f 3161/3161/3161 3162/3162/3162 3162/3162/3162 
f 3162/3162/3162 3160/3160/3160 3162/3162/3162 
f 3162/3162/3162 3160/3160/3160 3163/3163/3163 
f 3160/3160/3160 3164/3164/3164 3163/3163/3163 
f 3163/3163/3163 3164/3164/3164 3164/3164/3164 
f 3164/3164/3164 3160/3160/3160 3164/3164/3164 
f 3164/3164/3164 3160/3160/3160 3165/3165/3165 
f 3160/3160/3160 3166/3166/3166 3165/3165/3165 
f 3165/3165/3165 3166/3166/3166 3166/3166/3166 
f 3166/3166/3166 3160/3160/3160 3166/3166/3166 
f 3166/3166/3166 3160/3160/3160 3167/3167/3167 
f 3160/3160/3160 3168/3168/3168 3167/3167/3167 
f 3167/3167/3167 3168/3168/3168 3168/3168/3168 
f 3168/3168/3168 3160/3160/3160 3168/3168/3168 
f 3168/3168/3168 3160/3160/3160 3169/3169/3169 
f 3160/3160/3160 3170/3170/3170 3169/3169/3169 
f 3169/3169/3169 3170/3170/3170 3170/3170/3170 
f 3170/3170/3170 3171/3171/3171 3170/3170/3170 
f 3170/3170/3170 3171/3171/3171 3171/3171/3171 
f 3171/3171/3171 3172/3172/3172 3171/3171/3171 
f 3171/3171/3171 3172/3172/3172 3173/3173/3173 
f 3172/3172/3172 3174/3174/3174 3173/3173/3173 
f 3173/3173/3173 3174/3174/3174 3175/3175/3175 
f 3174/3174/3174 3176/3176/3176 3175/3175/3175 
f 3175/3175/3175 3176/3176/3176 3177/3177/3177 
f 3176/3176/3176 3178/3178/3178 3177/3177/3177 
f 3177/3177/3177 3178/3178/3178 3179/3179/3179 
f 3178/3178/3178 3180/3180/3180 3179/3179/3179 
f 3179/3179/3179 3180/3180/3180 3181/3181/3181 
f 3180/3180/3180 3182/3182/3182 3181/3181/3181 
f 3181/3181/3181 3182/3182/3182 3183/3183/3183 
f 3182/3182/3182 3184/3184/3184 3183/3183/3183 
f 3183/3183/3183 3184/3184/3184 3185/3185/3185 
f 3184/3184/3184 3186/3186/3186 3185/3185/3185 
f 3185/3185/3185 3186/3186/3186 3187/3187/3187 
f 3186/3186/3186 3188/3188/3188 3187/3187/3187 
f 3187/3187/3187 3188/3188/3188 3189/3189/3189 
f 3188/3188/3188 3190/3190/3190 3189/3189/3189 
f 3189/3189/3189 3190/3190/3190 3191/3191/3191 
f 3190/3190/3190 3192/3192/3192 3191/3191/3191 
f 3191/3191/3191 3192/3192/3192 3193/3193/3193 
f 3192/3192/3192 3194/3194/3194 3193/3193/3193 
f 3193/3193/3193 3194/3194/3194 3195/3195/3195 
f 3194/3194/3194 3196/3196/3196 3195/3195/3195 
f 3195/3195/3195 3196/3196/3196 3196/3196/3196 
f 3196/3196/3196 3172/3172/3172 3196/3196/3196 
f 3196/3196/3196 3172/3172/3172 3172/3172/3172 
f 3172/3172/3172 3197/3197/3197 3172/3172/3172 
f 3172/3172/3172 3197/3197/3197 3174/3174/3174 
f 3197/3197/3197 3198/3198/3198 3174/3174/3174 
f 3174/3174/3174 3198/3198/3198 3176/3176/3176 
f 3198/3198/3198 3199/3199/3199 3176/3176/3176 
f 3176/3176/3176 3199/3199/3199 3178/3178/3178 
f 3199/3199/3199 3200/3200/3200 3178/3178/3178 
f 3178/3178/3178 3200/3200/3200 3180/3180/3180 
f 3200/3200/3200 3201/3201/3201 3180/3180/3180 
f 3180/3180/3180 3201/3201/3201 3182/3182/3182 
f 3201/3201/3201 3202/3202/3202 3182/3182/3182 
f 3182/3182/3182 3202/3202/3202 3184/3184/3184 
f 3202/3202/3202 3203/3203/3203 3184/3184/3184 
f 3184/3184/3184 3203/3203/3203 3186/3186/3186 
f 3203/3203/3203 3204/3204/3204 3186/3186/3186 
f 3186/3186/3186 3204/3204/3204 3188/3188/3188 
f 3204/3204/3204 3205/3205/3205 3188/3188/3188 
f 3188/3188/3188 3205/3205/3205 3190/3190/3190 
f 3205/3205/3205 3206/3206/3206 3190/3190/3190 
f 3190/3190/3190 3206/3206/3206 3192/3192/3192 
f 3206/3206/3206 3207/3207/3207 3192/3192/3192 
f 3192/3192/3192 3207/3207/3207 3194/3194/3194 
f 3207/3207/3207 3208/3208/3208 3194/3194/3194 
f 3194/3194/3194 3208/3208/3208 3196/3196/3196 
f 3208/3208/3208 3209/3209/3209 3196/3196/3196 
f 3196/3196/3196 3209/3209/3209 3209/3209/3209 
f 3209/3209/3209 3210/3210/3210 3209/3209/3209 
f 3209/3209/3209 3210/3210/3210 3210/3210/3210 
f 3210/3210/3210 3211/3211/3211 3210/3210/3210 
f 3210/3210/3210 3211/3211/3211 3212/3212/3212 
f 3211/3211/3211 3213/3213/3213 3212/3212/3212 
f 3212/3212/3212 3213/3213/3213 3213/3213/3213 
f 3213/3213/3213 3214/3214/3214 3213/3213/3213 
f 3213/3213/3213 3214/3214/3214 3214/3214/3214 
f 3214/3214/3214 3215/3215/3215 3214/3214/3214 
f 3214/3214/3214 3215/3215/3215 3216/3216/3216 
f 3215/3215/3215 3217/3217/3217 3216/3216/3216 
f 3216/3216/3216 3217/3217/3217 3217/3217/3217 
f 3217/3217/3217 3218/3218/3218 3217/3217/3217 
f 3217/3217/3217 3218/3218/3218 3218/3218/3218 
f 3218/3218/3218 3219/3219/3219 3218/3218/3218 
f 3218/3218/3218 3219/3219/3219 3220/3220/3220 
f 3219/3219/3219 3221/3221/3221 3220/3220/3220 
f 3220/3220/3220 3221/3221/3221 3221/3221/3221 
f 3221/3221/3221 3222/3222/3222 3221/3221/3221 
f 3221/3221/3221 3222/3222/3222 3222/3222/3222 
f 3222/3222/3222 3223/3223/3223 3222/3222/3222 
f 3222/3222/3222 3223/3223/3223 3224/3224/3224 
f 3223/3223/3223 3225/3225/3225 3224/3224/3224 
f 3224/3224/3224 3225/3225/3225 3225/3225/3225 
f 3225/3225/3225 3226/3226/3226 3225/3225/3225 
f 3225/3225/3225 3226/3226/3226 3226/3226/3226 
f 3226/3226/3226 3227/3227/3227 3226/3226/3226 
f 3226/3226/3226 3227/3227/3227 3228/3228/3228 
f 3227/3227/3227 3229/3229/3229 3228/3228/3228 
f 3228/3228/3228 3229/3229/3229 3230/3230/3230 
f 3229/3229/3229 3230/3230/3230 3230/3230/3230 
f 3230/3230/3230 3230/3230/3230 3230/3230/3230 
f 3230/3230/3230 3231/3231/3231 3230/3230/3230 
f 3230/3230/3230 3231/3231/3231 3228/3228/3228 
f 3231/3231/3231 3232/3232/3232 3228/3228/3228 
f 3228/3228/3228 3232/3232/3232 3233/3233/3233 
f 3232/3232/3232 3233/3233/3233 3233/3233/3233 
f 3233/3233/3233 3233/3233/3233 3233/3233/3233 
f 3233/3233/3233 3234/3234/3234 3233/3233/3233 
f 3233/3233/3233 3234/3234/3234 3228/3228/3228 
f 3234/3234/3234 3235/3235/3235 3228/3228/3228 
f 3228/3228/3228 3235/3235/3235 3236/3236/3236 
f 3235/3235/3235 3236/3236/3236 3236/3236/3236 
f 3236/3236/3236 3236/3236/3236 3237/3237/3237 
f 3236/3236/3236 3237/3237/3237 3237/3237/3237 
f 3237/3237/3237 3237/3237/3237 3237/3237/3237 
f 3237/3237/3237 3238/3238/3238 3237/3237/3237 
f 3237/3237/3237 3238/3238/3238 3239/3239/3239 
f 3238/3238/3238 3240/3240/3240 3239/3239/3239 
f 3239/3239/3239 3240/3240/3240 3240/3240/3240 
f 3240/3240/3240 3241/3241/3241 3240/3240/3240 
f 3240/3240/3240 3241/3241/3241 3241/3241/3241 
f 3241/3241/3241 3242/3242/3242 3241/3241/3241 
f 3241/3241/3241 3242/3242/3242 3243/3243/3243 
f 3242/3242/3242 3244/3244/3244 3243/3243/3243 
f 3243/3243/3243 3244/3244/3244 3244/3244/3244 
f 3244/3244/3244 3245/3245/3245 3244/3244/3244 
f 3244/3244/3244 3245/3245/3245 3245/3245/3245 
f 3245/3245/3245 3246/3246/3246 3245/3245/3245 
f 3245/3245/3245 3246/3246/3246 3247/3247/3247 
f 3246/3246/3246 3248/3248/3248 3247/3247/3247 
f 104/104/104 3249/3249/3249 106/106/106 
f 3250/3250/3250 3251/3251/3251 3252/3252/3252 
f 3253/3253/3253 3254/3254/3254 3255/3255/3255 
f 3256/3256/3256 3257/3257/3257 3258/3258/3258 
f 2542/2542/2542 2550/2550/2550 3259/3259/3259 
f 553/553/553 561/561/561 3260/3260/3260 
f 3228/3228/3228 3236/3236/3236 3261/3261/3261 
f 251/251/251 259/259/259 3262/3262/3262 
f 863/863/863 871/871/871 3263/3263/3263 
f 1520/1520/1520 1528/1528/1528 3264/3264/3264 
f 2175/2175/2175 2183/2183/2183 3265/3265/3265 
f 2664/2664/2664 2672/2672/2672 3266/3266/3266 
f 385/385/385 393/393/393 3267/3267/3267 
f 695/695/695 703/703/703 3268/3268/3268 
f 1070/1070/1070 1078/1078/1078 3269/3269/3269 
f 1688/1688/1688 1696/1696/1696 3270/3270/3270 
f 2001/2001/2001 2009/2009/2009 3271/3271/3271 
f 2322/2322/2322 2330/2330/2330 3272/3272/3272 
f 2956/2956/2956 2964/2964/2964 3273/3273/3273 
f 2679/2679/2679 2687/2687/2687 3274/3274/3274 
f 2971/2971/2971 2979/2979/2979 3275/3275/3275 
f 400/400/400 408/408/408 3276/3276/3276 
f 706/706/706 714/714/714 3277/3277/3277 
f 878/878/878 886/886/886 3278/3278/3278 
f 1081/1081/1081 1089/1089/1089 3279/3279/3279 
f 1259/1259/1259 1267/1267/1267 3280/3280/3280 
f 1570/1570/1570 1578/1578/1578 3281/3281/3281 
f 1703/1703/1703 1711/1711/1711 3282/3282/3282 
f 1891/1891/1891 1899/1899/1899 3283/3283/3283 
f 2186/2186/2186 2194/2194/2194 3284/3284/3284 
f 2376/2376/2376 2384/2384/2384 3285/3285/3285 

